region,city,,,district,state,latitude,longitude
Punjab,SWAI SINGH WALA,,,Patiala,Punjab,30.2204,76.4964
Punjab,BINJAL,,,Patiala,Punjab,30.1407,76.6146
Punjab,Smalsar,,,Moga,Punjab,30.6389875,74.9985706
Punjab,Golewala,,,Faridkot,Punjab,30.790411,74.699154
Punjab,BALION BO,,,Ludhiana,Punjab,30.8607,76.1863
Punjab,BHANRA BO,,,Patiala,Punjab,30.2549,76.2993
Punjab,JANDOLI BO,,,Patiala,Punjab,30.483997,76.593948
Delhi NCR,NDC Ghaziabad,,,Ghaziabad,Uttar Pradesh,28.6556,77.4277
Punjab,GHUMNEWAL,,,Ludhiana,Punjab,30.907711,75.650964
Punjab,Sadhanwala,,,Faridkot,Punjab,30.814291,74.638555
Punjab,BHATTIAN SO,,,Ludhiana,Punjab,30.5725,75.4938
Punjab,Sunny Enclave S.O.,,,S.A.S Nagar,Punjab,30.7585,76.66
Punjab,Guru Teg Bahadur Garh,,,Moga,Punjab,30.81337,75.175565
Punjab,KHALWARA BO,,,Kapurthala,Punjab,31.234523,75.802894
Delhi NCR,Pallavpuram,,,Meerut,Uttar Pradesh,29.053945,77.715953
Delhi NCR,Fatehpur Beri,,,South,Delhi,28.50842,77.20918
Delhi NCR,Mundela Kalan,,,South West,Delhi,28.609773,76.893434
Delhi NCR,Mundka SO,,,West,Delhi,28.682314,77.034937
Delhi NCR,Matiala,,,West,Delhi,28.609409,77.054325
Delhi NCR,Bakkarwala,,,West,Delhi,28.666501,77.016371
Delhi NCR,Hirankudna,,,West,Delhi,28.673136,76.998405
Delhi NCR,Mundka,,,West,Delhi,28.682314,77.034937
Delhi NCR,Peeragarhi,,,West,Delhi,28.679745,77.092689
Delhi NCR,Nilothi,,,West,Delhi,28.651181,77.059325
Delhi NCR,Tikri Kalan,,,West,Delhi,28.682346,76.967187
Delhi NCR,Jawala Heri,,,West,Delhi,28.668712,77.102909
Delhi NCR,Ghuman Hera,,,South West,Delhi,28.531999,76.923973
Delhi NCR,Khera Dabur,,,South West,Delhi,28.5838,76.936906
Delhi NCR,Hastal Village,,,West,Delhi,28.637713,77.049026
Delhi NCR,Jeevan Park,,,West,Delhi,28.616933,77.071833
Delhi NCR,Nangloi   II,,,West,Delhi,28.682407,77.064631
Delhi NCR,Ranhola,,,West,Delhi,28.656128,77.040683
Delhi NCR,Neelwal BO,,,West,Delhi,28.666378,76.979654
Delhi NCR,Zainabad BO,,,Rewari,Haryana,28.295395,76.383798
Delhi NCR,Lohana BO,,,Rewari,Haryana,28.295395,76.383798
Delhi NCR,Jakhala BO,,,Rewari,Haryana,28.359814,76.53526
Delhi NCR,Dhawana BO,,,Rewari,Haryana,28.196945,76.397606
Delhi NCR,Khaleta BO,,,Rewari,Haryana,28.196945,76.397606
Delhi NCR,Mandola BO,,,Rewari,Haryana,28.196945,76.397606
Delhi NCR,Bhatsana BO,,,Rewari,Haryana,28.231413,76.801381
Delhi NCR,Dungerwas BO,,,Rewari,Haryana,28.231413,76.801381
Delhi NCR,Maheshwari BO,,,Rewari,Haryana,28.231413,76.801381
Delhi NCR,Raliawas BO,,,Rewari,Haryana,28.231413,76.801381
Delhi NCR,Gugodh BO,,,Rewari,Haryana,28.399192,76.483651
Delhi NCR,Juddi BO,,,Rewari,Haryana,28.399192,76.483651
Delhi NCR,Mayan BO,,,Rewari,Haryana,28.196945,76.397606
Delhi NCR,Basbatori BO,,,Rewari,Haryana,28.201261,76.485949
Delhi NCR,Bhotwas Ahir BO,,,Rewari,Haryana,28.201261,76.485949
Delhi NCR,Mamaria Ahir BO,,,Rewari,Haryana,28.201261,76.485949
Delhi NCR,Pithrawas BO,,,Rewari,Haryana,28.201261,76.485949
Delhi NCR,Tint BO,,,Rewari,Haryana,28.201261,76.485949
Delhi NCR,Bhakli BO,,,Rewari,Haryana,28.399192,76.483651
Delhi NCR,Masani BO,,,Rewari,Haryana,28.231413,76.801381
Delhi NCR,Rattanthal BO,,,Rewari,Haryana,28.359814,76.53526
Delhi NCR,Balwari BO,,,Rewari,Haryana,28.196945,76.397606
Delhi NCR,Punsika BO,,,Rewari,Haryana,28.201261,76.485949
Delhi NCR,Burthala BO,,,Rewari,Haryana,28.399192,76.483651
Delhi NCR,Jhal BO,,,Rewari,Haryana,28.399192,76.483651
Delhi NCR,Shyam Nagar BO,,,Rewari,Haryana,28.399192,76.483651
Delhi NCR,Badhrana BO,,,Rewari,Haryana,28.097334,76.515583
Delhi NCR,Rajgarh BO,,,Rewari,Haryana,28.097334,76.515583
Delhi NCR,Tankri BO,,,Rewari,Haryana,28.097334,76.515583
Delhi NCR,Kharkhara BO,,,Rewari,Haryana,28.231413,76.801381
Delhi NCR,Nand Rampurbass BO,,,Rewari,Haryana,28.231413,76.801381
Delhi NCR,Karnawas BO,,,Rewari,Haryana,28.399192,76.483651
Delhi NCR,Kosli R S BO,,,Rewari,Haryana,28.399192,76.483651
Delhi NCR,Lula Ahir BO,,,Rewari,Haryana,28.399192,76.483651
Delhi NCR,Sadat Nagar BO,,,Rewari,Haryana,28.399192,76.483651
Delhi NCR,Baghot BO,,,Mahendragarh,Haryana,28.336368,76.306545
Delhi NCR,Dhanaunda BO,,,Mahendragarh,Haryana,28.336368,76.306545
Delhi NCR,Kakrola BO,,,Mahendragarh,Haryana,28.336368,76.306545
Delhi NCR,Nautana BO,,,Mahendragarh,Haryana,28.336368,76.306545
Delhi NCR,Sihore BO,,,Mahendragarh,Haryana,28.336368,76.306545
Delhi NCR,Kheri BO,,,Mahendragarh,Haryana,28.336368,76.306545
Delhi NCR,Kotia BO,,,Mahendragarh,Haryana,28.336368,76.306545
Delhi NCR,Sehlong BO,,,Mahendragarh,Haryana,28.336368,76.306545
Delhi NCR,Siana BO,,,Mahendragarh,Haryana,28.336368,76.306545
Delhi NCR,Gurha BO,,,Mahendragarh,Haryana,28.336368,76.306545
Delhi NCR,Kanina Mandi BO,,,Mahendragarh,Haryana,28.336368,76.306545
Delhi NCR,Bharaf BO,,,Mahendragarh,Haryana,28.336368,76.306545
Delhi NCR,Chitrauli BO,,,Mahendragarh,Haryana,28.336368,76.306545
Delhi NCR,Pota BO,,,Mahendragarh,Haryana,28.336368,76.306545
Delhi NCR,Rambas BO,,,Mahendragarh,Haryana,28.336368,76.306545
Delhi NCR,Rasoolpur BO,,,Mahendragarh,Haryana,28.336368,76.306545
Delhi NCR,Kakrana BO,,,Rohtak,Haryana,28.605585,76.620026
Delhi NCR,Sundana BO,,,Rohtak,Haryana,28.605585,76.620026
Delhi NCR,Khairari BO,,,Rohtak,Haryana,28.605585,76.620026
Delhi NCR,Nigana BO,,,Rohtak,Haryana,28.605585,76.620026
Delhi NCR,Sampel BO,,,Rohtak,Haryana,28.605585,76.620026
Delhi NCR,Saman BO,,,Rohtak,Haryana,28.405859,76.215935
Delhi NCR,Sisarkhas BO,,,Rohtak,Haryana,28.735904,76.620026
Delhi NCR,Bhaini Maharajpur BO,,,Rohtak,Haryana,28.735904,76.620026
Delhi NCR,Basana BO,,,Rohtak,Haryana,28.671593,76.748085
Delhi NCR,Bahu Akbarpur BO,,,Rohtak,Haryana,28.671593,76.748085
Delhi NCR,Baland BO,,,Rohtak,Haryana,28.735904,76.748085
Delhi NCR,Bhali Anandpur BO,,,Rohtak,Haryana,28.231475,75.748085
Delhi NCR,Marodi Jatan BO,,,Rohtak,Haryana,28.681179,76.510506
Delhi NCR,Kahni BO,,,Rohtak,Haryana,28.681179,76.510506
Delhi NCR,Chandi BO,,,Rohtak,Haryana,28.735904,76.510506
Delhi NCR,Chiri BO,,,Rohtak,Haryana,28.735904,76.510506
Delhi NCR,Gharauthi BO,,,Rohtak,Haryana,28.735904,76.510506
Delhi NCR,Gugaheri BO,,,Rohtak,Haryana,28.634988,76.823959
Delhi NCR,Kharkhara BO,,,Rohtak,Haryana,28.735904,76.510506
Delhi NCR,Farmana BO,,,Rohtak,Haryana,28.462938,76.614876
Delhi NCR,Khidwali BO,,,Rohtak,Haryana,28.681179,76.510506
Delhi NCR,Rithal BO,,,Rohtak,Haryana,28.681179,76.510506
Delhi NCR,Basantpur BO,,,Rohtak,Haryana,28.681179,76.510506
Delhi NCR,Jassia BO,,,Rohtak,Haryana,28.681179,76.510506
Delhi NCR,Basduda BO,,,Rewari,Haryana,28.145891,76.394749
Delhi NCR,Nangal Jamalpur BO,,,Rewari,Haryana,28.145891,76.394749
Delhi NCR,Pali BO,,,Rewari,Haryana,28.145891,76.394749
Delhi NCR,Bisowa BO,,,Rewari,Haryana,28.409434,76.397007
Delhi NCR,Lilodh BO,,,Rewari,Haryana,28.409434,76.397007
Delhi NCR,Nayagaon BO,,,Rewari,Haryana,28.409434,76.397007
Delhi NCR,Guraora BO,,,Rewari,Haryana,28.356184,76.623774
Delhi NCR,Rohrai BO,,,Rewari,Haryana,28.202722,76.616953
Delhi NCR,Sulkha BO,,,Rewari,Haryana,28.202722,76.616953
Delhi NCR,Rathdhana BO,,,Sonipat,Haryana,29.01,76.96
Delhi NCR,Delhi Road BO,,,Sonipat,Haryana,29.01,76.96
Delhi NCR,Lehrara BO,,,Sonipat,Haryana,29.01,76.96
Delhi NCR,Shapur Turk BO,,,Sonipat,Haryana,29.01,76.96
Delhi NCR,Tharuoldepur BO,,,Sonipat,Haryana,29.01,76.96
Delhi NCR,Barwasni BO,,,Sonipat,Haryana,29.01,76.96
Delhi NCR,RATTANGARH,,,Sonipat,Haryana,28.99,77.01
Delhi NCR,Qumaspur BO,,,Sonipat,Haryana,28.96,77.08
Delhi NCR,Mehlana BO,,,Sonipat,Haryana,29.01,76.96
Delhi NCR,Harsana Kalan BO,,,Sonipat,Haryana,29.01,76.96
Delhi NCR,Garnauthi BO,,,Rohtak,Haryana,28.735904,76.510506
Delhi NCR,Bakheta BO,,,Rohtak,Haryana,28.605585,76.620026
Delhi NCR,Morekheri BO,,,Rohtak,Haryana,28.735904,76.510506
Delhi NCR,Bhagwatipur BO,,,Rohtak,Haryana,28.735904,76.510506
Delhi NCR,Kharainti BO,,,Rohtak,Haryana,28.626682,76.599426
Delhi NCR,Nidana BO,,,Rohtak,Haryana,28.735904,76.510506
Delhi NCR,Samargopalpur BO,,,Rohtak,Haryana,28.735904,76.510506
Delhi NCR,Sunderpur BO,,,Rohtak,Haryana,28.503525,76.599255
Delhi NCR,Bharan BO,,,Rohtak,Haryana,28.735904,76.510506
Delhi NCR,Behlba BO,,,Rohtak,Haryana,28.576344,76.350517
Delhi NCR,Bhaini Bharon BO,,,Rohtak,Haryana,28.576344,76.350517
Delhi NCR,Bhaini Surjan BO,,,Rohtak,Haryana,28.576344,76.350517
Delhi NCR,Karontha BO,,,Rohtak,Haryana,28.732798,76.902704
Delhi NCR,Dobh BO,,,Rohtak,Haryana,28.735839,76.746278
Delhi NCR,Jindran BO,,,Rohtak,Haryana,28.681179,76.510506
Delhi NCR,Chamanpura BO,,,Jhajjar,Haryana,28.759966,76.931763
Delhi NCR,Mehrana BO,,,Jhajjar,Haryana,28.759966,76.931763
Delhi NCR,Gawalison BO,,,Jhajjar,Haryana,28.728528,76.554108
Delhi NCR,Jondhi BO,,,Jhajjar,Haryana,28.728528,76.554108
Delhi NCR,Talao BO,,,Jhajjar,Haryana,28.626682,76.599426
Delhi NCR,Chimni BO,,,Jhajjar,Haryana,28.641146,76.639252
Delhi NCR,Birohar BO,,,Jhajjar,Haryana,28.735904,76.510506
Delhi NCR,Jharli BO,,,Jhajjar,Haryana,28.735904,76.510506
Delhi NCR,Marot BO,,,Jhajjar,Haryana,28.735904,76.510506
Delhi NCR,Jahangirpur BO,,,Jhajjar,Haryana,28.735904,76.510506
Delhi NCR,Kheri Asra BO,,,Jhajjar,Haryana,28.671593,76.748085
Delhi NCR,Ladain BO,,,Jhajjar,Haryana,28.681179,76.510506
Delhi NCR,Madana Kalan BO,,,Jhajjar,Haryana,28.759966,76.931763
Delhi NCR,Seria BO,,,Jhajjar,Haryana,28.728528,76.931763
Delhi NCR,Dadanpur BO,,,Jhajjar,Haryana,28.671593,76.748085
Delhi NCR,Dawla Raiya BO,,,Jhajjar,Haryana,28.634988,76.823959
Delhi NCR,Gurukul Jhajjar BO,,,Jhajjar,Haryana,28.728528,76.554108
Delhi NCR,Khatiwas BO,,,Jhajjar,Haryana,28.552824,76.554108
Delhi NCR,Sulodha BO,,,Jhajjar,Haryana,28.641146,76.639252
Delhi NCR,Utlodha BO,,,Jhajjar,Haryana,28.632709,76.694183
Delhi NCR,Karodha BO,,,Jhajjar,Haryana,28.671593,76.748085
Delhi NCR,Dharana BO,,,Jhajjar,Haryana,28.605585,76.620026
Delhi NCR,Ahri BO,,,Jhajjar,Haryana,28.735904,76.510506
Delhi NCR,Lohari BO,,,Jhajjar,Haryana,28.735904,76.510506
Delhi NCR,Pataudah BO,,,Jhajjar,Haryana,28.735904,76.510506
Delhi NCR,Chhuchhakwas BO,,,Jhajjar,Haryana,28.735904,76.510506
Delhi NCR,Khachrauli BO,,,Jhajjar,Haryana,28.735904,76.510506
Delhi NCR,Mundsa BO,,,Jhajjar,Haryana,28.735904,76.510506
Delhi NCR,Jnv Kiloi BO,,,Jhajjar,Haryana,28.671593,76.748085
Delhi NCR,Kablana BO,,,Jhajjar,Haryana,28.735904,76.510506
Delhi NCR,Birar BO,,,Jhajjar,Haryana,28.671593,76.748085
Delhi NCR,Mundahera BO,,,Jhajjar,Haryana,28.671593,76.902704
Delhi NCR,Behali BO,,,Mahendragarh,Haryana,28.100932,76.253154
Delhi NCR,Dulat Jat BO,,,Mahendragarh,Haryana,28.100932,76.253154
Delhi NCR,Sarai Bahadur BO,,,Mahendragarh,Haryana,28.100932,76.253154
Delhi NCR,Basai BO,,,Mahendragarh,Haryana,28.25814,76.139164
Delhi NCR,Beri BO,,,Mahendragarh,Haryana,28.25814,76.139164
Delhi NCR,Dehlawas Gulabpur BO,,,Rewari,Haryana,28.202722,76.616953
Delhi NCR,Musepur BO,,,Rewari,Haryana,28.202722,76.616953
Delhi NCR,Gokalgarh BO,,,Rewari,Haryana,28.202722,76.616953
Delhi NCR,Akera BO,,,Rewari,Haryana,28.231413,76.801381
Delhi NCR,Dulot Ahir BO,,,Mahendragarh,Haryana,28.25814,76.139164
Delhi NCR,Khatod BO,,,Mahendragarh,Haryana,28.2653333,76.1439444
Delhi NCR,Khudana BO,,,Mahendragarh,Haryana,28.2653333,76.1439444
Delhi NCR,Palri Panihara BO,,,Mahendragarh,Haryana,28.25814,76.139164
Delhi NCR,Dholera BO,,,Mahendragarh,Haryana,27.892541,76.110493
Delhi NCR,Nagal Nunia BO,,,Mahendragarh,Haryana,27.892541,76.110493
Delhi NCR,Sirohi Behali BO,,,Mahendragarh,Haryana,27.892541,76.110493
Delhi NCR,Barda BO,,,Mahendragarh,Haryana,28.378752,75.96466
Delhi NCR,Digrota BO,,,Mahendragarh,Haryana,28.378752,75.96466
Delhi NCR,Nangalmala BO,,,Mahendragarh,Haryana,28.378752,75.96466
Delhi NCR,Nangla BO,,,Mahendragarh,Haryana,28.378752,75.96466
Delhi NCR,Bachhod BO,,,Mahendragarh,Haryana,28.100932,76.253154
Delhi NCR,Bewal BO,,,Mahendragarh,Haryana,28.100932,76.253154
Delhi NCR,Dongra Ahir BO,,,Mahendragarh,Haryana,28.100932,76.253154
Delhi NCR,Rattan Kalan BO,,,Mahendragarh,Haryana,28.100932,76.253154
Delhi NCR,Buddin BO,,,Mahendragarh,Haryana,28.25814,76.139164
Delhi NCR,Dadri Toe BO,,,Jhajjar,Haryana,28.671593,76.437206
Delhi NCR,Gudha BO,,,Jhajjar,Haryana,28.728528,76.554108
Delhi NCR,Hasanpur BO,,,Jhajjar,Haryana,28.728528,76.931763
Delhi NCR,Jahazgarh BO,,,Jhajjar,Haryana,28.728528,76.554108
Delhi NCR,Kheri Kumar BO,,,Jhajjar,Haryana,28.641146,76.639252
Delhi NCR,MPMajra BO,,,Jhajjar,Haryana,28.632709,76.694183
Delhi NCR,Palra BO,,,Jhajjar,Haryana,28.641146,76.639252
Delhi NCR,Silani BO,,,Jhajjar,Haryana,28.626682,76.599426
Delhi NCR,Yakubpur BO,,,Jhajjar,Haryana,28.641146,76.639252
Delhi NCR,Bhatera BO,,,Jhajjar,Haryana,28.735904,76.510506
Delhi NCR,Chhappar BO,,,Jhajjar,Haryana,28.735904,76.510506
Delhi NCR,Kahri BO,,,Jhajjar,Haryana,28.735904,76.510506
Delhi NCR,Khudan BO,,,Jhajjar,Haryana,28.735904,76.510506
Delhi NCR,Nogawan BO,,,Jhajjar,Haryana,28.735904,76.510506
Delhi NCR,Sasroli BO,,,Jhajjar,Haryana,28.735904,76.510506
Delhi NCR,Sehlenga BO,,,Jhajjar,Haryana,28.405859,76.215935
Delhi NCR,Ukhal Channa BO,,,Jhajjar,Haryana,28.681179,76.748085
Delhi NCR,Surha BO,,,Jhajjar,Haryana,28.735904,76.748085
Delhi NCR,Akheri Madanpur BO,,,Jhajjar,Haryana,28.671593,76.748085
Delhi NCR,Bhurawas BO,,,Jhajjar,Haryana,28.671593,76.748085
Delhi NCR,Jhanswa Kalan BO,,,Jhajjar,Haryana,28.671593,76.748085
Delhi NCR,Nilaheri BO,,,Jhajjar,Haryana,28.671593,76.748085
Delhi NCR,Silana BO,,,Jhajjar,Haryana,28.641146,76.568184
Delhi NCR,Achhej BO,,,Jhajjar,Haryana,28.735904,76.510506
Delhi NCR,Bajidpur Tappa Haveli BO,,,Jhajjar,Haryana,28.781163,76.748085
Delhi NCR,Bhadani BO,,,Jhajjar,Haryana,28.735904,76.510506
Delhi NCR,Khungai BO,,,Jhajjar,Haryana,28.681179,76.620026
Delhi NCR,Katesra BO,,,Rohtak,Haryana,28.54651,76.683197
Delhi NCR,Assan BO,,,Rohtak,Haryana,28.605585,76.620026
Delhi NCR,Humayunpur BO,,,Rohtak,Haryana,28.735904,76.510506
Delhi NCR,Bainsi BO,,,Rohtak,Haryana,28.735904,76.510506
Delhi NCR,Nandal BO,,,Rohtak,Haryana,28.648679,76.532478
Delhi NCR,Titauli BO,,,Rohtak,Haryana,28.735904,76.510506
Delhi NCR,Singhpura Kalan BO,,,Rohtak,Haryana,28.735904,76.510506
Delhi NCR,Ajaib BO,,,Rohtak,Haryana,28.681179,76.510506
Delhi NCR,Girawar BO,,,Rohtak,Haryana,28.735904,76.510506
Delhi NCR,Bhaini Chanderpal BO,,,Rohtak,Haryana,28.735904,76.510506
Delhi NCR,Gaddi Kheri BO,,,Rohtak,Haryana,28.731528,76.741458
Delhi NCR,Sunari Kalan BO,,,Rohtak,Haryana,28.733712,76.907102
Delhi NCR,Ghillaur Kalan BO,,,Rohtak,Haryana,28.681179,76.510506
Delhi NCR,Chamaria BO,,,Rohtak,Haryana,28.490702,76.515484
Delhi NCR,Mohana BO,,,Sonipat,Haryana,29.01,76.96
Delhi NCR,Baroli BO,,,Sonipat,Haryana,28.96,77.08
Delhi NCR,Khewra BO,,,Sonipat,Haryana,28.96,77.08
Delhi NCR,Banwasa BO,,,Sonipat,Haryana,29.14,77.04
Delhi NCR,Dhanana Ahladpur BO,,,Sonipat,Haryana,29.14,77.04
Delhi NCR,Sandal Kalan BO,,,Sonipat,Haryana,29.01,76.96
Delhi NCR,Kakroi BO,,,Sonipat,Haryana,29.01,76.96
Delhi NCR,Bayanpur BO,,,Sonipat,Haryana,29.01,76.96
Delhi NCR,Rishikul Vidyapeeth BO,,,Sonipat,Haryana,29.01,76.96
Delhi NCR,FAZILPUR,,,Sonipat,Haryana,28.99,77.01
Delhi NCR,Deepalpur BO,,,Sonipat,Haryana,28.96,77.08
Delhi NCR,C R Mgrh BO,,,Mahendragarh,Haryana,28.25814,76.139164
Delhi NCR,Surethi BO,,,Rewari,Haryana,28.399192,76.483651
Delhi NCR,Tumna BO,,,Rewari,Haryana,28.399192,76.483651
Delhi NCR,Jholri BO,,,Rewari,Haryana,28.409434,76.397007
Delhi NCR,Karoli BO,,,Rewari,Haryana,28.409434,76.397007
Delhi NCR,Asiaki Gorawas BO,,,Rewari,Haryana,28.356184,76.623774
Delhi NCR,Karawara BO,,,Rewari,Haryana,28.356184,76.623774
Delhi NCR,Bikaner BO,,,Rewari,Haryana,28.202722,76.616953
Delhi NCR,Mohanpur BO,,,Rewari,Haryana,28.202722,76.616953
Delhi NCR,Budhpur BO,,,Rewari,Haryana,28.202722,76.616953
Delhi NCR,Nangli Godha BO,,,Rewari,Haryana,28.202722,76.616953
Delhi NCR,Nangal Pathani BO,,,Rewari,Haryana,28.399192,76.483651
Delhi NCR,Ahrod BO,,,Rewari,Haryana,28.145891,76.394749
Delhi NCR,Dhadhot BO,,,Mahendragarh,Haryana,28.25814,76.139164
Delhi NCR,Dulana BO,,,Mahendragarh,Haryana,28.25814,76.139164
Delhi NCR,Kurawata BO,,,Mahendragarh,Haryana,28.2653333,76.1439444
Delhi NCR,Lawan BO,,,Mahendragarh,Haryana,28.2653333,76.1439444
Delhi NCR,Mandola BO,,,Mahendragarh,Haryana,28.25814,76.139164
Delhi NCR,Chhapra BO,,,Sonipat,Haryana,29.14,77.04
Delhi NCR,Nangal Dargu BO,,,Mahendragarh,Haryana,27.892541,76.110493
Delhi NCR,Niamatpur BO,,,Mahendragarh,Haryana,27.892541,76.110493
Delhi NCR,Sareli BO,,,Mahendragarh,Haryana,27.892541,76.110493
Delhi NCR,Dalanwas BO,,,Mahendragarh,Haryana,28.378752,75.96466
Delhi NCR,Madhogarh BO,,,Mahendragarh,Haryana,28.378752,75.96466
Delhi NCR,Nawan BO,,,Mahendragarh,Haryana,28.378752,75.96466
Delhi NCR,Bhocharia BO,,,Mahendragarh,Haryana,28.100932,76.253154
Delhi NCR,Garhi BO,,,Mahendragarh,Haryana,28.100932,76.253154
Delhi NCR,Gokalpur BO,,,Mahendragarh,Haryana,28.100932,76.253154
Delhi NCR,Tajpur BO,,,Mahendragarh,Haryana,28.100932,76.253154
Delhi NCR,Akoda BO,,,Mahendragarh,Haryana,28.25814,76.139164
Delhi NCR,Bawana BO,,,Mahendragarh,Haryana,28.25814,76.139164
Delhi NCR,Jhook BO,,,Mahendragarh,Haryana,28.25814,76.139164
Delhi NCR,Pali BO,,,Mahendragarh,Haryana,28.25814,76.139164
Delhi NCR,Bayal BO,,,Mahendragarh,Haryana,27.892541,76.110493
Delhi NCR,Budhwal BO,,,Mahendragarh,Haryana,27.892541,76.110493
Delhi NCR,Golwa BO,,,Mahendragarh,Haryana,27.892541,76.110493
Delhi NCR,Thanwas BO,,,Mahendragarh,Haryana,27.892541,76.110493
Delhi NCR,Kothal Khurd BO,,,Mahendragarh,Haryana,28.191762,76.130587
Delhi NCR,Sehma BO,,,Mahendragarh,Haryana,28.191762,76.130587
Delhi NCR,Jarwa BO,,,Mahendragarh,Haryana,28.378752,75.96466
Delhi NCR,Shyampura BO,,,Mahendragarh,Haryana,28.378752,75.96466
Delhi NCR,Ganiar BO,,,Mahendragarh,Haryana,28.100932,76.253154
Delhi NCR,Gujarwas BO,,,Mahendragarh,Haryana,28.100932,76.253154
Delhi NCR,Kanti BO,,,Mahendragarh,Haryana,28.100932,76.253154
Delhi NCR,Kanti Kheri BO,,,Mahendragarh,Haryana,28.100932,76.253154
Delhi NCR,Nimbi BO,,,Mahendragarh,Haryana,28.25814,76.139164
Delhi NCR,Akbarpur BO,,,Mahendragarh,Haryana,27.892541,76.110493
Delhi NCR,Bhungerka BO,,,Mahendragarh,Haryana,27.892541,76.110493
Delhi NCR,Bairawas BO,,,Mahendragarh,Haryana,28.191762,76.130587
Delhi NCR,Daroli Ahir BO,,,Mahendragarh,Haryana,28.191762,76.130587
Delhi NCR,Nihalawas BO,,,Mahendragarh,Haryana,28.191762,76.130587
Delhi NCR,Sureti Kalan BO,,,Mahendragarh,Haryana,28.378752,75.96466
Delhi NCR,Bawwa BO,,,Rewari,Haryana,28.409434,76.397007
Delhi NCR,Jharoda BO,,,Rewari,Haryana,28.409434,76.397007
Delhi NCR,Kohrar BO,,,Rewari,Haryana,28.409434,76.397007
Delhi NCR,Lookhi BO,,,Rewari,Haryana,28.409434,76.397007
Delhi NCR,Kannaura BO,,,Rewari,Haryana,28.356184,76.623774
Delhi NCR,Majra Gurdas BO,,,Rewari,Haryana,28.202722,76.616953
Delhi NCR,Khandora BO,,,Rewari,Haryana,28.202722,76.616953
Delhi NCR,Majra Sheoraj BO,,,Rewari,Haryana,28.202722,76.616953
Delhi NCR,Chita Dungra BO,,,Rewari,Haryana,28.145891,76.394749
Delhi NCR,Gothra BO,,,Rewari,Haryana,28.145891,76.394749
Delhi NCR,Kolana BO,,,Rewari,Haryana,28.145891,76.394749
Delhi NCR,Nehrugarh BO,,,Rewari,Haryana,28.409434,76.397007
Delhi NCR,Saharanwas BO,,,Rewari,Haryana,28.202722,76.616953
Delhi NCR,Bithwana BO,,,Rewari,Haryana,28.202722,76.616953
Delhi NCR,Boria Kamalpur BO,,,Rewari,Haryana,28.202722,76.616953
Delhi NCR,Mastapur BO,,,Rewari,Haryana,28.202722,76.616953
Delhi NCR,Sangwari BO,,,Rewari,Haryana,28.202722,76.616953
Delhi NCR,Bharawas BO,,,Rewari,Haryana,28.202722,76.616953
Delhi NCR,Karnawas BO,,,Rewari,Haryana,28.202722,76.616953
Delhi NCR,Mohdinpur BO,,,Rewari,Haryana,28.202722,76.616953
Delhi NCR,Ujhana,,,Jind,Haryana,29.5902777,76.1099166
Delhi NCR,Sulhera,,,Jind,Haryana,29.5902777,76.1099166
Delhi NCR,Dayalpur BO,,,North East,Delhi,28.69225,77.3042222
Delhi NCR,Khajoori Khas BO,,,North East,Delhi,28.69225,77.3042222
Delhi NCR,Baroli,,,Jind,Haryana,29.5902777,76.1099166
Delhi NCR,Bishanpura,,,Jind,Haryana,29.5902777,76.1099166
Delhi NCR,Mangalpur,,,Jind,Haryana,29.5902777,76.1099166
Delhi NCR,Sachha Khera,,,Jind,Haryana,29.5902777,76.1099166
Delhi NCR,Sainthali,,,Jind,Haryana,29.5902777,76.1099166
Delhi NCR,HARI SINGH PUNDRI,,,Karnal,Haryana,29.5902777,76.1099166
Delhi NCR,Khora Kheri,,,Karnal,Haryana,29.5902777,76.1099166
Delhi NCR,Bajida Jattan,,,Karnal,Haryana,29.3959722,76.9606388
Delhi NCR,Barauta,,,Karnal,Haryana,29.6874444,76.9906666
Delhi NCR,Beejna,,,Karnal,Haryana,29.6874444,76.9906666
Delhi NCR,Aibla,,,Karnal,Haryana,29.3959722,76.9606388
Delhi NCR,Achhanpur,,,Karnal,Haryana,29.3959722,76.9606388
Delhi NCR,Agongh,,,Karnal,Haryana,29.3959722,76.9606388
Delhi NCR,Amupur,,,Karnal,Haryana,29.3959722,76.9606388
Delhi NCR,Bastali,,,Karnal,Haryana,29.3959722,76.9606388
Delhi NCR,Bara Gaon,,,Karnal,Haryana,29.6874444,76.9906666
Delhi NCR,Jatusa RS BO,,,Rewari,Haryana,28.202722,76.616953
Delhi NCR,Garhi Bolni BO,,,Rewari,Haryana,28.202722,76.616953
Delhi NCR,B B Ashram BO,,,Rewari,Haryana,28.202722,76.616953
Delhi NCR,Gheer,,,Karnal,Haryana,29.6874444,76.9906666
Delhi NCR,Dehra,,,Panipat,Haryana,29.5902777,76.1099166
Delhi NCR,Shahpur,,,Panipat,Haryana,29.5902777,76.1099166
Delhi NCR,Goela Kalan,,,Panipat,Haryana,29.5902777,76.1099166
Delhi NCR,Garhi Jattan,,,Karnal,Haryana,29.5902777,76.1099166
Delhi NCR,Johar Majra,,,Karnal,Haryana,29.5902777,76.1099166
Delhi NCR,Muradhgarh,,,Karnal,Haryana,29.5902777,76.1099166
Delhi NCR,Nagla Roran,,,Karnal,Haryana,29.5902777,76.1099166
Delhi NCR,Sanghowa,,,Karnal,Haryana,29.5902777,76.1099166
Delhi NCR,Kutail,,,Karnal,Haryana,29.3959722,76.9606388
Delhi NCR,Dhakwala Gujran,,,Karnal,Haryana,29.3959722,76.9606388
Delhi NCR,S.P. Sohana,,,Karnal,Haryana,29.3959722,76.9606388
Delhi NCR,RASULPUR KHURD,,,Karnal,Haryana,29.8654,76.9787
Delhi NCR,Karsa Dod,,,Karnal,Haryana,29.3959722,76.9606388
Delhi NCR,Raison,,,Karnal,Haryana,29.3959722,76.9606388
Delhi NCR,Bairsal,,,Karnal,Haryana,29.3959722,76.9606388
Delhi NCR,Samana Bahu,,,Karnal,Haryana,29.3959722,76.9606388
Delhi NCR,Sidhpur,,,Karnal,Haryana,29.3959722,76.9606388
Delhi NCR,Dikadla,,,Panipat,Haryana,29.5902777,76.1099166
Delhi NCR,Urlana Kalan,,,Panipat,Haryana,29.5902777,76.1099166
Delhi NCR,Dhigana,,,Jind,Haryana,29.5902777,76.1099166
Delhi NCR,Gatauli,,,Jind,Haryana,29.5902777,76.1099166
Delhi NCR,Kinana,,,Jind,Haryana,29.5902777,76.1099166
Delhi NCR,Bikhiwala,,,Jind,Haryana,29.5902777,76.1099166
Delhi NCR,Jajanwala,,,Jind,Haryana,29.5902777,76.1099166
Delhi NCR,Bibi Pur Jattan,,,Karnal,Haryana,29.5902777,76.1099166
Delhi NCR,Hanori,,,Karnal,Haryana,29.5902777,76.1099166
Delhi NCR,Pathera,,,Karnal,Haryana,29.5902777,76.1099166
Delhi NCR,Ghogripur,,,Karnal,Haryana,29.3959722,76.9606388
Delhi NCR,Uncha Samana,,,Karnal,Haryana,29.3959722,76.9606388
Delhi NCR,Phoosgarh,,,Karnal,Haryana,29.3959722,76.9606388
Delhi NCR,Ranwar,,,Karnal,Haryana,29.3959722,76.9606388
Delhi NCR,Jamba,,,Karnal,Haryana,29.3959722,76.9606388
Delhi NCR,Sitamai,,,Karnal,Haryana,29.3959722,76.9606388
Delhi NCR,Arjheri,,,Karnal,Haryana,29.3959722,76.9606388
Delhi NCR,Bhadson,,,Karnal,Haryana,29.3959722,76.9606388
Delhi NCR,Sandhir,,,Karnal,Haryana,29.3959722,76.9606388
Delhi NCR,Mehmal,,,Karnal,Haryana,29.3959722,76.9606388
Delhi NCR,Singhra,,,Karnal,Haryana,29.3959722,76.9606388
Delhi NCR,Subri,,,Karnal,Haryana,29.6874444,76.9906666
Delhi NCR,Nariana,,,Karnal,Haryana,29.5902777,76.1099166
Delhi NCR,Khojkipur,,,Panipat,Haryana,29.5902777,76.1099166
Delhi NCR,Jondhan Kalan,,,Panipat,Haryana,29.5902777,76.1099166
Delhi NCR,Allupur,,,Panipat,Haryana,29.5902777,76.1099166
Delhi NCR,Buana,,,Jind,Haryana,29.5902777,76.1099166
Delhi NCR,Garhwali,,,Jind,Haryana,29.5902777,76.1099166
Delhi NCR,Durjanpur,,,Jind,Haryana,29.5902777,76.1099166
Delhi NCR,Faridpur,,,Karnal,Haryana,29.5902777,76.1099166
Delhi NCR,Khanpur,,,Karnal,Haryana,29.5902777,76.1099166
Delhi NCR,Khera,,,Karnal,Haryana,29.5902777,76.1099166
Delhi NCR,Kheri Bhutan,,,Karnal,Haryana,29.5902777,76.1099166
Delhi NCR,Kheri Man Singh,,,Karnal,Haryana,29.5902777,76.1099166
Delhi NCR,Baghola BO,,,Palwal,Haryana,28.20862,77.306939
Delhi NCR,Jaindapur BO,,,Palwal,Haryana,28.204192,77.20585
Delhi NCR,Raisina BO,,,Gurugram,Haryana,28.352169,77.06471
Delhi NCR,Rithoj BO,,,Gurugram,Haryana,28.352169,77.06471
Delhi NCR,Khera Khurampur BO,,,Gurugram,Haryana,28.446796,76.825692
Delhi NCR,Patil RS BO,,,Gurugram,Haryana,28.446796,76.825692
Delhi NCR,Sewari BO,,,Gurugram,Haryana,28.446796,76.825692
Delhi NCR,Sultanpur BO,,,Gurugram,Haryana,28.446796,76.825692
Delhi NCR,Budhera BO,,,Gurugram,Haryana,28.421592,76.914258
Delhi NCR,Dhankot BO,,,Gurugram,Haryana,28.421592,76.914258
Delhi NCR,Johripur BO,,,North East,Delhi,28.69225,77.3042222
Delhi NCR,Mandoli Saboli BO,,,North East,Delhi,28.702185,77.30501
Delhi NCR,Sabhapur BO,,,North East,Delhi,28.7396,77.25291
Delhi NCR,Badarpur Khadar BO,,,North East,Delhi,28.69225,77.3042222
Delhi NCR,Dilawara,,,Karnal,Haryana,29.3959722,76.9606388
Delhi NCR,Ganjogarhi,,,Karnal,Haryana,29.3959722,76.9606388
Delhi NCR,Mohidinpur,,,Karnal,Haryana,29.6874444,76.9606388
Delhi NCR,Garhi Mandu BO,,,North East,Delhi,28.38,77.12
Delhi NCR,Sahpurjat BO,,,South,Delhi,28.55,77.21
Delhi NCR,Jeevan Nagar BO,,,South,Delhi,28.58,77.26
Delhi NCR,Sudaka BO,,,Nuh,Haryana,28.095943,77.001664
Delhi NCR,Tain BO,,,Nuh,Haryana,28.095943,77.001664
Delhi NCR,Tapkan BO,,,Nuh,Haryana,28.095943,77.001664
Delhi NCR,Ujina BO,,,Nuh,Haryana,28.095943,77.001664
Delhi NCR,Nai BO,,,Nuh,Haryana,27.824681,77.177104
Delhi NCR,Shahchokha BO,,,Nuh,Haryana,27.824681,77.177104
Delhi NCR,Sihri Singhalheri BO,,,Nuh,Haryana,27.824681,77.177104
Delhi NCR,Sikrawa BO,,,Nuh,Haryana,27.824681,77.177104
Delhi NCR,Singar BO,,,Nuh,Haryana,27.824681,77.177104
Delhi NCR,Baghanki BO,,,Nuh,Haryana,28.21313,76.954679
Delhi NCR,Dulawat BO,,,Nuh,Haryana,28.21313,76.954679
Delhi NCR,Hasanpur BO,,,Nuh,Haryana,28.21313,76.954679
Delhi NCR,Chharoda BO,,,Nuh,Haryana,28.21313,76.954679
Delhi NCR,Goyla BO,,,Nuh,Haryana,28.21313,76.954679
Punjab,Mullewal Khera BO,,,Jalandhar,Punjab,31.06579,75.24819
Punjab,Poonian BO,,,Jalandhar,Punjab,31.06579,75.24819
Punjab,Bath Kalan BO,,,Jalandhar,Punjab,31.52747,75.8066
Punjab,Maheem BO,,,Jalandhar,Punjab,31.52747,75.8066
Punjab,Khokhewal BO,,,Jalandhar,Punjab,31.52747,75.8066
Delhi NCR,Aya Nagar BO,,,South,Delhi,28.4797777,77.1179444
Delhi NCR,Deoli BO,,,South,Delhi,28.5,77.23
Delhi NCR,Madanpur Khadar BO,,,South,Delhi,28.53,77.3
Delhi NCR,Ali BO,,,South,Delhi,28.52,77.31
Delhi NCR,Cheelarh BO,,,Rewari,Haryana,28.292981,76.697254
Delhi NCR,Jaitpur BO,,,Rewari,Haryana,28.292981,76.697254
Delhi NCR,Jant BO,,,Rewari,Haryana,28.292981,76.697254
Delhi NCR,Nagla Megha,,,Karnal,Haryana,29.6874444,76.9906666
Delhi NCR,Majra Rodan,,,Karnal,Haryana,29.3959722,76.9606388
Delhi NCR,Sanwat,,,Karnal,Haryana,29.3959722,76.9606388
Delhi NCR,Samlbhi,,,Karnal,Haryana,29.3959722,76.9606388
Delhi NCR,Nidana,,,Jind,Haryana,29.5902777,76.1099166
Delhi NCR,Kadipur BO,,,North,Delhi,28.7978055,77.13
Delhi NCR,Mukhmelpur BO,,,North,Delhi,28.7978055,77.13
Delhi NCR,Pooth Khurd BO,,,North,Delhi,28.7996944,77.0380555
Delhi NCR,Mungeshpur BO,,,North,Delhi,28.7996944,77.0380555
Delhi NCR,Jaunti BO,,,North West,Delhi,28.7349166,77.0055555
Delhi NCR,Bankner BO,,,North West,Delhi,28.8508055,77.0880555
Delhi NCR,Rampura BO,,,North West,Delhi,28.6921111,77.1578611
Delhi NCR,Rithala BO,,,North West,Delhi,28.6933611,77.1713889
Delhi NCR,Mankdola BO,,,Gurugram,Haryana,28.421592,76.914258
Delhi NCR,Wazipur BO,,,Gurugram,Haryana,28.421592,76.914258
Delhi NCR,Jatauli BO,,,Gurugram,Haryana,28.467015,77.081198
Punjab,Birk BO,,,Jalandhar,Punjab,31.1963969,75.7713809
Punjab,Nagra BO,,,Jalandhar,Punjab,31.0847815,75.6909651
Punjab,Pharwala BO,,,Jalandhar,Punjab,31.52747,75.8066
Punjab,Tahli BO,,,Jalandhar,Punjab,31.217805,75.769395
Punjab,Dalla BO,,,Kapurthala,Punjab,31.19524,75.1263
Punjab,Kabirpur BO,,,Kapurthala,Punjab,31.19524,75.1263
Punjab,Paramjitpur BO,,,Kapurthala,Punjab,31.19524,75.1263
Punjab,Sarai Jattan BO,,,Kapurthala,Punjab,31.2396,75.71091
Punjab,Sherpur Dona BO,,,Kapurthala,Punjab,31.19524,75.1263
Punjab,Dhapai BO,,,Kapurthala,Punjab,31.358627,75.4435491
Punjab,Mansoorwal BO,,,Kapurthala,Punjab,31.3610714,75.4095974
Punjab,Bhadas BO,,,Kapurthala,Punjab,31.5871513,75.5067
Punjab,Boparai BO,,,Kapurthala,Punjab,31.5423307,75.5058251
Punjab,Bhabiana BO,,,Kapurthala,Punjab,31.3299521,75.807712
Punjab,Rampur Sunera BO,,,Kapurthala,Punjab,31.34097,75.79195
Punjab,Bhagana BO,,,Kapurthala,Punjab,31.3635942,75.851816
Punjab,Mayopatti BO,,,Kapurthala,Punjab,31.217809,75.769391
Punjab,Sarai Jattan BO,,,Kapurthala,Punjab,31.2396,75.71091
Punjab,Chak Prema BO,,,Kapurthala,Punjab,31.2693,75.8021
Punjab,Sangatpur BO,,,Kapurthala,Punjab,31.0514,75.7
Punjab,Chiheru BO,,,Kapurthala,Punjab,31.2396,75.71091
Delhi NCR,Karola BO,,,Gurugram,Haryana,28.467015,77.081198
Delhi NCR,Jasat BO,,,Gurugram,Haryana,28.292981,76.697254
Delhi NCR,Khandsa BO,,,Gurugram,Haryana,28.413887,76.9931945
Delhi NCR,Carterpuri BO,,,Gurugram,Haryana,28.5072345,77.0315475
Delhi NCR,Mandi BO,,,South,Delhi,28.44,77.14
Delhi NCR,Fatehpur Beri BO,,,South,Delhi,28.5073055,77.1845555
Delhi NCR,Sanjay Colony Bhati Mines BO,,,South,Delhi,28.5073055,77.1845555
Delhi NCR,Gadaipur BO,,,South,Delhi,28.5176111,77.1793611
Delhi NCR,Lado Sarai BO,,,South,Delhi,28.52,77.18
Delhi NCR,CSKM School BO,,,South,Delhi,28.5073055,77.1845555
Delhi NCR,Maidan Garhi BO,,,South,Delhi,28.5012222,77.2003055
Delhi NCR,Sultanpur BO,,,South,Delhi,28.5176111,77.1793611
Delhi NCR,Baslambi BO,,,Gurugram,Haryana,28.325728,76.777811
Delhi NCR,Baspadamka BO,,,Gurugram,Haryana,28.325728,76.777811
Delhi NCR,Daulah BO,,,Gurugram,Haryana,28.248459,77.065802
Delhi NCR,Ghasera BO,,,Gurugram,Haryana,28.248459,77.065802
Delhi NCR,Ghungola BO,,,Gurugram,Haryana,28.248459,77.065802
Delhi NCR,Dhanota BO,,,Mahendragarh,Haryana,28.044064,76.118082
Delhi NCR,Koriawas BO,,,Mahendragarh,Haryana,28.044064,76.118082
Delhi NCR,Karota BO,,,Mahendragarh,Haryana,28.044064,76.118082
Delhi NCR,Mandi BO,,,Mahendragarh,Haryana,28.044064,76.118082
Delhi NCR,Azamabad Mukhota BO,,,Mahendragarh,Haryana,28.044064,76.118082
Delhi NCR,Bhushan Kalan BO,,,Mahendragarh,Haryana,28.044064,76.118082
Delhi NCR,Kultazpur BO,,,Mahendragarh,Haryana,28.044064,76.118082
Delhi NCR,Madhana Kalan BO,,,Mahendragarh,Haryana,28.044064,76.118082
Delhi NCR,Mirpur BO,,,Rewari,Haryana,28.292981,76.697254
Delhi NCR,Ramgarh BO,,,Rewari,Haryana,28.292981,76.697254
Delhi NCR,Tatarpur BO,,,Rewari,Haryana,28.292981,76.697254
Delhi NCR,New Usmanpur BO,,,North East,Delhi,28.69225,77.3042222
Punjab,Kotli Gujjran BO,,,Jalandhar,Punjab,31.06579,75.24819
Punjab,Mianwal Arrayan BO,,,Jalandhar,Punjab,31.06579,75.24819
Punjab,Talwandi Buttian BO,,,Jalandhar,Punjab,31.06579,75.24819
Punjab,Sharakpur BO,,,Jalandhar,Punjab,31.52747,75.8066
Punjab,Kular BO,,,Jalandhar,Punjab,31.374925,75.384211
Punjab,Powadhra BO,,,Jalandhar,Punjab,31.217808,75.769392
Punjab,Rorkee BO,,,Jalandhar,Punjab,31.32055,75.2584
Punjab,Chak Vendal BO,,,Jalandhar,Punjab,31.238182,76.488107
Delhi NCR,Shahbad Mohammadpur BO,,,New Delhi,Delhi,28.54,77.05
Delhi NCR,Mahipalpur BO,,,New Delhi,Delhi,28.54,77.12
Delhi NCR,Masood Pur BO,,,New Delhi,Delhi,28.52,77.15
Delhi NCR,Jharoda Kalan,,,South West,Delhi,28.652588,76.956454
Delhi NCR,Jhatikara,,,South West,Delhi,28.520905,76.964011
Delhi NCR,Kakoria BO,,,Rewari,Haryana,28.292981,76.697254
Delhi NCR,Turkiawas BO,,,Rewari,Haryana,28.292981,76.697254
Delhi NCR,Baghthala BO,,,Rewari,Haryana,28.069873,76.579918
Delhi NCR,Gujar Majra BO,,,Rewari,Haryana,28.069873,76.579918
Delhi NCR,Pranpura BO,,,Rewari,Haryana,28.069873,76.579918
Delhi NCR,Banipur BO,,,Rewari,Haryana,28.069873,76.579918
Delhi NCR,Jaisinghpur Khera BO,,,Rewari,Haryana,28.069873,76.579918
Delhi NCR,Nangal Teju BO,,,Rewari,Haryana,28.069873,76.579918
Delhi NCR,Suthana BO,,,Rewari,Haryana,28.069873,76.579918
Delhi NCR,Asalwas BO,,,Rewari,Haryana,28.069873,76.579918
Delhi NCR,Hirwari BO,,,Nuh,Haryana,27.787343,76.946463
Delhi NCR,Umra BO,,,Nuh,Haryana,27.9204,76.984468
Delhi NCR,Akhera BO,,,Nuh,Haryana,28.095943,77.001664
Delhi NCR,Kurthala BO,,,Nuh,Haryana,28.095943,77.001664
Delhi NCR,Jamalgarh BO,,,Nuh,Haryana,27.824681,77.177104
Delhi NCR,Naheda BO,,,Nuh,Haryana,27.824681,77.177104
Delhi NCR,Rethath BO,,,Nuh,Haryana,27.824681,77.177104
Delhi NCR,Khanpur Ghati BO,,,Nuh,Haryana,27.824681,77.177104
Delhi NCR,Jaurasi BO,,,Nuh,Haryana,28.21313,76.954679
Delhi NCR,Kalwari BO,,,Nuh,Haryana,28.21313,76.954679
Delhi NCR,Agon BO,,,Nuh,Haryana,27.787343,76.946463
Delhi NCR,Ferozepur Namak BO,,,Nuh,Haryana,28.095943,77.001664
Delhi NCR,Malab BO,,,Nuh,Haryana,28.095943,77.001664
Delhi NCR,Gulalta BO,,,Nuh,Haryana,27.824681,77.177104
Delhi NCR,Lohinga Kalan BO,,,Nuh,Haryana,27.824681,77.177104
Delhi NCR,Pingwan BO,,,Nuh,Haryana,27.824681,77.177104
Delhi NCR,Chapera BO,,,Nuh,Haryana,28.248459,77.065802
Delhi NCR,Kiranj BO,,,Nuh,Haryana,28.248459,77.065802
Delhi NCR,Jhamuwas BO,,,Nuh,Haryana,28.21313,76.954679
Delhi NCR,Mohamadpur Ahir BO,,,Nuh,Haryana,28.21313,76.954679
Delhi NCR,Sondh BO,,,Palwal,Haryana,27.917877,77.323827
Delhi NCR,Seeha BO,,,Palwal,Haryana,28.1487362,77.3320262
Punjab,Dhaliwal BO,,,Jalandhar,Punjab,31.52747,75.8066
Punjab,Kang Arryan BO,,,Jalandhar,Punjab,31.52747,75.8066
Punjab,Mehsumpur BO,,,Jalandhar,Punjab,31.21781,75.76939
Punjab,Daduwal BO,,,Jalandhar,Punjab,31.2069036,75.6723245
Punjab,Dhanipind BO,,,Jalandhar,Punjab,31.1778861,75.6576652
Punjab,Birpind BO,,,Jalandhar,Punjab,31.217807,75.769393
Punjab,Littran BO,,,Jalandhar,Punjab,31.217807,75.769393
Punjab,Jandiali BO,,,Shahid Bhagat Singh Nagar,Punjab,31.2063406,75.8161098
Delhi NCR,Aps Colony BO,,,New Delhi,Delhi,28.57,77.13
Delhi NCR,Pandwala Kalan,,,South West,Delhi,28.564762,76.951343
Delhi NCR,Surehra,,,South West,Delhi,28.597122,76.93787
Delhi NCR,Dabri,,,South West,Delhi,28.609675,77.089542
Delhi NCR,Nasirpur,,,South West,Delhi,28.597176,77.090783
Delhi NCR,Dhulsiras,,,South West,Delhi,28.564173,77.041334
Delhi NCR,Badusarai,,,South West,Delhi,28.529595,76.986468
Delhi NCR,Amberhai,,,South West,Delhi,28.578231,77.04961
Delhi NCR,Dichaun Kalan,,,South West,Delhi,28.641361,76.984018
Delhi NCR,Dindarpur,,,South West,Delhi,28.592536,76.993827
Delhi NCR,Mitraon,,,South West,Delhi,28.605614,76.944141
Delhi NCR,Rewla Khanpur,,,South West,Delhi,28.564726,76.981441
Delhi NCR,Chilla BO,,,East,Delhi,28.69225,77.3042222
Delhi NCR,Pul Pahladpur BO,,,South,Delhi,28.5,77.3
Delhi NCR,Phulwari BO,,,Palwal,Haryana,28.194443,77.277121
Delhi NCR,Badarpur Syed BO,,,Faridabad,Haryana,28.514051,77.337891
Delhi NCR,Fazilpur BO,,,Gurugram,Haryana,28.3913822,77.0511932
Delhi NCR,Paltra BO,,,Gurugram,Haryana,28.3913822,77.0511932
Delhi NCR,Ghamroj BO,,,Gurugram,Haryana,28.352169,77.06471
Delhi NCR,Maruthi Kunj BO,,,Gurugram,Haryana,28.352169,77.06471
Delhi NCR,Moklawas BO,,,Gurugram,Haryana,29.387631,77.446429
Delhi NCR,Pathreri BO,,,Gurugram,Haryana,29.387631,77.446429
Delhi NCR,Bhangrola BO,,,Gurugram,Haryana,28.421592,76.914258
Delhi NCR,Jharsa BO,,,Gurugram,Haryana,28.4465007,77.073616
Delhi NCR,Noorgarh BO,,,Gurugram,Haryana,28.467015,77.081198
Delhi NCR,Khatauli BO,,,Gurugram,Haryana,28.271733,76.740867
Delhi NCR,Lokra BO,,,Gurugram,Haryana,28.271733,76.740867
Delhi NCR,Chhajju Nagar BO,,,Palwal,Haryana,28.106763,77.370126
Delhi NCR,Prithla BO,,,Palwal,Haryana,28.245286,77.292772
Delhi NCR,Teekri Brahman BO,,,Palwal,Haryana,28.245287,77.292774
Delhi NCR,Alipur BO,,,Faridabad,Haryana,28.797226,77.133136
Punjab,Khothra Kalan BO,,,Shahid Bhagat Singh Nagar,Punjab,31.18494,75.72812
Punjab,Bhulana BO,,,Kapurthala,Punjab,31.374927,75.384209
Punjab,Mothanwala BO,,,Kapurthala,Punjab,31.37493,75.384206
Punjab,Saidowal BO,,,Kapurthala,Punjab,31.374928,75.384208
Punjab,Sandhu Chatha BO,,,Kapurthala,Punjab,31.1540938,77.3798012
Punjab,Fattu Dhinga BO,,,Kapurthala,Punjab,31.38345,75.32705
Punjab,Khiranwali BO,,,Kapurthala,Punjab,31.37493,75.384206
Punjab,Saidpur BO,,,Kapurthala,Punjab,31.374927,75.384209
Punjab,Wadala Kalan BO,,,Kapurthala,Punjab,31.38345,75.32705
Punjab,Ahmedpur BO,,,Kapurthala,Punjab,31.38345,75.32705
Punjab,Khanowal BO,,,Kapurthala,Punjab,31.3347183,75.3914338
Punjab,Buttar BO,,,Kapurthala,Punjab,31.51654,75.51519
Punjab,Mana Talwandi BO,,,Kapurthala,Punjab,31.51654,75.51519
Punjab,Mauli BO,,,Kapurthala,Punjab,31.18494,75.72812
Punjab,Rawalpindi Gulab Shah BO,,,Kapurthala,Punjab,31.34097,75.79195
Punjab,Sahni BO,,,Kapurthala,Punjab,31.3093785,75.8143065
Delhi NCR,Tilangpur Kotla,,,West,Delhi,28.646628,77.025715
Delhi NCR,Jaunapur BO,,,South,Delhi,28.46,77.15
Delhi NCR,Satbari BO,,,South,Delhi,28.5073055,77.1845555
Delhi NCR,Ghitorni BO,,,South,Delhi,28.5176111,77.1793611
Punjab,Bohani BO,,,Kapurthala,Punjab,31.217806,75.769394
Punjab,Bhanoki BO,,,Kapurthala,Punjab,31.2187665,75.7555307
Punjab,Khajurla BO,,,Kapurthala,Punjab,31.2396,75.71091
Punjab,Maheru BO,,,Kapurthala,Punjab,31.2396,75.71091
Punjab,Lassuri BO,,,Jalandhar,Punjab,31.374927,75.384209
Punjab,Mianwal BO,,,Jalandhar,Punjab,31.06579,75.24819
Punjab,Sindher BO,,,Jalandhar,Punjab,31.374927,75.384209
Punjab,Chak Mughlani BO,,,Jalandhar,Punjab,31.52747,75.8066
Punjab,Talwandi Madho BO,,,Jalandhar,Punjab,31.26856,75.327
Punjab,Thamanwal BO,,,Jalandhar,Punjab,31.217809,75.769391
Punjab,Bhardwajian BO,,,Jalandhar,Punjab,31.217811,75.769389
Punjab,Ghurka BO,,,Jalandhar,Punjab,31.217806,75.769394
Punjab,Chanian BO,,,Jalandhar,Punjab,31.52747,75.8066
Punjab,Mau Mianwal BO,,,Jalandhar,Punjab,31.52747,75.8066
Punjab,Kangniwal BO,,,Jalandhar,Punjab,31.217809,75.769391
Punjab,Lakhanpal BO,,,Jalandhar,Punjab,31.18494,75.72812
Punjab,Guree BO,,,Jalandhar,Punjab,31.217805,75.769395
Punjab,Nawanpind BO,,,Jalandhar,Punjab,31.52747,75.8066
Punjab,Raipur BO,,,Jalandhar,Punjab,31.217806,75.769394
Delhi NCR,Manjhawali BO,,,Faridabad,Haryana,28.37031,77.471631
Delhi NCR,Kadarpur BO,,,Gurugram,Haryana,28.3913822,77.0511932
Delhi NCR,Damdama BO,,,Gurugram,Haryana,28.352169,77.06471
Delhi NCR,Pachgaon BO,,,Gurugram,Haryana,29.387631,77.446429
Delhi NCR,Sidhrawali BO,,,Gurugram,Haryana,29.387631,77.446429
Delhi NCR,Gwal Pahari BO,,,Gurugram,Haryana,28.4465007,77.073616
Delhi NCR,Smaspur BO,,,Gurugram,Haryana,28.4465007,77.073616
Delhi NCR,Jataula BO,,,Gurugram,Haryana,28.467015,77.081198
Delhi NCR,Gudhana BO,,,Gurugram,Haryana,28.467015,77.081198
Delhi NCR,Rajokari BO,,,New Delhi,Delhi,28.52,77.09
Delhi NCR,Nangal Dewat BO,,,New Delhi,Delhi,28.5302777,77.1155277
Delhi NCR,Kangan Heri,,,South West,Delhi,28.546186,76.990187
Delhi NCR,Kakrola,,,South West,Delhi,28.598435,77.022021
Delhi NCR,Papravat,,,South West,Delhi,28.58032,76.978203
Delhi NCR,Bagdola,,,New Delhi,Delhi,28.571529,77.072995
Delhi NCR,Pahari BO,,,Gurugram,Haryana,28.292981,76.697254
Delhi NCR,Inchhapuri BO,,,Gurugram,Haryana,28.271733,76.740867
Delhi NCR,Khor BO,,,Gurugram,Haryana,28.271733,76.740867
Delhi NCR,Barthal,,,South West,Delhi,28.542804,77.049144
Delhi NCR,Baprola,,,West,Delhi,28.639783,77.008001
Delhi NCR,Rindana BO,,,Sonipat,Haryana,29.14,77.08
Delhi NCR,Katwal BO,,,Sonipat,Haryana,29.44,77
Delhi NCR,Gangana BO,,,Sonipat,Haryana,29.18,76.62
Delhi NCR,Jhs Butana BO,,,Sonipat,Haryana,29.18,76.62
Delhi NCR,Kurar Brahimpur BO,,,Sonipat,Haryana,29.02,77.06
Delhi NCR,Pipli Khera BO,,,Sonipat,Haryana,29.02,77.06
Delhi NCR,Jasrana BO,,,Sonipat,Haryana,28.98,76.81
Delhi NCR,Bari BO,,,Sonipat,Haryana,29.13,77.01
Delhi NCR,Datauli BO,,,Sonipat,Haryana,29.13,77.01
Delhi NCR,Gumar BO,,,Sonipat,Haryana,29.14,77.07
Delhi NCR,Sheikhpura BO,,,Sonipat,Haryana,29.13,77.01
Delhi NCR,AhulanaGohana BO,,,Sonipat,Haryana,29.13,76.69
Delhi NCR,Barota BO,,,Sonipat,Haryana,29.13,76.69
Delhi NCR,Bidhal BO,,,Sonipat,Haryana,29.13,76.69
Delhi NCR,Jagsi BO,,,Sonipat,Haryana,29.13,76.69
Delhi NCR,Kathura Block BO,,,Sonipat,Haryana,29.13,76.69
Delhi NCR,Kheri Damkan BO,,,Sonipat,Haryana,29.13,76.69
Delhi NCR,Tihar BO,,,Sonipat,Haryana,29.13,76.69
Delhi NCR,Janti Kalan BO,,,Sonipat,Haryana,29.05,76.91
Delhi NCR,Sersa BO,,,Sonipat,Haryana,29.05,76.91
Delhi NCR,Bohla BO,,,Sonipat,Haryana,29.06,76.9
Delhi NCR,Mahra II BO,,,Sonipat,Haryana,29.65,76.43
Delhi NCR,Sikanderpur BO,,,Gurugram,Haryana,28.413887,76.9931945
Delhi NCR,Jamalpur BO,,,Gurugram,Haryana,28.325728,76.777811
Delhi NCR,Narhera BO,,,Gurugram,Haryana,28.325728,76.777811
Delhi NCR,Basai BO,,,Gurugram,Haryana,28.4855613,77.009056
Delhi NCR,Bhirauti BO,,,Gurugram,Haryana,28.248459,77.065802
Delhi NCR,Barkoda BO,,,Mahendragarh,Haryana,28.044064,76.118082
Delhi NCR,Dochana BO,,,Mahendragarh,Haryana,28.044064,76.118082
Delhi NCR,Krishan Nagar BO,,,Mahendragarh,Haryana,28.044064,76.118082
Delhi NCR,Kanwi BO,,,Mahendragarh,Haryana,28.044064,76.118082
Delhi NCR,Nizampur RS BO,,,Mahendragarh,Haryana,28.044064,76.118082
Delhi NCR,Neerpur BO,,,Mahendragarh,Haryana,28.044064,76.118082
Delhi NCR,Lakhnaula BO,,,Gurugram,Haryana,28.413887,76.9931945
Delhi NCR,Sikohpur BO,,,Gurugram,Haryana,28.413887,76.9931945
Delhi NCR,Janaula BO,,,Gurugram,Haryana,28.325728,76.777811
Delhi NCR,Unchamajra BO,,,Gurugram,Haryana,28.325728,76.777811
Delhi NCR,Daultabad BO,,,Gurugram,Haryana,28.4855613,77.009056
Delhi NCR,KherliLala BO,,,Gurugram,Haryana,28.248459,77.065802
Delhi NCR,Rewasan BO,,,Gurugram,Haryana,28.248459,77.065802
Delhi NCR,Garhi Wajidpur BO,,,Gurugram,Haryana,28.248459,77.065802
Delhi NCR,Raghunathpura BO,,,Mahendragarh,Haryana,28.044064,76.118082
Delhi NCR,Dharson BO,,,Mahendragarh,Haryana,28.044064,76.118082
Delhi NCR,Kamania BO,,,Mahendragarh,Haryana,28.044064,76.118082
Delhi NCR,Dhor Kalan BO,,,Mahendragarh,Haryana,28.044064,76.118082
Delhi NCR,Bhojawas BO,,,Mahendragarh,Haryana,28.258604,76.227683
Delhi NCR,Bhawar BO,,,Sonipat,Haryana,29.18,76.62
Delhi NCR,Garhwal BO,,,Sonipat,Haryana,29.18,76.62
Delhi NCR,Garhi Sisana ED BO,,,Sonipat,Haryana,28.9,76.84
Delhi NCR,Gorar BO,,,Sonipat,Haryana,28.98,76.81
Delhi NCR,Bega BO,,,Sonipat,Haryana,29.13,77.01
Delhi NCR,Kheri Gujjar BO,,,Sonipat,Haryana,29.13,77.01
Delhi NCR,Bhainswan Khurd BO,,,Sonipat,Haryana,29.13,76.69
Delhi NCR,Bidhal Pinana BO,,,Sonipat,Haryana,29.13,76.69
Delhi NCR,Chhichrana BO,,,Sonipat,Haryana,29.13,76.69
Delhi NCR,Jauli BO,,,Sonipat,Haryana,29.13,76.69
Delhi NCR,Kathura BO,,,Sonipat,Haryana,29.13,76.69
Delhi NCR,Puthi BO,,,Sonipat,Haryana,29.13,76.69
Delhi NCR,Rabra BO,,,Sonipat,Haryana,29.13,76.69
Delhi NCR,Rukhi BO,,,Sonipat,Haryana,29.13,76.69
Delhi NCR,Sikenderpur Majra BO,,,Sonipat,Haryana,29.13,76.69
Delhi NCR,Aterna BO,,,Sonipat,Haryana,29.05,76.91
Delhi NCR,Jhundpur BO,,,Sonipat,Haryana,29.05,76.91
Delhi NCR,Chandanhoola BO,,,South,Delhi,28.45,77.18
Delhi NCR,Jaitpur BO,,,South,Delhi,28.53,77.21
Delhi NCR,Molarband BO,,,South,Delhi,28.53,77.21
Delhi NCR,Village Tugalkabad BO,,,South,Delhi,28.51,77.26
Delhi NCR,Lal Kuan BO,,,South,Delhi,28.53,77.21
Delhi NCR,Tehkhand BO,,,South,Delhi,28.52,77.29
Delhi NCR,Dera BO,,,South,Delhi,28.5073055,77.1845555
Delhi NCR,BHATI VILLAGE BO,,,South,Delhi,28.5073055,77.1845555
Delhi NCR,Shalamar BO,,,North,Delhi,28.6933611,77.1713889
Delhi NCR,Pooth Kalan BO,,,North West,Delhi,28.7016111,77.0797222
Delhi NCR,Nangal Poona BO,,,North,Delhi,28.7978055,77.13
Delhi NCR,Palla BO,,,North,Delhi,28.7978055,77.13
Delhi NCR,Punjab Khor BO,,,North West,Delhi,28.7349166,77.0055555
Delhi NCR,Rani Khera BO,,,North West,Delhi,28.7349166,77.0055555
Delhi NCR,H S School,,,North West,Delhi,28.734916,77.005555
Delhi NCR,Lampur BO,,,North West,Delhi,28.8508055,77.0880555
Delhi NCR,Singhu BO,,,North West,Delhi,28.8508055,77.0880555
Delhi NCR,Tikri Khurd BO,,,North West,Delhi,28.8508055,77.0880555
Delhi NCR,Pehlad Pur BO,,,North,Delhi,28.72775,77.1636111
Delhi NCR,Siraspur BO,,,North,Delhi,28.7441111,77.145
Delhi NCR,Mukundpur Village,,,North,Delhi,28.744111,77.145
Delhi NCR,Begumpur BO,,,North West,Delhi,28.7016111,77.0797222
Delhi NCR,Jagatpur BO,,,North,Delhi,28.7572222,77.1977777
Delhi NCR,Hiranki BO,,,North,Delhi,28.7978055,77.13
Delhi NCR,Khampur BO,,,North,Delhi,28.7978055,77.13
Delhi NCR,Jat Khore BO,,,North,Delhi,28.7996944,77.0380555
Delhi NCR,Nangal Thakran BO,,,North,Delhi,28.7996944,77.0380555
Delhi NCR,Qutabagarh BO,,,North West,Delhi,28.7996944,77.0380555
Delhi NCR,NEW Nathupura,,,Central,Delhi,28.7572222,77.1977777
Delhi NCR,Gheora BO,,,North West,Delhi,28.7349166,77.0055555
Delhi NCR,Karala BO,,,North West,Delhi,28.7349166,77.0055555
Delhi NCR,Lad Pur BO,,,North West,Delhi,28.7349166,77.0055555
Delhi NCR,Bhorgarh BO,,,North,Delhi,28.8508055,77.0880555
Delhi NCR,Budh Vihar BO,,,North West,Delhi,28.7016111,77.0797222
Delhi NCR,Prem Nagar BO,,,North West,Delhi,28.7016111,77.0797222
Delhi NCR,Jharoda Majraa BO,,,North,Delhi,28.7572222,77.1977777
Delhi NCR,Bakhtawar Pur BO,,,North,Delhi,28.7996944,77.0380555
Delhi NCR,Bakoli BO,,,North,Delhi,28.7978055,77.13
Delhi NCR,Auchandi BO,,,North,Delhi,28.7996944,77.0380555
Delhi NCR,Barwala BO,,,North,Delhi,28.7996944,77.0380555
Delhi NCR,Ghoga BO,,,North,Delhi,28.7996944,77.0380555
Delhi NCR,Hareveli BO,,,North,Delhi,28.7996944,77.0380555
Delhi NCR,Katewara BO,,,North,Delhi,28.7996944,77.0380555
Delhi NCR,Bhalaswa BO,,,North,Delhi,28.72775,77.1636111
Delhi NCR,Chand Pur BO,,,North West,Delhi,28.7349166,77.0055555
Delhi NCR,Majra Dabas BO,,,North West,Delhi,28.7349166,77.0055555
Delhi NCR,Mubarak Pur Dabas BO,,,North West,Delhi,28.7349166,77.0055555
Delhi NCR,Nizampur BO,,,North West,Delhi,28.7349166,77.0055555
Delhi NCR,Khera Khurd BO,,,North,Delhi,28.7721666,77.119
Delhi NCR,Naya Bans BO,,,North,Delhi,28.7721666,77.119
Delhi NCR,Kanya Gurukul BO,,,North West,Delhi,28.8508055,77.0880555
Punjab,Bhanolanga BO,,,Kapurthala,Punjab,31.0968,75.9381
Punjab,Rampur Jagir BO,,,Kapurthala,Punjab,31.19524,75.1263
Punjab,Khukhrain BO,,,Kapurthala,Punjab,31.374929,75.384207
Punjab,Tibba BO,,,Kapurthala,Punjab,31.41945,75.35345
Punjab,Ibban BO,,,Kapurthala,Punjab,31.38345,75.32705
Punjab,Baler Khanpur BO,,,Kapurthala,Punjab,31.38345,75.32705
Punjab,Alampur Bhakha BO,,,Kapurthala,Punjab,31.51654,75.51519
Punjab,Ramgarh BO,,,Kapurthala,Punjab,31.2899717,75.7673025
Punjab,Rehana Jattan BO,,,Kapurthala,Punjab,31.34097,75.79195
Punjab,Barn BO,,,Kapurthala,Punjab,31.29515,75.73451
Punjab,Nangal Majha BO,,,Kapurthala,Punjab,31.29515,75.73451
Punjab,Palahi BO,,,Kapurthala,Punjab,31.29515,75.73451
Punjab,Mehtan BO,,,Kapurthala,Punjab,31.2463768,75.7376072
Punjab,Bhullarai BO,,,Kapurthala,Punjab,31.2494076,75.7927321
Punjab,Hardasspur BO,,,Kapurthala,Punjab,31.2396,75.71091
Punjab,Madhopur BO,,,Kapurthala,Punjab,31.217808,75.769392
Delhi NCR,Jhilmil Tahirpur BO,,,Shahdara,Delhi,28.68254,77.31315
Delhi NCR,Ghazipur BO,,,East,Delhi,28.61777,77.32961
Punjab,Bhoewali BO,,,Amritsar,Punjab,31.84,74.76
Punjab,Jafarkot BO,,,Amritsar,Punjab,31.84,74.76
Punjab,Dikh BO,,,Bathinda,Punjab,30.3181,75.2357
Punjab,Kotra Koreyan Wala BO,,,Bathinda,Punjab,30.2385,75.1998
Punjab,Pitho BO,,,Bathinda,Punjab,30.2498,75.2858
Punjab,Dial Pura Bhai Ka BO,,,Bathinda,Punjab,30.1491,75.185
Punjab,Ramu Wala Jalalka BO,,,Bathinda,Punjab,30.1491,75.185
Punjab,Gehri Butter BO,,,Bathinda,Punjab,30.0961,74.8778
Punjab,Jangi Rana BO,,,Bathinda,Punjab,30.1508,74.7381
Punjab,Kotli Sabo BO,,,Bathinda,Punjab,30.0409,74.8251
Punjab,Pakka Kalan BO,,,Bathinda,Punjab,30.0321,74.8551
Delhi NCR,Bewan BO,,,Nuh,Haryana,27.787343,76.946463
Delhi NCR,Riwara BO,,,Sonipat,Haryana,29.44,77
Delhi NCR,Kohla BO,,,Sonipat,Haryana,29.18,76.62
Delhi NCR,Nuran Khera BO,,,Sonipat,Haryana,29.18,76.62
Delhi NCR,Larsauli BO,,,Sonipat,Haryana,29.02,77.06
Delhi NCR,Sanpera BO,,,Sonipat,Haryana,29.02,77.06
Delhi NCR,Guhna BO,,,Sonipat,Haryana,28.98,76.81
Delhi NCR,Silana BO,,,Sonipat,Haryana,28.98,76.81
Delhi NCR,Garhi Rajlu BO,,,Sonipat,Haryana,29.13,77.01
Delhi NCR,Ghasauli BO,,,Sonipat,Haryana,29.13,77.01
Delhi NCR,Khubru BO,,,Sonipat,Haryana,29.13,77.01
Delhi NCR,Rajpur BO,,,Sonipat,Haryana,29.13,77.01
Delhi NCR,Bali Brahman BO,,,Sonipat,Haryana,29.13,76.69
Delhi NCR,Khandrai BO,,,Sonipat,Haryana,29.13,76.69
Delhi NCR,Lath BO,,,Sonipat,Haryana,29.13,76.69
Delhi NCR,Jhabuwa BO,,,Rewari,Haryana,28.069873,76.579918
Punjab,Kheri Chehlan BO,,,Sangrur,Punjab,30.434262,75.683353
Punjab,Tibba BO,,,Sangrur,Punjab,31.311716,75.210711
Punjab,Bakshiwala BO,,,Sangrur,Punjab,30.52937,76.543766
Punjab,Khadial BO,,,Sangrur,Punjab,30.102132,75.885346
Punjab,Wazid Ke Khurd BO,,,Barnala,Punjab,30.460326,75.57317
Punjab,Pakhoke BO,,,Barnala,Punjab,31.338607,75.000533
Punjab,Chhiniwal Khurd BO,,,Barnala,Punjab,30.579556,75.447582
Punjab,Dhilwan BO,,,Barnala,Punjab,31.509998,75.335388
Punjab,Ghunas BO,,,Barnala,Punjab,30.311764,75.421362
Delhi NCR,Naichana BO,,,Rewari,Haryana,28.069873,76.579918
Delhi NCR,Nangal Shahbazpur BO,,,Rewari,Haryana,28.069873,76.579918
Delhi NCR,Dakhora BO,,,Rewari,Haryana,28.295395,76.383798
Delhi NCR,Daroli BO,,,Rewari,Haryana,28.295395,76.383798
Delhi NCR,Gothra BO,,,Rewari,Haryana,28.295395,76.383798
Delhi NCR,Kanwali BO,,,Rewari,Haryana,28.295395,76.383798
Delhi NCR,Mundi BO,,,Rewari,Haryana,28.295395,76.383798
Punjab,Mandi Kalan BO,,,Bathinda,Punjab,30.213,75.2552
Punjab,Hakam Singh Wala BO,,,Bathinda,Punjab,30.5657,75.1494
Punjab,Jalal BO,,,Bathinda,Punjab,30.3181,75.2357
Punjab,Kaur Singh Wala BO,,,Bathinda,Punjab,30.1491,75.185
Punjab,Kishan Pura Kutti BO,,,Bathinda,Punjab,30.0409,74.8251
Punjab,Kot Guru BO,,,Bathinda,Punjab,30.0409,74.8251
Delhi NCR,Kundli BO,,,Sonipat,Haryana,29.05,76.91
Delhi NCR,Karewari BO,,,Sonipat,Haryana,29.06,76.9
Delhi NCR,Rolad Latifpur BO,,,Sonipat,Haryana,29.06,76.9
Punjab,Karamgarh BO,,,Barnala,Punjab,29.632607,76.03774
Punjab,Thuliwal BO,,,Barnala,Punjab,30.486417,75.645539
Punjab,Moom BO,,,Barnala,Punjab,30.553551,75.491272
Punjab,Sukhpura Maur BO,,,Barnala,Punjab,30.356254,75.422091
Delhi NCR,Aharwan BO,,,Palwal,Haryana,28.1087,77.256172
Delhi NCR,Chirwari BO,,,Palwal,Haryana,28.155604,77.40421
Delhi NCR,Dhatir BO,,,Palwal,Haryana,28.192851,77.249137
Delhi NCR,Bhainsrawali BO,,,Faridabad,Haryana,28.379904,77.435774
Delhi NCR,Teekli BO,,,Gurugram,Haryana,28.3913822,77.0511932
Delhi NCR,Kherla BO,,,Gurugram,Haryana,28.352169,77.06471
Delhi NCR,Bilaspur Khurd BO,,,Gurugram,Haryana,29.387631,77.446429
Delhi NCR,Dhani Chitarsain BO,,,Gurugram,Haryana,29.387631,77.446429
Delhi NCR,Wazirabad BO,,,Gurugram,Haryana,28.4465007,77.073616
Delhi NCR,Khandewia BO,,,Gurugram,Haryana,28.467015,77.081198
Delhi NCR,Mehchana BO,,,Gurugram,Haryana,28.467015,77.081198
Delhi NCR,Sherpur BO,,,Gurugram,Haryana,28.292981,76.697254
Delhi NCR,Syed Shahpur BO,,,Gurugram,Haryana,28.271733,76.740867
Delhi NCR,Kherki Daula BO,,,Gurugram,Haryana,28.413887,76.9931945
Delhi NCR,Kasan BO,,,Gurugram,Haryana,28.344247,76.943839
Delhi NCR,Gurgaon Village BO,,,Gurugram,Haryana,28.4855613,77.009056
Delhi NCR,Chillro BO,,,Mahendragarh,Haryana,28.044064,76.118082
Delhi NCR,Hudina BO,,,Mahendragarh,Haryana,28.044064,76.118082
Delhi NCR,Dublana BO,,,Mahendragarh,Haryana,28.044064,76.118082
Delhi NCR,Nangal Katha BO,,,Mahendragarh,Haryana,28.044064,76.118082
Delhi NCR,Bashirpur BO,,,Mahendragarh,Haryana,28.044064,76.118082
Delhi NCR,Bhucholi BO,,,Mahendragarh,Haryana,28.258604,76.227683
Delhi NCR,Dewas BO,,,Mahendragarh,Haryana,28.258604,76.227683
Delhi NCR,Dhana BO,,,Mahendragarh,Haryana,28.258604,76.227683
Delhi NCR,Sundrah BO,,,Mahendragarh,Haryana,28.258604,76.227683
Delhi NCR,Doha BO,,,Nuh,Haryana,27.787343,76.946463
Delhi NCR,Rawli BO,,,Nuh,Haryana,27.787343,76.946463
Delhi NCR,Bhadas BO,,,Nuh,Haryana,27.9204,76.984468
Delhi NCR,Budarpur BO,,,Nuh,Haryana,27.9204,76.984468
Delhi NCR,Mandikhera BO,,,Nuh,Haryana,27.9204,76.984468
Delhi NCR,Moolthan BO,,,Nuh,Haryana,27.9204,76.984468
Delhi NCR,Sakras BO,,,Nuh,Haryana,27.9204,76.984468
Delhi NCR,Baded BO,,,Nuh,Haryana,27.824681,77.177104
Delhi NCR,Buroli BO,,,Rewari,Haryana,28.295395,76.383798
Delhi NCR,Lisan BO,,,Rewari,Haryana,28.295395,76.383798
Delhi NCR,Nimoth BO,,,Rewari,Haryana,28.295395,76.383798
Punjab,Dadwindi BO,,,Kapurthala,Punjab,31.258877,75.2339139
Punjab,Khaira Dona BO,,,Kapurthala,Punjab,31.0968,75.9381
Punjab,Mahabalipur BO,,,Kapurthala,Punjab,31.374931,75.384205
Punjab,Merripur BO,,,Kapurthala,Punjab,31.374928,75.384208
Punjab,Mehli BO,,,Shahid Bhagat Singh Nagar,Punjab,31.2227913,75.7764331
Delhi NCR,Baldhan Kalan BO,,,Rewari,Haryana,28.295395,76.383798
Delhi NCR,Motla Kalan BO,,,Rewari,Haryana,28.295395,76.383798
Delhi NCR,Rampuri BO,,,Rewari,Haryana,28.295395,76.383798
Punjab,Sehjra BO,,,Barnala,Punjab,31.120189,74.619547
Punjab,Guram BO,,,Barnala,Punjab,30.119954,76.476552
Punjab,Bhotna BO,,,Barnala,Punjab,30.474308,75.425732
Punjab,Bihla BO,,,Barnala,Punjab,30.52474,75.426788
Punjab,Dewana BO,,,Barnala,Punjab,28.682208,77.312627
Punjab,Sher Singh Pura BO,,,Barnala,Punjab,30.432105,75.48836
Punjab,Daraj BO,,,Barnala,Punjab,30.311281,75.342675
Punjab,Ram Nagar Chhana BO,,,Sangrur,Punjab,30.458252,75.734242
Punjab,Kanakwal Bhanguan BO,,,Sangrur,Punjab,30.019347,75.704438
Punjab,Kotra Amru BO,,,Sangrur,Punjab,30.099838,75.729154
Punjab,Nilowal BO,,,Sangrur,Punjab,30.07705,75.804729
Punjab,Bajwa BO,,,Sangrur,Punjab,31.795095,75.68408
Punjab,Burewal BO,,,Kapurthala,Punjab,31.3257189,75.3407417
Punjab,Khalu BO,,,Kapurthala,Punjab,31.41945,75.35345
Punjab,Nasirpur BO,,,Kapurthala,Punjab,31.374928,75.384208
Punjab,Bhawanipur BO,,,Kapurthala,Punjab,31.390201,75.337163
Punjab,Nathu Chahal BO,,,Kapurthala,Punjab,31.38345,75.32705
Punjab,Aujla Jogi BO,,,Kapurthala,Punjab,31.0524277,75.6775263
Punjab,Khassan BO,,,Kapurthala,Punjab,31.5228438,75.4855515
Punjab,Sher Singh Wala BO,,,Kapurthala,Punjab,31.51654,75.51519
Punjab,PCJamalpur BO,,,Kapurthala,Punjab,31.217812,75.769388
Punjab,Athouli BO,,,Kapurthala,Punjab,31.2396,75.71091
Punjab,Gorala BO,,,Amritsar,Punjab,31.88,74.76
Punjab,Guru Ka Bagh BO,,,Amritsar,Punjab,31.77,74.83
Punjab,Karyala BO,,,Amritsar,Punjab,31.84,74.76
Punjab,Mehlanwala BO,,,Amritsar,Punjab,31.78,74.8
Punjab,Mohar BO,,,Amritsar,Punjab,31.84,74.76
Punjab,Othian BO,,,Amritsar,Punjab,31.8,74.68
Punjab,Dhanoakalan BO,,,Amritsar,Punjab,31.64,74.56
Punjab,Mode BO,,,Amritsar,Punjab,31.64,74.58
Punjab,Mohawa BO,,,Amritsar,Punjab,31.57,74.63
Punjab,Neshta BO,,,Amritsar,Punjab,31.58,74.61
Punjab,Bhalaipur Purban BO,,,Amritsar,Punjab,31.61,75.22
Punjab,Dhianpur BO,,,Amritsar,Punjab,31.56,75.24
Punjab,Lakhuwal BO,,,Amritsar,Punjab,31.56,75.29
Punjab,Jamalpur BO,,,Amritsar,Punjab,31.63,75.34
Punjab,Jagdev Khurd BO,,,Amritsar,Punjab,31.91,74.76
Punjab,Jastarwal BO,,,Amritsar,Punjab,31.81,74.71
Punjab,Sarangdeo BO,,,Amritsar,Punjab,31.9,74.7
Punjab,Uggar Aulakh BO,,,Amritsar,Punjab,31.8,74.7
Punjab,Bachiwind BO,,,Amritsar,Punjab,31.67,74.57
Punjab,Rangarh BO,,,Amritsar,Punjab,31.61,74.63
Punjab,Wadala Khurd BO,,,Amritsar,Punjab,31.59,75.23
Punjab,Bhlaipur Dorgan BO,,,Amritsar,Punjab,31.53825,75.2566
Punjab,Kot Mehtab BO,,,Amritsar,Punjab,31.5,75.26
Punjab,Makowal BO,,,Amritsar,Punjab,31.9,74.89
Punjab,Sidhar BO,,,Amritsar,Punjab,31.9,74.88
Punjab,Chathe Roti Ram BO,,,Sangrur,Punjab,28.6409,77.185474
Punjab,Jakhepal BO,,,Sangrur,Punjab,30.062295,75.728427
Punjab,Dhade BO,,,Bathinda,Punjab,30.1794,75.2494
Punjab,Ramanvas BO,,,Bathinda,Punjab,30.3181,75.2357
Punjab,Aklia Jalal BO,,,Bathinda,Punjab,30.5142,75.1604
Punjab,Ghudda BO,,,Bathinda,Punjab,30.1245,74.7893
Punjab,Jassi Bag Wali BO,,,Bathinda,Punjab,30.0527,74.8142
Punjab,Nand Garh BO,,,Bathinda,Punjab,30.0409,74.8251
Punjab,Pathrala BO,,,Bathinda,Punjab,30.0003,74.7527
Delhi NCR,Sikri,,,Karnal,Haryana,29.3959722,76.9606388
Delhi NCR,Udana,,,Karnal,Haryana,29.3959722,76.9606388
Delhi NCR,Brass,,,Karnal,Haryana,29.3959722,76.9606388
Delhi NCR,Dachar,,,Karnal,Haryana,29.3959722,76.9606388
Delhi NCR,Gonder,,,Karnal,Haryana,29.3959722,76.9606388
Delhi NCR,Tikri,,,Karnal,Haryana,29.6874444,76.9906666
Delhi NCR,Anwali BO,,,Sonipat,Haryana,29.44,77
Delhi NCR,Giwana BO,,,Sonipat,Haryana,29.44,77
Delhi NCR,Nizampur BO,,,Sonipat,Haryana,29.18,76.62
Delhi NCR,Bhagan BO,,,Sonipat,Haryana,29.02,77.06
Delhi NCR,AhulanaGannur BO,,,Sonipat,Haryana,29.13,77.01
Delhi NCR,Bali Qutubpur BO,,,Sonipat,Haryana,29.13,77.01
Delhi NCR,Khizarpur Ahir BO,,,Sonipat,Haryana,29.13,77.01
Delhi NCR,Panchi Gujjaran BO,,,Sonipat,Haryana,29.13,77.01
Delhi NCR,Madina BO,,,Sonipat,Haryana,29.13,76.69
Delhi NCR,MahraI BO,,,Sonipat,Haryana,29.13,76.69
Delhi NCR,Mehmoodpur BO,,,Sonipat,Haryana,29.13,76.69
Delhi NCR,Moi Hooda BO,,,Sonipat,Haryana,29.13,76.69
Delhi NCR,Nayat BO,,,Sonipat,Haryana,29.13,76.69
Delhi NCR,Manauli BO,,,Sonipat,Haryana,29.05,76.91
Delhi NCR,Nangal Kalan BO,,,Sonipat,Haryana,29.65,76.43
Delhi NCR,Sitawali BO,,,Sonipat,Haryana,29.06,76.9
Delhi NCR,Raksera,,,Panipat,Haryana,29.5902777,76.1099166
Delhi NCR,Roop Garh,,,Jind,Haryana,29.388162,76.30728
Delhi NCR,Badli BO,,,Nuh,Haryana,27.824681,77.177104
Delhi NCR,Bichhor BO,,,Nuh,Haryana,27.824681,77.177104
Delhi NCR,Bisru BO,,,Nuh,Haryana,27.824681,77.177104
Delhi NCR,Indir Mewat BO,,,Nuh,Haryana,28.248459,77.065802
Delhi NCR,Rojka Meo BO,,,Nuh,Haryana,28.248459,77.065802
Delhi NCR,Rathiwas BO,,,Nuh,Haryana,28.21313,76.954679
Delhi NCR,Sundh BO,,,Nuh,Haryana,28.21313,76.954679
Punjab,Kup Kalan BO,,,Malerkotla,Punjab,30.613364,75.875181
Punjab,Himtana BO,,,Malerkotla,Punjab,30.452505,75.867193
Punjab,Khanpur Mandian BO,,,Malerkotla,Punjab,30.556874,75.970272
Punjab,Roorkee Kalan BO,,,Malerkotla,Punjab,30.563823,76.014529
Punjab,Saraud BO,,,Malerkotla,Punjab,30.566797,75.912935
Punjab,Nihaluwal BO,,,Barnala,Punjab,31.147183,75.293849
Punjab,Jhuner BO,,,Malerkotla,Punjab,30.587701,75.770579
Punjab,Shergarh Cheema BO,,,Malerkotla,Punjab,30.369672,75.777431
Punjab,Bhadalwad BO,,,Barnala,Punjab,30.351953,75.928179
Punjab,Nangal Thulewal BO,,,Barnala,Punjab,29.632607,76.03774
Punjab,Chauhan Ke Kalan BO,,,Barnala,Punjab,28.683689,77.261925
Punjab,Balharwal BO,,,Amritsar,Punjab,31.81,74.71
Punjab,Dhariwal Kaler BO,,,Amritsar,Punjab,31.82,74.8
Punjab,Gaggomahal BO,,,Amritsar,Punjab,31.91,74.81
Punjab,Jasrur BO,,,Amritsar,Punjab,31.84,74.65
Punjab,Sehensra BO,,,Amritsar,Punjab,31.81,74.71
Punjab,Assarapur BO,,,Amritsar,Punjab,31.64,74.64
Punjab,Bhaini Rajputan BO,,,Amritsar,Punjab,31.52,74.62
Punjab,Rajatal BO,,,Amritsar,Punjab,31.54,74.62
Punjab,Wadalkalan BO,,,Amritsar,Punjab,31.636303,75.0389951
Punjab,Bhalojla BO,,,Amritsar,Punjab,31.516558,75.288966
Punjab,Dulonangal BO,,,Amritsar,Punjab,31.51656,75.288964
Punjab,Gagrewal BO,,,Amritsar,Punjab,31.47,75.22
Punjab,Kamalpur BO,,,Amritsar,Punjab,31.36,74.8
Punjab,Bahamanian BO,,,Jalandhar,Punjab,31.37493,75.384206
Punjab,Bajwa Kalan BO,,,Jalandhar,Punjab,31.7951057,75.6840693
Punjab,Killi BO,,,Jalandhar,Punjab,31.06579,75.24819
Punjab,Chak Kalan BO,,,Jalandhar,Punjab,31.52747,75.8066
Punjab,Khaira Majha BO,,,Jalandhar,Punjab,31.38345,75.32705
Punjab,Mowai BO,,,Jalandhar,Punjab,31.217805,75.769395
Punjab,Mithra BO,,,Jalandhar,Punjab,31.215721,75.777559
Punjab,Pabwan BO,,,Jalandhar,Punjab,31.217806,75.769394
Punjab,Sunner Kalan BO,,,Jalandhar,Punjab,31.52747,75.8066
Punjab,Bhangala BO,,,Jalandhar,Punjab,31.52747,75.8066
Punjab,Chinkoa BO,,,Shahid Bhagat Singh Nagar,Punjab,31.45,75.96
Punjab,Garle Dhaha BO,,,Shahid Bhagat Singh Nagar,Punjab,31.05,75.84
Punjab,Gulpur BO,,,Shahid Bhagat Singh Nagar,Punjab,31.05,75.42
Punjab,Makhoopur BO,,,Shahid Bhagat Singh Nagar,Punjab,31.56,75.89
Punjab,Mallewal BO,,,Shahid Bhagat Singh Nagar,Punjab,30.56,74.89
Punjab,Phambra BO,,,Shahid Bhagat Singh Nagar,Punjab,31.0684,76.0024
Punjab,Dhahan BO,,,Shahid Bhagat Singh Nagar,Punjab,31.1917,75.9462
Punjab,Heon BO,,,Shahid Bhagat Singh Nagar,Punjab,31.1917,75.9462
Punjab,Jhander Kalan BO,,,Shahid Bhagat Singh Nagar,Punjab,31.1917,75.9462
Punjab,Gill Kalan BO,,,Bathinda,Punjab,30.2723,75.2727
Punjab,Jaidan BO,,,Bathinda,Punjab,30.2525,75.3091
Punjab,Jethu Ke BO,,,Bathinda,Punjab,30.2892,75.3223
Punjab,Karar Wala BO,,,Bathinda,Punjab,30.2943,75.2931
Punjab,Bandi BO,,,Bathinda,Punjab,30.8557,74.8419
Punjab,Chak Attar Singh Wala BO,,,Bathinda,Punjab,30.0409,74.8251
Punjab,Chak Ruldu Singh Wala BO,,,Bathinda,Punjab,30.0066,74.782
Punjab,Dunne Wala BO,,,Bathinda,Punjab,30.0409,74.8251
Punjab,Gujran BO,,,Sangrur,Punjab,30.124178,75.970998
Punjab,Kadial BO,,,Sangrur,Punjab,30.102132,75.885346
Punjab,Mandi Bhadur Singh Wala BO,,,Sangrur,Punjab,31.619855,74.874766
Punjab,Chural Kalan BO,,,Sangrur,Punjab,29.822765,75.815626
Punjab,Dehla BO,,,Sangrur,Punjab,29.86624,75.889703
Punjab,Dhindsa BO,,,Sangrur,Punjab,30.425324,76.535095
Punjab,Banarsi BO,,,Sangrur,Punjab,29.824088,76.079893
Punjab,Gulhari BO,,,Sangrur,Punjab,30.911854,77.025535
Punjab,Thanian BO,,,Shahid Bhagat Singh Nagar,Punjab,31.1917,75.9462
Punjab,Bhan Mazara BO,,,Shahid Bhagat Singh Nagar,Punjab,31.1739,75.8813
Punjab,Chak Bilgan BO,,,Shahid Bhagat Singh Nagar,Punjab,31.1835,75.9127
Punjab,Sarhal Qazian BO,,,Shahid Bhagat Singh Nagar,Punjab,31.1561,75.913
Punjab,Bharta Khurd BO,,,Shahid Bhagat Singh Nagar,Punjab,31.0572,76.0793
Punjab,Garh Padhiana BO,,,Shahid Bhagat Singh Nagar,Punjab,31.0484,76.0571
Punjab,Dhangerpur BO,,,Shahid Bhagat Singh Nagar,Punjab,31.0675,76.2035
Punjab,Mirpur Jattan BO,,,Shahid Bhagat Singh Nagar,Punjab,31.0675,76.2035
Punjab,Muzaffarpur BO,,,Shahid Bhagat Singh Nagar,Punjab,31.0452,76.2265
Punjab,Shahabpur BO,,,Shahid Bhagat Singh Nagar,Punjab,31.0803,76.1886
Punjab,Bhin BO,,,Shahid Bhagat Singh Nagar,Punjab,31.1634,76.435
Punjab,Mandhali BO,,,Shahid Bhagat Singh Nagar,Punjab,31.1942,75.8491
Punjab,Sarhan Renuan BO,,,Shahid Bhagat Singh Nagar,Punjab,31.1942,75.8491
Punjab,Gobindpur BO,,,Shahid Bhagat Singh Nagar,Punjab,31.2144,76.0232
Punjab,Paddi Matwali BO,,,Shahid Bhagat Singh Nagar,Punjab,31.2144,76.0232
Punjab,Pathlawa BO,,,Shahid Bhagat Singh Nagar,Punjab,31.2144,76.0232
Punjab,Sauna BO,,,Shahid Bhagat Singh Nagar,Punjab,31.104,76.1682
Punjab,Massani BO,,,Jalandhar,Punjab,31.0828,75.8874
Punjab,Dhaleta BO,,,Jalandhar,Punjab,31.118,75.7884
Punjab,Mansurpur BO,,,Jalandhar,Punjab,31.0914,75.8016
Punjab,Phalpota BO,,,Jalandhar,Punjab,31.0977,75.8256
Punjab,Samrai BO,,,Jalandhar,Punjab,31.1788,75.6323
Punjab,Lehal BO,,,Jalandhar,Punjab,31.164,75.8672
Punjab,Sarhal Mandi BO,,,Jalandhar,Punjab,31.1537,75.8856
Punjab,Mothada Khurd BO,,,Jalandhar,Punjab,31.0936,75.7782
Punjab,Paddi Jagir BO,,,Jalandhar,Punjab,31.1452,75.7134
Punjab,Khusropur BO,,,Jalandhar,Punjab,31.261,75.663
Punjab,Bachhauri BO,,,Shahid Bhagat Singh Nagar,Punjab,31.26,75.01
Punjab,Mohar BO,,,Shahid Bhagat Singh Nagar,Punjab,31.08,75.87
Punjab,Rurki Muglan BO,,,Shahid Bhagat Singh Nagar,Punjab,30.52,74.87
Punjab,Sahdra BO,,,Shahid Bhagat Singh Nagar,Punjab,31.42,75.04
Punjab,Begumpur BO,,,Shahid Bhagat Singh Nagar,Punjab,30.94,75.56
Punjab,Kareempur Chahwala BO,,,Shahid Bhagat Singh Nagar,Punjab,30.48,74.58
Punjab,Baharowal BO,,,Shahid Bhagat Singh Nagar,Punjab,31.1964,75.9678
Punjab,Chak Kalan BO,,,Shahid Bhagat Singh Nagar,Punjab,31.1297,75.8731
Punjab,Kaleran BO,,,Shahid Bhagat Singh Nagar,Punjab,31.2053,75.9537
Punjab,Lidhar Kalan BO,,,Shahid Bhagat Singh Nagar,Punjab,31.1617,75.8769
Punjab,Bazidpur BO,,,Shahid Bhagat Singh Nagar,Punjab,31.0486,76.0539
Punjab,Mehrampur BO,,,Shahid Bhagat Singh Nagar,Punjab,31.0484,76.0571
Punjab,Sheikhepur Bagh BO,,,Shahid Bhagat Singh Nagar,Punjab,31.0675,76.2035
Punjab,Bhut BO,,,Shahid Bhagat Singh Nagar,Punjab,31.1634,76.0435
Punjab,Palli Uchi BO,,,Shahid Bhagat Singh Nagar,Punjab,31.1634,76.0435
Punjab,Khanpur BO,,,Shahid Bhagat Singh Nagar,Punjab,31.1544,75.9623
Punjab,Bhan rmazara BO,,,Shahid Bhagat Singh Nagar,Punjab,31.104,76.1682
Punjab,Kaulgarh BO,,,Shahid Bhagat Singh Nagar,Punjab,31.45,75.84
Punjab,Phirni Mazara BO,,,Shahid Bhagat Singh Nagar,Punjab,31.26,75.42
Punjab,Rakkran Dhaha BO,,,Shahid Bhagat Singh Nagar,Punjab,31.87,74.96
Punjab,Chandiani Khurd BO,,,Shahid Bhagat Singh Nagar,Punjab,31.05,75.81
Punjab,Mandi BO,,,Jalandhar,Punjab,31.0828,75.874
Punjab,Chak Desraj BO,,,Jalandhar,Punjab,31.1369,75.8531
Punjab,Kang Jagir BO,,,Jalandhar,Punjab,31.1167,76.6
Punjab,Kot Grewal BO,,,Jalandhar,Punjab,31.1617,75.8769
Punjab,Dhesian Sangh BO,,,Jalandhar,Punjab,31.0936,75.7782
Punjab,Rurka Khurd BO,,,Jalandhar,Punjab,31.121,75.7951
Punjab,Kot Kalan BO,,,Jalandhar,Punjab,31.261,75.663
Punjab,Sofi Pind BO,,,Jalandhar,Punjab,31.261,75.663
Punjab,Chandpur Rurki BO,,,Shahid Bhagat Singh Nagar,Punjab,31.23,74.89
Punjab,Pojewal BO,,,Shahid Bhagat Singh Nagar,Punjab,30.45,75.89
Delhi NCR,Jhagroli BO,,,Mahendragarh,Haryana,28.258604,76.227683
Delhi NCR,Pathera BO,,,Mahendragarh,Haryana,28.258604,76.227683
Punjab,Fatehgarh Panjgrian BO,,,Sangrur,Punjab,30.522664,75.705165
Punjab,Khetla BO,,,Sangrur,Punjab,30.02928,76.008333
Punjab,Uppli BO,,,Sangrur,Punjab,30.209785,75.82289
Punjab,Ubhewal BO,,,Sangrur,Punjab,30.213144,75.776393
Punjab,Kanjla BO,,,Sangrur,Punjab,30.797765,76.480166
Punjab,Punnawal BO,,,Sangrur,Punjab,29.942959,75.801096
Punjab,Ghorenab BO,,,Sangrur,Punjab,29.96316,75.882442
Punjab,Rure Ke Kalan BO,,,Barnala,Punjab,30.259524,75.439829
Punjab,Hathan BO,,,Malerkotla,Punjab,30.450988,75.821437
Punjab,Hussainpura BO,,,Malerkotla,Punjab,30.95701,75.815626
Punjab,Gehal BO,,,Barnala,Punjab,30.549505,75.443212
Punjab,Tajoke BO,,,Barnala,Punjab,30.258861,75.377652
Punjab,Dudian BO,,,Sangrur,Punjab,29.87883,75.940518
Punjab,Makorar Sahib BO,,,Sangrur,Punjab,29.789148,75.949291
Punjab,Maniana BO,,,Sangrur,Punjab,29.747343,75.923824
Punjab,Raidharana BO,,,Sangrur,Punjab,29.941224,75.968614
Punjab,Bhogiwal BO,,,Malerkotla,Punjab,30.588006,75.875181
Punjab,Manak Majra BO,,,Malerkotla,Punjab,30.697872,76.309452
Punjab,Bisla BO,,,Shahid Bhagat Singh Nagar,Punjab,31.204,75.9308
Punjab,Jandiala BO,,,Shahid Bhagat Singh Nagar,Punjab,31.2262,75.9572
Punjab,Malupota BO,,,Shahid Bhagat Singh Nagar,Punjab,31.1917,75.9462
Punjab,Langeri Jagirdaran BO,,,Shahid Bhagat Singh Nagar,Punjab,31.2724,75.8427
Punjab,Gunachaur BO,,,Shahid Bhagat Singh Nagar,Punjab,31.9755,76.0184
Punjab,Bharta Kalan BO,,,Shahid Bhagat Singh Nagar,Punjab,31.0445,76.071
Punjab,Usmanpur BO,,,Shahid Bhagat Singh Nagar,Punjab,31.0641,76.1802
Punjab,Mangowal BO,,,Shahid Bhagat Singh Nagar,Punjab,31.1634,76.0435
Punjab,Lakhpur BO,,,Shahid Bhagat Singh Nagar,Punjab,31.1544,75.9623
Punjab,Jasso Mazara BO,,,Shahid Bhagat Singh Nagar,Punjab,31.1942,75.8491
Punjab,Bhagaura BO,,,Shahid Bhagat Singh Nagar,Punjab,31.104,76.1682
Punjab,Bhaura BO,,,Shahid Bhagat Singh Nagar,Punjab,31.1869,75.9922
Punjab,Gondpur BO,,,Hoshiarpur,Punjab,31.74,75.52
Punjab,Possi BO,,,Hoshiarpur,Punjab,31.47,75.98
Punjab,Hakumatpur BO,,,Hoshiarpur,Punjab,30.29,74.98
Punjab,Fatehgarh Niara BO,,,Hoshiarpur,Punjab,31.54,74.23
Punjab,Dhakkowal BO,,,Hoshiarpur,Punjab,31.24,75.11
Punjab,Sahri BO,,,Hoshiarpur,Punjab,31.58,75.45
Punjab,Saleempur BO,,,Hoshiarpur,Punjab,31.58,75.75
Punjab,Mona Klan BO,,,Hoshiarpur,Punjab,31.42,75.68
Punjab,Kharaudi BO,,,Hoshiarpur,Punjab,31.84,75.84
Punjab,Dagana Kalan BO,,,Hoshiarpur,Punjab,30.82,75.85
Punjab,Nasrala BO,,,Hoshiarpur,Punjab,31.09,74.85
Punjab,Ajram BO,,,Hoshiarpur,Punjab,31.05,75.46
Punjab,Kahri BO,,,Hoshiarpur,Punjab,31.42,75.85
Punjab,Bhungarani BO,,,Hoshiarpur,Punjab,31.09,75.84
Punjab,Hukkran BO,,,Hoshiarpur,Punjab,31.47,75.98
Punjab,Pandorikad BO,,,Hoshiarpur,Punjab,31.04,75.15
Punjab,Badesron BO,,,Hoshiarpur,Punjab,30.24,75.58
Punjab,Fateh Pur Khurd BO,,,Hoshiarpur,Punjab,31.25,75.41
Punjab,Saleempur BO,,,Hoshiarpur,Punjab,31.81726,75.657304
Punjab,Saila Kalan BO,,,Hoshiarpur,Punjab,31.45,75.45
Punjab,Chak Singha BO,,,Hoshiarpur,Punjab,31.45,75.65
Punjab,Hayatpur Rurki BO,,,Hoshiarpur,Punjab,31.32,75.85
Punjab,Badla Mahi BO,,,Hoshiarpur,Punjab,30.98,75.84
Punjab,Mandial BO,,,Hoshiarpur,Punjab,31.23,75.12
Punjab,Pandori Rajputan BO,,,Hoshiarpur,Punjab,31.05,75.23
Punjab,Talwandi Arayan BO,,,Hoshiarpur,Punjab,31.25,75.23
Punjab,Jandiala BO,,,Hoshiarpur,Punjab,31.24,75.96
Punjab,Langeri BO,,,Hoshiarpur,Punjab,31.12,75.46
Punjab,Meghowal BO,,,Hoshiarpur,Punjab,31.23,75.63
Punjab,Lakhpur BO,,,Kapurthala,Punjab,31.224,75.7708
Punjab,Bhallapind BO,,,Amritsar,Punjab,31.84,74.75
Punjab,Fatehwal BO,,,Amritsar,Punjab,31.87,74.72
Punjab,Shahura BO,,,Amritsar,Punjab,31.64,74.61
Punjab,Khanpur BO,,,Amritsar,Punjab,31.5320582,75.36
Punjab,Sheron Bagga BO,,,Amritsar,Punjab,31.6308,75.3
Punjab,Gaure Nangal BO,,,Amritsar,Punjab,31.88,74.88
Punjab,Birampur BO,,,Hoshiarpur,Punjab,31.29,75.89
Punjab,Dhamai BO,,,Hoshiarpur,Punjab,31.46,75.64
Punjab,Sahungra BO,,,Hoshiarpur,Punjab,31.45,75.89
Punjab,Pandori Phagurian BO,,,Hoshiarpur,Punjab,31.02,75.23
Punjab,Soos BO,,,Hoshiarpur,Punjab,31.89,75.45
Punjab,Jiwanpur Jattan BO,,,Hoshiarpur,Punjab,31.53,75.45
Punjab,Mazara Dingrian BO,,,Hoshiarpur,Punjab,31.36,75.75
Punjab,Meghowal Ganjyan BO,,,Hoshiarpur,Punjab,31.07,75.52
Punjab,Taragarh BO,,,Hoshiarpur,Punjab,31.42,75.13
Punjab,Attowal BO,,,Hoshiarpur,Punjab,31.42,75.42
Punjab,Bassi Daulat Khan BO,,,Hoshiarpur,Punjab,31.85,75.42
Punjab,Chhiniwal Kalan BO,,,Barnala,Punjab,30.518923,75.508744
Punjab,Kalalmajra BO,,,Barnala,Punjab,30.528356,75.64263
Punjab,Mithewal BO,,,Malerkotla,Punjab,30.534428,75.671719
Punjab,Lassoi BO,,,Malerkotla,Punjab,30.584809,76.013078
Punjab,Kurar BO,,,Barnala,Punjab,30.528356,75.64263
Punjab,Qutba BO,,,Barnala,Punjab,31.034298,74.358014
Punjab,Kanganwal BO,,,Malerkotla,Punjab,30.613181,75.809814
Punjab,Atti BO,,,Jalandhar,Punjab,31.11345,75.8178
Punjab,Dhandwar BO,,,Jalandhar,Punjab,31.1617,75.8769
Punjab,Birbansian BO,,,Jalandhar,Punjab,31.0936,75.7782
Punjab,Gohawar BO,,,Jalandhar,Punjab,30.8686,75.7209
Punjab,Sargundi BO,,,Jalandhar,Punjab,31.0936,75.7782
Punjab,Udhopur BO,,,Jalandhar,Punjab,31.2415,75.6266
Punjab,Sansarpur BO,,,Jalandhar,Punjab,31.261,75.663
Punjab,Bathian Brahmnan BO,,,Hoshiarpur,Punjab,31.58,75.45
Punjab,Harta BO,,,Hoshiarpur,Punjab,31.65,75.84
Punjab,Mukhliana BO,,,Hoshiarpur,Punjab,31.69,75.13
Punjab,Ahrana Klaln BO,,,Hoshiarpur,Punjab,31.24,75.41
Punjab,Tanuli BO,,,Hoshiarpur,Punjab,31.62,75.84
Punjab,Pandori Bibi BO,,,Hoshiarpur,Punjab,31.25,75.87
Punjab,Kukkran BO,,,Hoshiarpur,Punjab,31.24,75.56
Punjab,Moela Wahidpur BO,,,Hoshiarpur,Punjab,31.16,75.16
Punjab,Padrana BO,,,Hoshiarpur,Punjab,31.56,75.12
Punjab,Pakhowal BO,,,Hoshiarpur,Punjab,31.25,75.45
Punjab,Satnaur BO,,,Hoshiarpur,Punjab,31.68,75.69
Punjab,Bassi Gulam Hussain BO,,,Hoshiarpur,Punjab,31.25,75.41
Punjab,Bassi Purani BO,,,Hoshiarpur,Punjab,31.26,75.21
Punjab,Dada BO,,,Hoshiarpur,Punjab,31.26,75.81
Punjab,Nara BO,,,Hoshiarpur,Punjab,31.41,75.46
Punjab,Bainstani Kalan BO,,,Hoshiarpur,Punjab,30.56,75.84
Punjab,Kitna BO,,,Hoshiarpur,Punjab,30.24,74.58
Punjab,Ganeshpur Bharta BO,,,Hoshiarpur,Punjab,31.47,75.52
Punjab,Khera BO,,,Hoshiarpur,Punjab,31.68,75.52
Punjab,Bhatrana BO,,,Hoshiarpur,Punjab,31.85,75.75
Punjab,Khanal Kalan BO,,,Sangrur,Punjab,30.121103,76.011319
Punjab,Sulargharat BO,,,Sangrur,Punjab,30.106568,75.939066
Punjab,Kular  Khurd BO,,,Sangrur,Punjab,30.165563,75.857753
Punjab,Gaggarpur BO,,,Sangrur,Punjab,30.13125,76.40858
Punjab,Bhindran BO,,,Sangrur,Punjab,30.265639,75.913661
Punjab,Dhaula BO,,,Barnala,Punjab,30.161562,74.568297
Punjab,Dhurkot BO,,,Barnala,Punjab,30.691981,75.796737
Punjab,Kahne Ke BO,,,Barnala,Punjab,30.25662,75.482535
Punjab,Khudi  Kalan BO,,,Barnala,Punjab,30.360063,75.486903
Punjab,Chananwal BO,,,Barnala,Punjab,30.505022,75.485447
Punjab,Gangohar BO,,,Barnala,Punjab,30.550645,75.590254
Delhi NCR,Luksar BO,,,Jhajjar,Haryana,28.4153,77.5547
Delhi NCR,Noona Majra BO,,,Jhajjar,Haryana,28.6719,76.8726
Delhi NCR,Sankhol BO,,,Jhajjar,Haryana,28.7033,76.9117
Delhi NCR,Barahi BO,,,Jhajjar,Haryana,28.736017,76.894341
Delhi NCR,Kulasi BO,,,Jhajjar,Haryana,28.781163,76.864815
Delhi NCR,Kheri Jat BO,,,Jhajjar,Haryana,28.597164,76.783619
Delhi NCR,Gubhana BO,,,Jhajjar,Haryana,28.634988,76.823959
Delhi NCR,Chudani BO,,,Jhajjar,Haryana,28.655326,76.753407
Delhi NCR,Nilothi BO,,,Jhajjar,Haryana,28.634988,76.823959
Delhi NCR,Kharhar BO,,,Jhajjar,Haryana,28.671593,76.748085
Delhi NCR,Goria BO,,,Jhajjar,Haryana,28.502149,76.345367
Delhi NCR,Jhamri BO,,,Jhajjar,Haryana,28.725367,76.562691
Punjab,Badla BO,,,Hoshiarpur,Punjab,31.46,75.84
Punjab,Bharowal BO,,,Hoshiarpur,Punjab,30.56,75.46
Punjab,Dadyal BO,,,Hoshiarpur,Punjab,30.46,75.89
Punjab,Jassowal BO,,,Hoshiarpur,Punjab,31.46,75.89
Punjab,Panam BO,,,Hoshiarpur,Punjab,31.45,75.45
Punjab,Rurki Khas BO,,,Hoshiarpur,Punjab,31.12,75.06
Punjab,Simbli BO,,,Hoshiarpur,Punjab,30.94,75.08
Punjab,Kharar Achharwal BO,,,Hoshiarpur,Punjab,31.66,74.96
Punjab,Laksian BO,,,Hoshiarpur,Punjab,31.56,75.45
Punjab,Makhsoospur BO,,,Hoshiarpur,Punjab,30.89,75.23
Punjab,Qila Hakima BO,,,Sangrur,Punjab,30.318271,75.724792
Punjab,Gidrani BO,,,Sangrur,Punjab,29.965585,75.735436
Punjab,Balran BO,,,Sangrur,Punjab,29.841988,75.849038
Punjab,Lehal Kalan BO,,,Sangrur,Punjab,29.87819,75.8563
Punjab,Chathe Sekhwan BO,,,Sangrur,Punjab,30.198753,75.799643
Punjab,Badrukhan BO,,,Sangrur,Punjab,30.250215,75.792378
Punjab,Gurusar Mastuana BO,,,Sangrur,Punjab,30.209785,75.82289
Punjab,Balian BO,,,Sangrur,Punjab,30.280216,75.898415
Punjab,Benra BO,,,Sangrur,Punjab,30.314739,75.819376
Delhi NCR,Lahli BO,,,Rohtak,Haryana,28.452977,76.378498
Delhi NCR,Patwapur BO,,,Rohtak,Haryana,28.452977,76.378498
Delhi NCR,Kharawar BO,,,Rohtak,Haryana,28.452977,76.378498
Delhi NCR,Kheri Sadh BO,,,Rohtak,Haryana,28.452977,76.378498
Delhi NCR,Pehrawar BO,,,Rohtak,Haryana,28.452977,76.378498
Punjab,Bakhora Kalan BO,,,Sangrur,Punjab,29.869349,75.814173
Punjab,Bhutal Kalan BO,,,Sangrur,Punjab,29.907152,75.875181
Punjab,Chotian BO,,,Sangrur,Punjab,29.720519,75.337209
Punjab,Rampur Gujran BO,,,Sangrur,Punjab,29.833887,76.11135
Punjab,Shadihari BO,,,Sangrur,Punjab,29.956878,75.968095
Punjab,Pandori  Ganga Singh BO,,,Hoshiarpur,Punjab,30.56,75.56
Punjab,Sarhala Khurd BO,,,Hoshiarpur,Punjab,31.45,75.23
Punjab,Phambian BO,,,Hoshiarpur,Punjab,30.25,74.87
Punjab,Gandhowal BO,,,Hoshiarpur,Punjab,31.26,75.45
Punjab,Bharsingpura BO,,,Jalandhar,Punjab,31.0531,75.8628
Punjab,Landhran BO,,,Jalandhar,Punjab,31.0531,75.8628
Punjab,Thalla BO,,,Jalandhar,Punjab,31.0531,75.8628
Punjab,Chachrari BO,,,Jalandhar,Punjab,31.1625,75.7777
Punjab,Mahal BO,,,Jalandhar,Punjab,31.1467,75.7897
Punjab,Mothada Kalan BO,,,Jalandhar,Punjab,31.0936,75.7782
Punjab,Qadian Wali BO,,,Jalandhar,Punjab,31.2415,75.6266
Punjab,Karawar BO,,,Shahid Bhagat Singh Nagar,Punjab,31.02,75.98
Punjab,Mojowal Majara BO,,,Shahid Bhagat Singh Nagar,Punjab,31.45,75.84
Punjab,Torowal BO,,,Shahid Bhagat Singh Nagar,Punjab,31.26,75.25
Punjab,Chak Ramu BO,,,Shahid Bhagat Singh Nagar,Punjab,31.1784,75.892
Punjab,Katt BO,,,Shahid Bhagat Singh Nagar,Punjab,31.2724,75.8427
Punjab,Herian BO,,,Shahid Bhagat Singh Nagar,Punjab,30.8675,76.2594
Punjab,Majara Nau Abad BO,,,Shahid Bhagat Singh Nagar,Punjab,30.9755,76.0184
Punjab,Raipur Dhaba BO,,,Shahid Bhagat Singh Nagar,Punjab,30.9755,76.0184
Punjab,Kharkowal BO,,,Shahid Bhagat Singh Nagar,Punjab,31.0484,76.0571
Punjab,Khoja BO,,,Shahid Bhagat Singh Nagar,Punjab,31.0182,76.0427
Punjab,Jabbowal BO,,,Shahid Bhagat Singh Nagar,Punjab,31.1634,76.0435
Punjab,Khatkar Kalan BO,,,Shahid Bhagat Singh Nagar,Punjab,31.1634,76.0435
Punjab,Palli Jhikki BO,,,Shahid Bhagat Singh Nagar,Punjab,31.1634,76.0435
Punjab,Rampur BO,,,Shahid Bhagat Singh Nagar,Punjab,31.2144,76.0232
Punjab,Daulatpur BO,,,Shahid Bhagat Singh Nagar,Punjab,31.104,76.1682
Punjab,Karimpur BO,,,Shahid Bhagat Singh Nagar,Punjab,31.104,76.1682
Punjab,Kishanpura BO,,,Shahid Bhagat Singh Nagar,Punjab,31.104,76.1682
Punjab,Sanawa BO,,,Shahid Bhagat Singh Nagar,Punjab,31.104,76.1682
Punjab,Sujjon BO,,,Shahid Bhagat Singh Nagar,Punjab,31.1869,75.9922
Punjab,Dadupur Garoa BO,,,Hoshiarpur,Punjab,31.56,75.63
Punjab,Kadiana BO,,,Hoshiarpur,Punjab,31.25,75.56
Punjab,Kathe Adhkare BO,,,Hoshiarpur,Punjab,31.81,75.56
Punjab,Sandhra BO,,,Hoshiarpur,Punjab,31.25,75.69
Delhi NCR,Tumbaheri BO,,,Jhajjar,Haryana,28.414786,76.540718
Delhi NCR,Barhana BO,,,Jhajjar,Haryana,28.781163,76.864815
Delhi NCR,Birdhana BO,,,Jhajjar,Haryana,28.759966,76.931763
Delhi NCR,Bigowa BO,,,Charki Dadri,Haryana,28.6745,76.3707
Delhi NCR,Jhijhar BO,,,Charki Dadri,Haryana,28.6745,76.3707
Delhi NCR,Loharwara BO,,,Charki Dadri,Haryana,28.6745,76.3707
Delhi NCR,Morwala BO,,,Charki Dadri,Haryana,28.6745,76.3707
Delhi NCR,Gopi BO,,,Charki Dadri,Haryana,28.5094,75.9376
Delhi NCR,Mandhi Harya BO,,,Charki Dadri,Haryana,28.5074,76.0695
Delhi NCR,Aun BO,,,Charki Dadri,Haryana,28.7784,76.3418
Delhi NCR,Malkosh BO,,,Charki Dadri,Haryana,28.7784,76.3418
Delhi NCR,Kassar BO,,,Jhajjar,Haryana,28.7018,76.8879
Delhi NCR,Jassaur Kheri BO,,,Jhajjar,Haryana,28.781163,76.864815
Delhi NCR,Bamnoli BO,,,Jhajjar,Haryana,28.786297,76.866875
Delhi NCR,Badsa BO,,,Jhajjar,Haryana,28.634988,76.823959
Delhi NCR,Ladpur BO,,,Jhajjar,Haryana,28.597164,76.783619
Delhi NCR,Sondhi BO,,,Jhajjar,Haryana,28.513312,76.866875
Delhi NCR,Bhupnia BO,,,Jhajjar,Haryana,28.513312,76.866875
Delhi NCR,Matan BO,,,Jhajjar,Haryana,28.671593,76.748085
Delhi NCR,Bhambhewa BO,,,Jhajjar,Haryana,28.452977,76.378498
Delhi NCR,Surheti BO,,,Jhajjar,Haryana,28.552824,76.554108
Delhi NCR,Bhindawas BO,,,Jhajjar,Haryana,28.552824,76.554108
Delhi NCR,Dhandlan BO,,,Jhajjar,Haryana,28.634988,76.823959
Delhi NCR,Samchana BO,,,Rohtak,Haryana,28.634988,76.823959
Delhi NCR,Garhi BO,,,Rohtak,Haryana,28.634988,76.823959
Delhi NCR,Ismaila BO,,,Rohtak,Haryana,28.671593,76.748085
Delhi NCR,Kultana BO,,,Rohtak,Haryana,28.671593,76.748085
Delhi NCR,Banyani BO,,,Rohtak,Haryana,28.452977,76.378498
Delhi NCR,Maina BO,,,Rohtak,Haryana,28.452977,76.378498
Delhi NCR,Baliana BO,,,Rohtak,Haryana,28.503525,76.599255
Delhi NCR,Kiloi BO,,,Rohtak,Haryana,28.725367,76.562691
Delhi NCR,Pilana BO,,,Rohtak,Haryana,28.728528,76.437206
Delhi NCR,Bajina BO,,,Bhiwani,Haryana,28.8199,76.0653
Delhi NCR,Goela Kalan BO,,,Jhajjar,Haryana,28.6194,76.8072
Delhi NCR,Kharman BO,,,Jhajjar,Haryana,28.6738,76.7783
Delhi NCR,Jakhauda BO,,,Jhajjar,Haryana,28.781163,76.864815
Delhi NCR,Pelpa BO,,,Jhajjar,Haryana,28.597164,76.783619
Delhi NCR,Mundakhera BO,,,Jhajjar,Haryana,28.634988,76.823959
Delhi NCR,Rewari Khera BO,,,Jhajjar,Haryana,28.671593,76.748085
Delhi NCR,Tandaheri BO,,,Jhajjar,Haryana,28.735904,76.902704
Delhi NCR,Loharheri BO,,,Jhajjar,Haryana,28.671593,76.748085
Delhi NCR,Atail BO,,,Rohtak,Haryana,28.634988,76.823959
Delhi NCR,Gandhra BO,,,Rohtak,Haryana,28.634988,76.823959
Delhi NCR,Gijhi BO,,,Rohtak,Haryana,28.597164,76.866875
Delhi NCR,Nonaud BO,,,Rohtak,Haryana,28.671593,76.748085
Delhi NCR,Bohar BO,,,Rohtak,Haryana,28.702314,76.437206
Punjab,Sandhra Sodhian BO,,,Hoshiarpur,Punjab,31.65,75.45
Punjab,Mehngarwal Doaba BO,,,Hoshiarpur,Punjab,31.23,75.63
Punjab,Muggowal BO,,,Hoshiarpur,Punjab,30.57,74.69
Punjab,Sakruli BO,,,Hoshiarpur,Punjab,31.13,74.89
Delhi NCR,Baghpur BO,,,Jhajjar,Haryana,28.603946,76.75272
Delhi NCR,Bilochpura BO,,,Jhajjar,Haryana,28.503525,76.599255
Delhi NCR,Kasni BO,,,Jhajjar,Haryana,28.510163,76.579342
Delhi NCR,Samaspur Majra BO,,,Jhajjar,Haryana,28.467314,76.570072
Delhi NCR,Subana BO,,,Jhajjar,Haryana,28.511068,76.616764
Delhi NCR,Chhadwana BO,,,Jhajjar,Haryana,28.5338,76.5377
Delhi NCR,Chhochi BO,,,Jhajjar,Haryana,28.634988,76.823959
Delhi NCR,Gochhi BO,,,Jhajjar,Haryana,28.671593,76.783619
Punjab,Valtoha BO,,,Tarn Taran,Punjab,31.18,74.63
Punjab,Varnala BO,,,Tarn Taran,Punjab,31.23,74.69
Punjab,Chahal BO,,,Tarn Taran,Punjab,31.5,74.65
Punjab,Cheema Kalan BO,,,Tarn Taran,Punjab,31.48,74.67
Punjab,Gandiwind BO,,,Tarn Taran,Punjab,31.5,74.71
Punjab,Naushhra Dhalla BO,,,Tarn Taran,Punjab,31.5229,74.69
Punjab,Bakipur BO,,,Tarn Taran,Punjab,31.43,74.85
Punjab,Musse BO,,,Tarn Taran,Punjab,31.42,74.75
Punjab,Padhri Kalan BO,,,Tarn Taran,Punjab,31.39,74.76
Punjab,Sohal BO,,,Tarn Taran,Punjab,31.37,74.72
Punjab,Bhucher Kalan BO,,,Tarn Taran,Punjab,31.53825,75.25
Punjab,Jeowala BO,,,Tarn Taran,Punjab,31.42,74.83
Punjab,Jhamke BO,,,Tarn Taran,Punjab,31.41,74.8
Punjab,Jalalabad BO,,,Tarn Taran,Punjab,31.45,75.19
Punjab,Rampur Bhootwind BO,,,Tarn Taran,Punjab,31.45,75.16
Punjab,Sohawa BO,,,Tarn Taran,Punjab,31.29,74.97
Punjab,Gaggobhua BO,,,Tarn Taran,Punjab,31.44,74.74
Punjab,Pindian BO,,,Tarn Taran,Punjab,31.39,75.13
Punjab,Vairowal Bawian BO,,,Tarn Taran,Punjab,31.41,75.16
Delhi NCR,Majra BO,,,Jhajjar,Haryana,28.728528,76.910133
Delhi NCR,Sewana BO,,,Jhajjar,Haryana,28.552824,76.554108
Delhi NCR,Daboda Kalan BO,,,Jhajjar,Haryana,28.6825,76.8519
Punjab,Gumtali BO,,,Jalandhar,Punjab,31.125807,75.473293
Punjab,Kandola Kalan BO,,,Jalandhar,Punjab,31.4196049,75.7531255
Punjab,Kot Badal Khan BO,,,Jalandhar,Punjab,31.52747,75.8066
Punjab,Shadipur BO,,,Jalandhar,Punjab,31.125808,75.473292
Punjab,Umarpur Kalan BO,,,Jalandhar,Punjab,31.52747,75.8066
Punjab,Dadeha Sahib BO,,,Tarn Taran,Punjab,31.28905,74.91
Punjab,Gandiwind Dhattal BO,,,Tarn Taran,Punjab,31.2248308,74.96
Punjab,Khara BO,,,Tarn Taran,Punjab,31.41,74.88
Punjab,Marhana BO,,,Tarn Taran,Punjab,31.2,74.96
Punjab,Thatha BO,,,Tarn Taran,Punjab,31.5032473,74.79
Punjab,Beharipura BO,,,Tarn Taran,Punjab,31.6398,74.86
Punjab,Hothian BO,,,Tarn Taran,Punjab,31.4,75.12
Delhi NCR,Bhasro Kalan BO,,,Rohtak,Haryana,28.490702,76.515484
Delhi NCR,Chuliyana BO,,,Rohtak,Haryana,28.634988,76.823959
Delhi NCR,Naya Bans BO,,,Rohtak,Haryana,28.502149,76.345367
Delhi NCR,Garhi Ballab BO,,,Rohtak,Haryana,28.502149,76.345367
Delhi NCR,Kanheli BO,,,Rohtak,Haryana,28.452977,76.378498
Delhi NCR,Kabulpur BO,,,Rohtak,Haryana,28.725367,76.562691
Delhi NCR,Ritauli BO,,,Rohtak,Haryana,28.725367,76.562691
Delhi NCR,Paksma BO,,,Rohtak,Haryana,28.725367,76.562691
Delhi NCR,Polangi BO,,,Rohtak,Haryana,28.725367,76.562691
Delhi NCR,Rurkee BO,,,Rohtak,Haryana,28.725367,76.562691
Delhi NCR,Ladout BO,,,Rohtak,Haryana,28.503525,76.599255
Punjab,Raipur Pir Bux Wala,,,Kapurthala,Punjab,31.5726041,75.4000182
Delhi NCR,Devsar BO,,,Bhiwani,Haryana,28.8199,76.0653
Delhi NCR,Daboda Khurd BO,,,Jhajjar,Haryana,28.664,76.8245
Delhi NCR,Dulhera BO,,,Jhajjar,Haryana,28.646,76.787
Delhi NCR,Lowa Kalan BO,,,Jhajjar,Haryana,28.644,76.9268
Delhi NCR,Soldha BO,,,Jhajjar,Haryana,28.6473,76.8802
Delhi NCR,Bhagwi BO,,,Charki Dadri,Haryana,28.6745,76.3707
Delhi NCR,Arya Nagar BO,,,Charki Dadri,Haryana,28.5094,75.9376
Delhi NCR,Berla BO,,,Charki Dadri,Haryana,28.5074,76.0695
Delhi NCR,Chandwas BO,,,Charki Dadri,Haryana,28.5074,76.0695
Delhi NCR,Dalawas BO,,,Charki Dadri,Haryana,28.5094,75.9376
Delhi NCR,Nandha BO,,,Charki Dadri,Haryana,28.5094,75.9376
Delhi NCR,Roopgarh BO,,,Bhiwani,Haryana,28.7158,76.1414
Punjab,Sohal Jagir BO,,,Jalandhar,Punjab,31.8362,75.6474
Punjab,Bhallowal BO,,,Jalandhar,Punjab,31.125809,75.473291
Punjab,Chuheki BO,,,Jalandhar,Punjab,31.125807,75.473293
Punjab,Ramewal BO,,,Jalandhar,Punjab,31.0480256,75.575554
Punjab,Uppal Jagir BO,,,Jalandhar,Punjab,31.52747,75.8066
Punjab,Khusropur BO,,,Jalandhar,Punjab,31.2676983,75.6353474
Delhi NCR,Dhirana BO,,,Bhiwani,Haryana,28.7158,76.1414
Delhi NCR,Dhana Ladan Pur BO,,,Bhiwani,Haryana,28.7158,76.1414
Delhi NCR,Rajgarh BO,,,Bhiwani,Haryana,28.7158,76.1414
Delhi NCR,Baliali BO,,,Bhiwani,Haryana,28.9449,76.0334
Delhi NCR,Matani BO,,,Bhiwani,Haryana,28.6296,75.6179
Delhi NCR,Morka BO,,,Bhiwani,Haryana,28.6296,75.6179
Delhi NCR,Noonsar BO,,,Bhiwani,Haryana,28.6296,75.6179
Delhi NCR,Obra BO,,,Bhiwani,Haryana,28.6296,75.6179
Delhi NCR,Patwan BO,,,Bhiwani,Haryana,28.6296,75.6179
Delhi NCR,Sai BO,,,Bhiwani,Haryana,28.8837,76.2392
Delhi NCR,Paposa BO,,,Bhiwani,Haryana,28.9639,75.9565
Delhi NCR,Ratera BO,,,Bhiwani,Haryana,28.9639,75.9565
Delhi NCR,Asalwas Marheta BO,,,Bhiwani,Haryana,28.6358,75.9434
Delhi NCR,Bhangarh BO,,,Bhiwani,Haryana,28.6358,75.9434
Delhi NCR,Dandama BO,,,Bhiwani,Haryana,28.6358,75.9434
Delhi NCR,Chandawas BO,,,Bhiwani,Haryana,28.6995,75.8708
Delhi NCR,Devrala BO,,,Bhiwani,Haryana,28.6995,75.8708
Delhi NCR,Bamla BO,,,Bhiwani,Haryana,28.828,76.3087
Delhi NCR,Bardu Chaina BO,,,Bhiwani,Haryana,28.4267,75.804
Delhi NCR,Barwas BO,,,Bhiwani,Haryana,28.4267,75.804
Delhi NCR,Bisalwas BO,,,Bhiwani,Haryana,28.4267,75.804
Delhi NCR,Budhera BO,,,Bhiwani,Haryana,28.4267,75.804
Delhi NCR,Singhani BO,,,Bhiwani,Haryana,28.4267,75.804
Delhi NCR,Paju BO,,,Bhiwani,Haryana,28.4267,75.804
Delhi NCR,Kaila BO,,,Bhiwani,Haryana,28.7084,76.22
Delhi NCR,Kitlana BO,,,Bhiwani,Haryana,28.7158,76.1414
Delhi NCR,Sandawa BO,,,Bhiwani,Haryana,28.7218,75.7664
Delhi NCR,Dhanana BO,,,Bhiwani,Haryana,28.862,76.1407
Delhi NCR,Premnagar BO,,,Bhiwani,Haryana,28.862,76.1407
Punjab,Dappar BO,,,S.A.S Nagar,Punjab,30.692051,76.69841
Punjab,Kuranwala BO,,,S.A.S Nagar,Punjab,30.692051,76.69841
Punjab,Tassimbli BO,,,S.A.S Nagar,Punjab,30.692051,76.69841
Punjab,Tiwana BO,,,S.A.S Nagar,Punjab,30.692051,76.69841
Delhi NCR,Dohka Harya BO,,,Charki Dadri,Haryana,28.5997,76.1517
Delhi NCR,Siswala BO,,,Charki Dadri,Haryana,28.5997,76.1517
Delhi NCR,Tiwala BO,,,Charki Dadri,Haryana,28.5997,76.1517
Delhi NCR,Kheri Bura BO,,,Charki Dadri,Haryana,28.5921,76.2653
Delhi NCR,Mankawas BO,,,Charki Dadri,Haryana,28.5921,76.2653
Delhi NCR,Neemli BO,,,Charki Dadri,Haryana,28.5921,76.2653
Delhi NCR,Chang Road BO,,,Charki Dadri,Haryana,28.4614,76.2609
Delhi NCR,Dudhwa BO,,,Charki Dadri,Haryana,28.4614,76.2609
Delhi NCR,Mauri BO,,,Charki Dadri,Haryana,28.4614,76.2609
Delhi NCR,Badhawana BO,,,Charki Dadri,Haryana,28.5216,76.1508
Delhi NCR,Misri BO,,,Charki Dadri,Haryana,28.7129,76.2911
Delhi NCR,Sanjarwas BO,,,Charki Dadri,Haryana,28.7129,76.2911
Delhi NCR,Sankror BO,,,Charki Dadri,Haryana,28.7129,76.2911
Delhi NCR,Atela Khurd BO,,,Charki Dadri,Haryana,28.5997,76.1517
Delhi NCR,Barsana BO,,,Charki Dadri,Haryana,28.5997,76.1517
Delhi NCR,Mehera BO,,,Charki Dadri,Haryana,28.5997,76.1517
Delhi NCR,Chappar BO,,,Charki Dadri,Haryana,28.5997,76.1517
Delhi NCR,Ghasola BO,,,Charki Dadri,Haryana,28.5921,76.2653
Delhi NCR,Kalyana BO,,,Charki Dadri,Haryana,28.5921,76.2653
Delhi NCR,Karor BO,,,Rohtak,Haryana,28.452977,76.345367
Delhi NCR,Dhamar BO,,,Rohtak,Haryana,28.503525,76.599255
Delhi NCR,Mungain BO,,,Rohtak,Haryana,28.725367,76.562691
Delhi NCR,Makrauli Kalan BO,,,Rohtak,Haryana,28.503525,76.599255
Delhi NCR,Rawaldhi BO,,,Charki Dadri,Haryana,28.5921,76.2653
Delhi NCR,Sarupgarh BO,,,Charki Dadri,Haryana,28.5921,76.2653
Delhi NCR,Makrana BO,,,Charki Dadri,Haryana,28.4614,76.2609
Delhi NCR,Aun BO,,,Charki Dadri,Haryana,28.5216,76.1508
Delhi NCR,Chandeni BO,,,Charki Dadri,Haryana,28.5216,76.1508
Delhi NCR,Rambass BO,,,Charki Dadri,Haryana,28.5074,76.0695
Delhi NCR,Bhagesari BO,,,Charki Dadri,Haryana,28.6745,76.3707
Delhi NCR,Badrai BO,,,Charki Dadri,Haryana,28.5074,76.0695
Delhi NCR,Dagroli BO,,,Charki Dadri,Haryana,28.5074,76.0695
Delhi NCR,Kadma BO,,,Charki Dadri,Haryana,28.5074,76.0695
Delhi NCR,Kakroli Sardara BO,,,Charki Dadri,Haryana,28.5094,75.9376
Delhi NCR,Khorda BO,,,Charki Dadri,Haryana,28.5094,75.9376
Delhi NCR,KANONDA BO,,,Jhajjar,Haryana,28.513312,76.866875
Delhi NCR,LADRAWAN BO,,,Jhajjar,Haryana,28.513312,76.866875
Delhi NCR,Bamnaula BO,,,Jhajjar,Haryana,28.597164,76.783619
Delhi NCR,Deverkhana BO,,,Jhajjar,Haryana,28.597164,76.783619
Delhi NCR,Bhaproda BO,,,Jhajjar,Haryana,28.634988,76.823959
Delhi NCR,Dehkora BO,,,Jhajjar,Haryana,28.655326,76.753407
Delhi NCR,Hamidpur BO,,,Mahendragarh,Haryana,28.044064,76.118082
Delhi NCR,Gadpuri BO,,,Palwal,Haryana,28.252452,77.277837
Delhi NCR,Banswa BO,,,Palwal,Haryana,27.896309,77.448684
Delhi NCR,Uttawar BO,,,Palwal,Haryana,27.982955,77.188775
Delhi NCR,Lohina BO,,,Palwal,Haryana,27.945601,77.31234
Delhi NCR,Paluwas BO,,,Bhiwani,Haryana,28.862,76.1407
Delhi NCR,Barsi BO,,,Bhiwani,Haryana,28.9449,76.0334
Delhi NCR,Lohari Jatu BO,,,Bhiwani,Haryana,28.9449,76.0334
Delhi NCR,Mithi BO,,,Bhiwani,Haryana,28.6296,75.6179
Delhi NCR,Serla BO,,,Bhiwani,Haryana,28.6296,75.6179
Delhi NCR,Surpura Khurd BO,,,Bhiwani,Haryana,28.6296,75.6179
Delhi NCR,Rewari Khera BO,,,Bhiwani,Haryana,28.8837,76.2392
Delhi NCR,Kirawar BO,,,Bhiwani,Haryana,28.9639,75.9565
Delhi NCR,Dhabdhani BO,,,Bhiwani,Haryana,28.6358,75.9434
Delhi NCR,Golpura BO,,,Bhiwani,Haryana,28.6358,75.9434
Delhi NCR,Mandhana BO,,,Bhiwani,Haryana,28.9449,76.0334
Delhi NCR,Milkpur BO,,,Bhiwani,Haryana,28.9449,76.0334
Delhi NCR,Pur BO,,,Bhiwani,Haryana,28.9449,76.0334
Delhi NCR,Siwara BO,,,Bhiwani,Haryana,28.9449,76.0334
Delhi NCR,Rohnat BO,,,Bhiwani,Haryana,28.9639,75.9565
Delhi NCR,Umarwas BO,,,Bhiwani,Haryana,28.6358,75.9434
Delhi NCR,Lohani BO,,,Bhiwani,Haryana,28.6995,75.8708
Delhi NCR,Kusumbhi BO,,,Bhiwani,Haryana,28.6995,75.8708
Delhi NCR,Chahar Kalan BO,,,Bhiwani,Haryana,28.4267,75.804
Delhi NCR,Chahar Khurd BO,,,Bhiwani,Haryana,28.4267,75.804
Delhi NCR,Dhighawa Jattan BO,,,Bhiwani,Haryana,28.4267,75.804
Delhi NCR,Gignow BO,,,Bhiwani,Haryana,28.4267,75.804
Delhi NCR,Dhareru BO,,,Bhiwani,Haryana,28.7084,76.22
Delhi NCR,Fatehgarh Haryana BO,,,Bhiwani,Haryana,28.7084,76.22
Delhi NCR,Bhaini Kungar BO,,,Bhiwani,Haryana,28.9734,76.1958
Delhi NCR,Jatai BO,,,Bhiwani,Haryana,28.9734,76.1958
Delhi NCR,Kungar BO,,,Bhiwani,Haryana,28.9734,76.1958
Delhi NCR,Siwana BO,,,Bhiwani,Haryana,28.9734,76.1958
Delhi NCR,Bhariwas BO,,,Bhiwani,Haryana,28.7218,75.7664
Punjab,Maqsoodpur BO,,,Kapurthala,Punjab,31.5849331,75.4881959
Punjab,Daon BO,,,S.A.S Nagar,Punjab,30.692051,76.69841
Punjab,Gholumajra BO,,,S.A.S Nagar,Punjab,30.692051,76.69841
Punjab,Devinagar BO,,,S.A.S Nagar,Punjab,30.692051,76.69841
Delhi NCR,Bhushan BO,,,Bhiwani,Haryana,28.7218,75.7664
Delhi NCR,Mandhan BO,,,Bhiwani,Haryana,28.7218,75.7664
Delhi NCR,Gainadawas BO,,,Bhiwani,Haryana,28.9084,75.6121
Delhi NCR,Ghanghala BO,,,Bhiwani,Haryana,28.9084,75.6121
Delhi NCR,Gurera BO,,,Bhiwani,Haryana,28.9084,75.6121
Delhi NCR,Jhumpa Kalan BO,,,Bhiwani,Haryana,28.9084,75.6121
Delhi NCR,Daryapur BO,,,Bhiwani,Haryana,28.8725,75.9144
Delhi NCR,Dulheri BO,,,Bhiwani,Haryana,28.8725,75.9144
Delhi NCR,Garanpura Kalan BO,,,Bhiwani,Haryana,28.8725,75.9144
Delhi NCR,Sagban BO,,,Bhiwani,Haryana,28.8725,75.9144
Delhi NCR,Thilod BO,,,Bhiwani,Haryana,28.8725,75.9144
Delhi NCR,Rohad BO,,,Jhajjar,Haryana,28.452977,76.378498
Delhi NCR,Khanpur Khurd BO,,,Jhajjar,Haryana,28.502149,76.345367
Delhi NCR,Ganewari BO,,,Sonipat,Haryana,29.2,76.61
Delhi NCR,Barona BO,,,Sonipat,Haryana,28.87,76.91
Delhi NCR,Khorra BO,,,Jhajjar,Haryana,28.482253,76.351032
Delhi NCR,Bakra BO,,,Jhajjar,Haryana,28.482253,76.301422
Delhi NCR,Bishan BO,,,Jhajjar,Haryana,28.725367,76.562691
Delhi NCR,Dhaur BO,,,Jhajjar,Haryana,28.708506,76.528702
Delhi NCR,Darauli BO,,,Jhajjar,Haryana,28.503525,76.599255
Delhi NCR,Khetawas BO,,,Jhajjar,Haryana,28.467314,76.570072
Delhi NCR,Niwada BO,,,Jhajjar,Haryana,28.510163,76.579342
Delhi NCR,Thanakalan BO,,,Sonipat,Haryana,28.87,76.91
Delhi NCR,Asadpur Nandnaur BO,,,Sonipat,Haryana,29.03,77.07
Delhi NCR,Jainpur BO,,,Sonipat,Haryana,29.03,77.07
Delhi NCR,Nathupur BO,,,Sonipat,Haryana,28.98,77.1
Delhi NCR,Pritampura BO,,,Sonipat,Haryana,28.98,77.1
Delhi NCR,Moi Majri BO,,,Sonipat,Haryana,28.98,77.1
Delhi NCR,Panchijatan BO,,,Sonipat,Haryana,29.1,76.94
Delhi NCR,Pugthala BO,,,Sonipat,Haryana,29.1,76.94
Delhi NCR,Bindroli BO,,,Sonipat,Haryana,28.95,76.93
Delhi NCR,Jharot BO,,,Sonipat,Haryana,29.1,76.94
Delhi NCR,Kundal BO,,,Sonipat,Haryana,28.87,76.91
Delhi NCR,Pehladpur Kiroli BO,,,Sonipat,Haryana,28.87,76.91
Delhi NCR,Rohna BO,,,Sonipat,Haryana,28.87,76.91
Delhi NCR,Busana BO,,,Sonipat,Haryana,28.87,76.91
Delhi NCR,Chhetra BO,,,Sonipat,Haryana,29.2,76.77
Delhi NCR,Halalpur BO,,,Sonipat,Haryana,28.88,77.1
Delhi NCR,Kheri Manajat BO,,,Sonipat,Haryana,28.88,77.1
Delhi NCR,Mandaura BO,,,Sonipat,Haryana,28.88,77.1
Delhi NCR,Nahra BO,,,Sonipat,Haryana,28.88,77.1
Delhi NCR,Kanwali BO,,,Sonipat,Haryana,29.1,76.94
Punjab,Bir Raoke BO,,,Moga,Punjab,30.68715,75.3063
Punjab,Alamwala Kalan BO,,,Moga,Punjab,30.2677025,74.421771
Punjab,Baraghar BO,,,Moga,Punjab,30.761036,74.9880815
Punjab,Langeana Kalan BO,,,Moga,Punjab,30.7195686,75.0172895
Punjab,Langeana Khurd BO,,,Moga,Punjab,30.7195686,75.0172895
Punjab,Mahla Kalan BO,,,Moga,Punjab,30.70515,75.03696
Punjab,Bhagike BO,,,Moga,Punjab,30.8164673,75.1717023
Punjab,Bahona BO,,,Moga,Punjab,30.804156,75.1765055
Punjab,Ajitwal BO,,,Moga,Punjab,30.8306915,75.0885144
Punjab,Chuhar Chak BO,,,Moga,Punjab,30.79727,75.32054
Punjab,Matwani BO,,,Moga,Punjab,30.79727,75.32054
Punjab,Dadahur BO,,,Moga,Punjab,30.8164673,75.1717023
Punjab,Daroli Bhai BO,,,Moga,Punjab,30.84746,74.7184
Punjab,Daulatpur Nicha BO,,,Moga,Punjab,30.84746,74.7184
Punjab,Joge Wala BO,,,Moga,Punjab,30.84746,74.7184
Punjab,Kalia Wala Karmuka BO,,,Moga,Punjab,30.84746,74.7184
Punjab,Nidhanwala BO,,,Moga,Punjab,30.84746,74.7184
Punjab,Rattian BO,,,Moga,Punjab,30.829111,75.107252
Punjab,Rampur Sainia BO,,,S.A.S Nagar,Punjab,30.692051,76.69841
Punjab,Dharamgarh BO,,,S.A.S Nagar,Punjab,30.692051,76.69841
Punjab,Joula Kalan BO,,,S.A.S Nagar,Punjab,30.7420833,76.69841
Punjab,Khelan BO,,,S.A.S Nagar,Punjab,30.692051,76.69841
Punjab,Jangipur BO,,,S.A.S Nagar,Punjab,30.692051,76.69841
Punjab,Handesera BO,,,S.A.S Nagar,Punjab,30.692051,76.69841
Punjab,Jarut BO,,,S.A.S Nagar,Punjab,30.692051,76.69841
Punjab,Jauli BO,,,S.A.S Nagar,Punjab,30.692051,76.69841
Punjab,Jharmarhi BO,,,S.A.S Nagar,Punjab,30.692051,76.69841
Punjab,Samgoli BO,,,S.A.S Nagar,Punjab,30.692051,76.69841
Delhi NCR,Biran BO,,,Bhiwani,Haryana,28.8199,76.0653
Delhi NCR,Dang BO,,,Bhiwani,Haryana,28.8199,76.0653
Delhi NCR,Dinod BO,,,Bhiwani,Haryana,28.8199,76.0653
Delhi NCR,Kohar BO,,,Bhiwani,Haryana,28.8199,76.0653
Delhi NCR,Haluwas BO,,,Bhiwani,Haryana,28.7158,76.1414
Delhi NCR,Nandgaon BO,,,Bhiwani,Haryana,28.7158,76.1414
Delhi NCR,Charkhi BO,,,Charki Dadri,Haryana,28.5921,76.2653
Delhi NCR,Dhadhi Mandola BO,,,Charki Dadri,Haryana,28.5921,76.2653
Delhi NCR,Gudana Kalan BO,,,Charki Dadri,Haryana,28.5216,76.1508
Delhi NCR,Naurangabass Jattan BO,,,Charki Dadri,Haryana,28.5216,76.1508
Delhi NCR,Palari BO,,,Charki Dadri,Haryana,28.5216,76.1508
Delhi NCR,Ranila BO,,,Charki Dadri,Haryana,28.7129,76.2911
Delhi NCR,Durjanpur BO,,,Bhiwani,Haryana,28.9449,76.0334
Delhi NCR,Sidhanwa BO,,,Bhiwani,Haryana,28.6296,75.6179
Delhi NCR,Bhurtana BO,,,Bhiwani,Haryana,28.9639,75.9565
Delhi NCR,Golagarh BO,,,Bhiwani,Haryana,28.6358,75.9434
Delhi NCR,Pohkarwas BO,,,Bhiwani,Haryana,28.6358,75.9434
Delhi NCR,Leghan BO,,,Bhiwani,Haryana,28.6995,75.8708
Delhi NCR,Sungarpur BO,,,Bhiwani,Haryana,28.6995,75.8708
Delhi NCR,Dhani Dhola BO,,,Bhiwani,Haryana,28.4267,75.804
Delhi NCR,Jhanjra Sheoran BO,,,Bhiwani,Haryana,28.4267,75.804
Delhi NCR,Kural BO,,,Bhiwani,Haryana,28.4267,75.804
Delhi NCR,Parvezpur BO,,,Bhiwani,Haryana,28.4267,75.804
Delhi NCR,Neemriwali BO,,,Bhiwani,Haryana,28.7084,76.22
Delhi NCR,Ajitpura BO,,,Bhiwani,Haryana,28.7084,76.22
Delhi NCR,Talu BO,,,Bhiwani,Haryana,28.9734,76.1958
Delhi NCR,Bhera BO,,,Bhiwani,Haryana,28.7218,75.7664
Delhi NCR,Jhully BO,,,Bhiwani,Haryana,28.7218,75.7664
Punjab,Sada Singh Wala BO,,,Moga,Punjab,30.84746,74.7184
Punjab,Saffuwala BO,,,Moga,Punjab,30.84746,74.7184
Punjab,Phulewala BO,,,Moga,Punjab,30.6441411,75.1530698
Punjab,Rode BO,,,Moga,Punjab,30.6813889,75.0188889
Punjab,Sekha Kalan BO,,,Moga,Punjab,30.3583021,75.6469824
Punjab,Smalsar BO,,,Moga,Punjab,30.6372906,74.998308
Punjab,Lopon BO,,,Moga,Punjab,30.8164673,75.1717023
Punjab,Budh Singh Wala BO,,,Moga,Punjab,30.70515,75.03696
Punjab,Channuwala BO,,,Moga,Punjab,30.0992387,74.6122159
Punjab,Nathoke BO,,,Moga,Punjab,30.70515,75.03696
Punjab,Rajeana BO,,,Moga,Punjab,30.7189553,75.1003782
Punjab,Kussa BO,,,Moga,Punjab,30.816465,75.1717043
Punjab,Machhike BO,,,Moga,Punjab,30.59428,75.36167
Punjab,Raman BO,,,Moga,Punjab,30.8164653,75.171704
Punjab,Mallianwala BO,,,Moga,Punjab,30.7435745,75.2030129
Punjab,Ramuwala Kalan BO,,,Moga,Punjab,31.014,74.93385
Punjab,Bughipura BO,,,Moga,Punjab,30.73125,75.429
Punjab,Mehna BO,,,Moga,Punjab,30.817177,75.1784542
Punjab,Killi Chahal BO,,,Moga,Punjab,30.79727,75.32054
Punjab,Takhanwadh BO,,,Moga,Punjab,30.79727,75.32054
Punjab,Darapur BO,,,Moga,Punjab,30.84746,74.7184
Punjab,Korewala Kalan BO,,,Moga,Punjab,30.7896666,75.0107169
Punjab,Lande BO,,,Moga,Punjab,30.78605,75.205
Punjab,Bhankarpur BO,,,S.A.S Nagar,Punjab,30.692051,76.69841
Punjab,Miani Bhagopurian BO,,,Kapurthala,Punjab,31.61683,75.43249
Punjab,Talwandi Sanghera BO,,,Jalandhar,Punjab,31.8362,75.6474
Punjab,Bhandal Himmat BO,,,Jalandhar,Punjab,31.9667321,75.1975678
Punjab,Gumtala BO,,,Jalandhar,Punjab,31.125807,75.473293
Punjab,Saidowal BO,,,Jalandhar,Punjab,31.125808,75.473292
Punjab,Uppal Bhupa BO,,,Jalandhar,Punjab,31.52747,75.8066
Punjab,Talwan BO,,,Jalandhar,Punjab,31.0076,75.6124
Punjab,Kaleke BO,,,Moga,Punjab,30.70515,75.03696
Punjab,Kotla Mehar Singh wala BO,,,Moga,Punjab,30.70515,75.03696
Punjab,Ladhai Ke BO,,,Moga,Punjab,30.70515,75.03696
Punjab,Lohara BO,,,Moga,Punjab,30.8608995,75.1908913
Punjab,Minian BO,,,Moga,Punjab,30.641157,75.356327
Punjab,Nangal BO,,,Moga,Punjab,30.8164663,75.1717033
Punjab,Ramuwala Harchoke BO,,,Moga,Punjab,31.014,74.93385
Punjab,Ramuwala Nawan BO,,,Moga,Punjab,31.014,74.93385
Punjab,Mehron BO,,,Moga,Punjab,30.771923,75.2074958
Punjab,Nathuwala Jadid BO,,,Moga,Punjab,30.79727,75.32054
Punjab,Bukan Wala BO,,,Moga,Punjab,30.84746,74.7184
Punjab,Thaman Wala BO,,,Moga,Punjab,30.84746,74.7184
Punjab,Balongi BO,,,S.A.S Nagar,Punjab,30.692051,76.69841
Punjab,Jalalpur BO,,,S.A.S Nagar,Punjab,30.692051,76.69841
Punjab,Baroli BO,,,S.A.S Nagar,Punjab,30.692051,76.69841
Punjab,Rani Majra BO,,,S.A.S Nagar,Punjab,30.692051,76.69841
Punjab,Sirsihni BO,,,S.A.S Nagar,Punjab,30.692051,76.69841
Delhi NCR,Pingore BO,,,Palwal,Haryana,28.035948,77.3465
Delhi NCR,Seoli BO,,,Palwal,Haryana,27.637362,75.403603
Delhi NCR,Dhauj BO,,,Faridabad,Haryana,28.362286,77.18801
Delhi NCR,Fatehpur Billoch BO,,,Faridabad,Haryana,28.257487,77.371203
Delhi NCR,Neemka BO,,,Faridabad,Haryana,28.3547,77.381249
Delhi NCR,Panhera Khurd BO,,,Faridabad,Haryana,28.26879,77.399905
Delhi NCR,Sagarpur BO,,,Faridabad,Haryana,28.604101,77.097616
Delhi NCR,Bhaskola BO,,,Faridabad,Haryana,28.405301,77.374447
Delhi NCR,Bhandoli BO,,,Palwal,Haryana,28.36031,77.471631
Delhi NCR,Bhiduki BO,,,Palwal,Haryana,27.918047,77.450118
Delhi NCR,Tappa Bilochpur BO,,,Palwal,Haryana,28.034715,77.489556
Delhi NCR,Chhainsa BO,,,Palwal,Haryana,28.064485,77.168647
Delhi NCR,Hetampura BO,,,Bhiwani,Haryana,28.6995,75.8708
Delhi NCR,Mansarbass BO,,,Bhiwani,Haryana,28.6995,75.8708
Delhi NCR,Kalinga BO,,,Bhiwani,Haryana,28.828,76.3087
Delhi NCR,Fartia Bhima BO,,,Bhiwani,Haryana,28.4267,75.804
Delhi NCR,Kharkari BO,,,Bhiwani,Haryana,28.4267,75.804
Delhi NCR,Nakipur BO,,,Bhiwani,Haryana,28.4267,75.804
Delhi NCR,Sehar BO,,,Bhiwani,Haryana,28.4267,75.804
Delhi NCR,Sohansara BO,,,Bhiwani,Haryana,28.4267,75.804
Delhi NCR,Sanga BO,,,Bhiwani,Haryana,28.7084,76.22
Delhi NCR,Kaunt BO,,,Bhiwani,Haryana,28.7084,76.22
Delhi NCR,Isharwal BO,,,Bhiwani,Haryana,28.7218,75.7664
Delhi NCR,Bidhwan BO,,,Bhiwani,Haryana,28.9084,75.6121
Delhi NCR,Khera BO,,,Bhiwani,Haryana,28.9084,75.6121
Delhi NCR,Miran BO,,,Bhiwani,Haryana,28.9084,75.6121
Delhi NCR,Badesera BO,,,Bhiwani,Haryana,28.862,76.1407
Delhi NCR,Gujrani BO,,,Bhiwani,Haryana,28.862,76.1407
Delhi NCR,Sui BO,,,Bhiwani,Haryana,28.862,76.1407
Delhi NCR,Chappar Rangran BO,,,Bhiwani,Haryana,28.8725,75.9144
Delhi NCR,Riwasa BO,,,Bhiwani,Haryana,28.8725,75.9144
Delhi NCR,Badal BO,,,Charki Dadri,Haryana,28.5997,76.1517
Delhi NCR,Rasiwas BO,,,Charki Dadri,Haryana,28.5997,76.1517
Delhi NCR,Sarangpur,,,Charki Dadri,Haryana,28.65961,76.06885
Delhi NCR,Dhani Phogat BO,,,Charki Dadri,Haryana,28.5921,76.2653
Delhi NCR,Imlota BO,,,Charki Dadri,Haryana,28.5921,76.2653
Delhi NCR,Paitawas Kalan BO,,,Charki Dadri,Haryana,28.5921,76.2653
Delhi NCR,Samaspur BO,,,Charki Dadri,Haryana,28.5921,76.2653
Delhi NCR,Dhadhi Adampur BO,,,Charki Dadri,Haryana,28.5216,76.1508
Delhi NCR,Jawa BO,,,Charki Dadri,Haryana,28.5216,76.1508
Delhi NCR,Pichopa Kalan BO,,,Charki Dadri,Haryana,28.5216,76.1508
Delhi NCR,Gehlab BO,,,Palwal,Haryana,28.0033836,77.278585
Delhi NCR,Gharrot BO,,,Palwal,Haryana,28.07181,77.209339
Delhi NCR,Khaika BO,,,Palwal,Haryana,28.267706,77.0917
Delhi NCR,Gurukul Indraprashtha BO,,,Faridabad,Haryana,28.359866,77.359719
Delhi NCR,Bamni Khera BO,,,Palwal,Haryana,28.063948,77.3468
Delhi NCR,Khatela Sarai BO,,,Palwal,Haryana,27.985435,77.338186
Delhi NCR,Nangal Jat BO,,,Palwal,Haryana,27.943183,77.281786
Delhi NCR,Jawan BO,,,Faridabad,Haryana,28.26879,77.390905
Delhi NCR,Seekri BO,,,Faridabad,Haryana,28.275545,77.287924
Delhi NCR,Kondal BO,,,Palwal,Haryana,28.0511,77.270687
Delhi NCR,Madnaka BO,,,Palwal,Haryana,28.098234,77.178778
Delhi NCR,Mandkola BO,,,Palwal,Haryana,28.134588,77.180149
Delhi NCR,Rupraka BO,,,Palwal,Haryana,27.996761,77.19935
Delhi NCR,Ali Meo BO,,,Palwal,Haryana,27.920848,77.2477
Delhi NCR,Gorota BO,,,Palwal,Haryana,28.1487362,77.3320262
Delhi NCR,Marraoli BO,,,Palwal,Haryana,27.964565,77.376944
Delhi NCR,Pathauli BO,,,Meerut,Uttar Pradesh,29.08,77.55
Delhi NCR,Daurala Gaon BO,,,Meerut,Uttar Pradesh,29.1130165,77.70227
Delhi NCR,Lohiya BO,,,Meerut,Uttar Pradesh,29.15545,77.7268
Delhi NCR,Latifpur BO,,,Meerut,Uttar Pradesh,29.18,78.04
Delhi NCR,Maur Khurd BO,,,Meerut,Uttar Pradesh,29.22,77.98
Delhi NCR,Behsuma BO,,,Meerut,Uttar Pradesh,29.2,77.97
Delhi NCR,Aseelpur BO,,,Meerut,Uttar Pradesh,28.89,78.02
Delhi NCR,Madhogarh,,,Alwar,Rajasthan,27.45,76.5333
Delhi NCR,Akbarpur,,,Alwar,Rajasthan,27.450778,76.534372
Delhi NCR,Bamboli,,,Alwar,Rajasthan,27.466893,76.759622
Delhi NCR,Burja,,,Alwar,Rajasthan,27.496018,76.599389
Delhi NCR,Ghat,,,Alwar,Rajasthan,27.661575,76.39556
Delhi NCR,Bhajera,,,Alwar,Rajasthan,27.631184,76.730766
Delhi NCR,Chikani,,,Alwar,Rajasthan,27.674078,76.696501
Delhi NCR,Chorotipahar,,,Alwar,Rajasthan,27.565592,76.707677
Delhi NCR,Deenar,,,Alwar,Rajasthan,27.43278,76.854799
Delhi NCR,Gandura,,,Alwar,Rajasthan,27.427611,76.867345
Delhi NCR,Molia,,,Alwar,Rajasthan,27.554377,76.596139
Delhi NCR,Bhandodi,,,Alwar,Rajasthan,27.326085,76.570497
Delhi NCR,Bhikhaheri,,,Alwar,Rajasthan,27.15045,76.828849
Delhi NCR,Bahtookalan,,,Alwar,Rajasthan,27.318328,76.955664
Delhi NCR,Baseth,,,Alwar,Rajasthan,27.2948,76.981588
Delhi NCR,Masari,,,Alwar,Rajasthan,27.259404,77.096736
Delhi NCR,Methna,,,Alwar,Rajasthan,27.317214,77.128382
Delhi NCR,Reta,,,Alwar,Rajasthan,27.286197,77.105367
Delhi NCR,Natoj,,,Alwar,Rajasthan,27.259713,77.007505
Delhi NCR,Samuchi,,,Alwar,Rajasthan,27.180401,76.993107
Delhi NCR,Sonkher,,,Alwar,Rajasthan,27.240314,77.016144
Delhi NCR,Kalgaon,,,Alwar,Rajasthan,27.960944,76.76395
Punjab,Malliana BO,,,Moga,Punjab,30.7435745,75.2030129
Punjab,Raoke Kalan BO,,,Moga,Punjab,30.68715,75.3063
Punjab,Chand Purana BO,,,Moga,Punjab,30.70515,75.03696
Punjab,Jai Singh Wala BO,,,Moga,Punjab,30.70515,75.03696
Punjab,Mandhiran Wala BO,,,Moga,Punjab,30.70515,75.03696
Punjab,Nathuwala West BO,,,Moga,Punjab,30.70515,75.03696
Delhi NCR,Khanpur Kalan BO,,,Sonipat,Haryana,29.2,76.61
Delhi NCR,Saragthal BO,,,Sonipat,Haryana,29.2,76.61
Delhi NCR,GKMatindu BO,,,Sonipat,Haryana,28.87,76.91
Delhi NCR,Khanda BO,,,Sonipat,Haryana,28.87,76.91
Delhi NCR,Sehri BO,,,Sonipat,Haryana,28.87,76.91
Delhi NCR,Chirana BO,,,Sonipat,Haryana,29.2,76.77
Delhi NCR,Shamri BO,,,Sonipat,Haryana,29.2,76.77
Delhi NCR,Akabarpur Barota BO,,,Sonipat,Haryana,29.12,77.01
Delhi NCR,Jatheri BO,,,Sonipat,Haryana,28.98,77.1
Delhi NCR,Rai BO,,,Sonipat,Haryana,28.98,77.1
Delhi NCR,Kailana BO,,,Sonipat,Haryana,28.98,77.1
Delhi NCR,Badhana BO,,,Sonipat,Haryana,28.95,76.93
Delhi NCR,Kasandi BO,,,Sonipat,Haryana,29.2,76.61
Delhi NCR,Bidhlan BO,,,Sonipat,Haryana,28.87,76.91
Delhi NCR,Gopalpur BO,,,Sonipat,Haryana,28.87,76.91
Punjab,Raunt BO,,,Jalandhar,Punjab,31.8362,75.6474
Punjab,Sadiqpur BO,,,Jalandhar,Punjab,31.125808,75.473292
Punjab,Sandhewal BO,,,Jalandhar,Punjab,31.125809,75.473291
Delhi NCR,Muzaffarpur Bagarpur BO,,,Meerut,Uttar Pradesh,28.88066,78.00517
Delhi NCR,Shahjahanpur BO,,,Meerut,Uttar Pradesh,28.8561,77.96267
Delhi NCR,Murlipur Phool BO,,,Meerut,Uttar Pradesh,28.93,77.79
Delhi NCR,Akbarpur Sadat BO,,,Meerut,Uttar Pradesh,29.19,77.93
Delhi NCR,Assa BO,,,Meerut,Uttar Pradesh,29.18,77.92
Delhi NCR,Dhanpura BO,,,Meerut,Uttar Pradesh,29.02,77.88
Delhi NCR,Jai Singhpur BO,,,Meerut,Uttar Pradesh,29.03,77.98
Delhi NCR,Mawana Khurd BO,,,Meerut,Uttar Pradesh,29.09219,77.8622
Delhi NCR,Nagla Hareru BO,,,Meerut,Uttar Pradesh,29.16,77.85
Delhi NCR,Tofapur BO,,,Meerut,Uttar Pradesh,29.03,77.87
Delhi NCR,Chitwana Sherpur BO,,,Meerut,Uttar Pradesh,28.9862,77.98136
Delhi NCR,Etmadpur BO,,,Meerut,Uttar Pradesh,28.96,77.88
Delhi NCR,Ruhasa BO,,,Meerut,Uttar Pradesh,29.18,77.69
Delhi NCR,Bhamori BO,,,Meerut,Uttar Pradesh,29.2056,77.61129
Delhi NCR,Laskarganj BO,,,Meerut,Uttar Pradesh,29.15,77.6
Delhi NCR,Mulhera BO,,,Meerut,Uttar Pradesh,29.1889,77.52551
Delhi NCR,Khiwai BO,,,Meerut,Uttar Pradesh,29.1,77.46
Delhi NCR,Panchli Khurd BO,,,Meerut,Uttar Pradesh,28.96,77.61
Delhi NCR,Mohd Pur Dhoomi BO,,,Meerut,Uttar Pradesh,28.97,77.49
Delhi NCR,Bhola BO,,,Meerut,Uttar Pradesh,29.01,77.57
Delhi NCR,Nek BO,,,Meerut,Uttar Pradesh,28.97,77.53
Delhi NCR,Peepla Idrishpur BO,,,Meerut,Uttar Pradesh,28.99,77.61
Delhi NCR,Ajrara BO,,,Meerut,Uttar Pradesh,28.84,77.81
Delhi NCR,Kaul BO,,,Meerut,Uttar Pradesh,28.86,77.79
Delhi NCR,Phaphunda BO,,,Meerut,Uttar Pradesh,28.88,77.74
Delhi NCR,Uldhan BO,,,Meerut,Uttar Pradesh,28.8,77.72
Delhi NCR,Kazamabad Goon BO,,,Meerut,Uttar Pradesh,28.9004,77.57066
Delhi NCR,Khirwa Jalalpur BO,,,Meerut,Uttar Pradesh,29.1,77.65
Delhi NCR,Samoli Khash Pur BO,,,Meerut,Uttar Pradesh,29.13,77.73
Delhi NCR,Sarsawa BO,,,Meerut,Uttar Pradesh,29.14895,77.6977
Delhi NCR,Gesupur BO,,,Meerut,Uttar Pradesh,28.9618237,77.7552148
Delhi NCR,Jaroda BO,,,Meerut,Uttar Pradesh,28.89,78
Delhi NCR,Lalyaana BO,,,Meerut,Uttar Pradesh,28.86,77.39
Delhi NCR,Mahalka BO,,,Meerut,Uttar Pradesh,29.11,77.77
Delhi NCR,Sholda BO,,,Meerut,Uttar Pradesh,28.87906,77.8958
Delhi NCR,Pipli BO,,,Sonipat,Haryana,28.87,76.91
Delhi NCR,Saidpur BO,,,Sonipat,Haryana,28.87,76.91
Delhi NCR,Sohti BO,,,Sonipat,Haryana,28.87,76.91
Delhi NCR,Dhurana BO,,,Sonipat,Haryana,29.2,76.77
Delhi NCR,Jawahra BO,,,Sonipat,Haryana,29.2,76.77
Delhi NCR,Malikpur BO,,,Sonipat,Haryana,29.03,77.07
Delhi NCR,Chhetra Bhahadurpur BO,,,Sonipat,Haryana,28.88,77.1
Delhi NCR,Bajanakhurd BO,,,Sonipat,Haryana,28.98,77.1
Punjab,Baude BO,,,Moga,Punjab,30.8164653,75.171704
Punjab,Himmatpura BO,,,Moga,Punjab,30.8164703,75.1716993
Punjab,Dhurkot Kalan BO,,,Moga,Punjab,30.73125,75.429
Punjab,Daudhar BO,,,Moga,Punjab,30.8164673,75.1717023
Punjab,Jhandiana Sarki BO,,,Moga,Punjab,30.79953,74.9457048
Punjab,Madhoke BO,,,Moga,Punjab,30.8164673,75.1717023
Punjab,Chotian Kalan BO,,,Moga,Punjab,30.2905822,74.729304
Punjab,Dagru BO,,,Moga,Punjab,30.832524,75.0665762
Punjab,Jhandiana BO,,,Moga,Punjab,30.8164693,75.1717003
Delhi NCR,Mandholi Kalan BO,,,Bhiwani,Haryana,28.7218,75.7664
Delhi NCR,Dhani Miran BO,,,Bhiwani,Haryana,28.9084,75.6121
Delhi NCR,Kalod BO,,,Bhiwani,Haryana,28.9084,75.6121
Delhi NCR,Lilas BO,,,Bhiwani,Haryana,28.9084,75.6121
Delhi NCR,Mandholi Khurd BO,,,Bhiwani,Haryana,28.9084,75.6121
Delhi NCR,Naloi BO,,,Bhiwani,Haryana,28.9084,75.6121
Delhi NCR,Mitathal BO,,,Bhiwani,Haryana,28.862,76.1407
Delhi NCR,Dadam BO,,,Bhiwani,Haryana,28.8725,75.9144
Delhi NCR,Dhani Mahu BO,,,Bhiwani,Haryana,28.8725,75.9144
Delhi NCR,Khanak BO,,,Bhiwani,Haryana,28.8725,75.9144
Delhi NCR,Kharkhari Sohan BO,,,Bhiwani,Haryana,28.8725,75.9144
Punjab,Khosa Pando BO,,,Moga,Punjab,30.7499497,75.4126103
Punjab,Khukhrana BO,,,Moga,Punjab,30.8306935,75.0885124
Punjab,Mahesari BO,,,Moga,Punjab,30.830692,75.088513
Punjab,Salina BO,,,Moga,Punjab,30.8325251,75.0665752
Punjab,Gholia Kalan BO,,,Moga,Punjab,30.68265,75.205
Punjab,Ranian BO,,,Moga,Punjab,30.68265,75.205
Punjab,Mari Mustafa BO,,,Moga,Punjab,30.78605,75.205
Delhi NCR,Dhikauli BO,,,Meerut,Uttar Pradesh,29.08,77.92
Delhi NCR,Sathla BO,,,Meerut,Uttar Pradesh,29.05,77.92
Delhi NCR,Alipur Morna BO,,,Meerut,Uttar Pradesh,29.09,77.99
Delhi NCR,Bhainsa BO,,,Meerut,Uttar Pradesh,29.1156969,77.875735
Delhi NCR,Darveshpur BO,,,Meerut,Uttar Pradesh,29.03,77.89
Delhi NCR,Gadeena BO,,,Meerut,Uttar Pradesh,29.15,77.82
Delhi NCR,Niloha BO,,,Meerut,Uttar Pradesh,29.13,77.86
Delhi NCR,Phitkari BO,,,Meerut,Uttar Pradesh,29.07,77.85
Delhi NCR,Pilona BO,,,Meerut,Uttar Pradesh,29.14559,77.8704
Delhi NCR,Rahaoti BO,,,Meerut,Uttar Pradesh,29.19,77.89
Delhi NCR,Dulhera BO,,,Meerut,Uttar Pradesh,29.07,77.72
Delhi NCR,Pabli Khas BO,,,Meerut,Uttar Pradesh,29.07,77.68
Delhi NCR,AP Badhla BO,,,Meerut,Uttar Pradesh,28.959,77.95847
Delhi NCR,Agwanpur BO,,,Meerut,Uttar Pradesh,28.9966,77.99756
Delhi NCR,Ahmedpur BO,,,Meerut,Uttar Pradesh,28.94,77.96
Delhi NCR,Khera BO,,,Meerut,Uttar Pradesh,29.0251911,77.6856361
Delhi NCR,Kushaoli BO,,,Meerut,Uttar Pradesh,29.19,77.64
Delhi NCR,Pithlokar BO,,,Meerut,Uttar Pradesh,29.21,77.54
Delhi NCR,Rardhana BO,,,Meerut,Uttar Pradesh,29.2335,77.61077
Delhi NCR,Salawa BO,,,Meerut,Uttar Pradesh,29.2308,77.6601
Delhi NCR,Bhooni BO,,,Meerut,Uttar Pradesh,29.13,77.57
Delhi NCR,Siwal BO,,,Meerut,Uttar Pradesh,28.94,77.52
Delhi NCR,Atrara BO,,,Meerut,Uttar Pradesh,28.81,77.8
Delhi NCR,Bhadoli BO,,,Meerut,Uttar Pradesh,28.83568,77.7924
Delhi NCR,Baram BO,,,Meerut,Uttar Pradesh,29.06,77.56
Delhi NCR,Chandori Khas BO,,,Meerut,Uttar Pradesh,29.03,77.52
Delhi NCR,Poothkhas BO,,,Meerut,Uttar Pradesh,29.03,77.58
Delhi NCR,Rasna BO,,,Meerut,Uttar Pradesh,29.07,77.54
Delhi NCR,Rasulpur Kinoni BO,,,Meerut,Uttar Pradesh,29.05,77.47
Delhi NCR,Harodi BO,,,Charki Dadri,Haryana,28.5074,76.0695
Delhi NCR,Jewali BO,,,Charki Dadri,Haryana,28.5074,76.0695
Delhi NCR,Kari Dharani BO,,,Charki Dadri,Haryana,28.5094,75.9376
Delhi NCR,Kario Baniawalij BO,,,Charki Dadri,Haryana,28.5094,75.9376
Delhi NCR,Lad BO,,,Charki Dadri,Haryana,28.5094,75.9376
Delhi NCR,Dadri,,,Hapur,Uttar Pradesh,28.76242,77.753791
Delhi NCR,Alipur BO,,,Meerut,Uttar Pradesh,29.13,77.66
Delhi NCR,Bastora BO,,,Meerut,Uttar Pradesh,29.11,78.05
Delhi NCR,Digamber Jain Mandir BO,,,Meerut,Uttar Pradesh,29.16,78
Delhi NCR,Doodhli BO,,,Meerut,Uttar Pradesh,29.14,78.04
Delhi NCR,Ganeshpur BO,,,Meerut,Uttar Pradesh,29.14,77.96
Delhi NCR,Radhana BO,,,Meerut,Uttar Pradesh,28.9,77.94
Delhi NCR,Sarwani Arifpur BO,,,Meerut,Uttar Pradesh,28.85,77.91
Delhi NCR,Datawali BO,,,Meerut,Uttar Pradesh,28.95,77.78
Delhi NCR,Hasanpur Kadim BO,,,Meerut,Uttar Pradesh,28.94,77.79
Delhi NCR,Jithauli BO,,,Meerut,Uttar Pradesh,28.92,77.78
Delhi NCR,Kina Nagar BO,,,Meerut,Uttar Pradesh,28.95,77.8
Delhi NCR,Sisoli BO,,,Meerut,Uttar Pradesh,28.92,77.8
Delhi NCR,Tilpat BO,,,Faridabad,Haryana,28.463698,77.333878
Delhi NCR,Bahin BO,,,Palwal,Haryana,27.955972,77.26925
Delhi NCR,Dighot BO,,,Palwal,Haryana,28.03681,77.375197
Delhi NCR,Atali BO,,,Faridabad,Haryana,30.083102,78.449617
Delhi NCR,Chhainsa BO,,,Faridabad,Haryana,28.064485,77.168647
Delhi NCR,Deeg BO,,,Faridabad,Haryana,27.472399,77.324971
Delhi NCR,Fatehpur Tagga BO,,,Faridabad,Haryana,28.352288,77.18801
Delhi NCR,Gonchhi BO,,,Faridabad,Haryana,28.34446,77.286223
Delhi NCR,Machhgar BO,,,Faridabad,Haryana,28.313574,77.372755
Delhi NCR,Kheri Kalan BO,,,Faridabad,Haryana,28.4043,77.374073
Delhi NCR,Gulawad BO,,,Palwal,Haryana,28.0012564,77.45227
Delhi NCR,Andhop BO,,,Palwal,Haryana,27.902843,77.270687
Delhi NCR,Dolcha BO,,,Baghpat,Uttar Pradesh,28.93,77.45
Delhi NCR,Duttnagar BO,,,Baghpat,Uttar Pradesh,28.92126,77.4043
Delhi NCR,Banchari BO,,,Palwal,Haryana,27.933371,77.351106
Delhi NCR,Pohli BO,,,Meerut,Uttar Pradesh,29.07,77.64
Delhi NCR,Kulanjan BO,,,Meerut,Uttar Pradesh,29.15422,77.6568
Delhi NCR,Mataur BO,,,Meerut,Uttar Pradesh,29.13728,77.7115
Delhi NCR,Kishorepur BO,,,Meerut,Uttar Pradesh,29.08,78.03
Delhi NCR,M P Sikhera BO,,,Meerut,Uttar Pradesh,29.1996,77.99831
Delhi NCR,Saifpur Karamchanpur BO,,,Meerut,Uttar Pradesh,29.13,77.99
Delhi NCR,Tarapur BO,,,Meerut,Uttar Pradesh,29.23,78.04
Delhi NCR,Mahalwala BO,,,Meerut,Uttar Pradesh,28.88,77.96
Delhi NCR,Nagli Badli BO,,,Meerut,Uttar Pradesh,28.86,77.92
Delhi NCR,Shafibad Loti BO,,,Meerut,Uttar Pradesh,28.81,77.85
Delhi NCR,Samai Pur BO,,,Meerut,Uttar Pradesh,28.9,77.81
Delhi NCR,Mahal BO,,,Meerut,Uttar Pradesh,29.13083,77.78535
Delhi NCR,Kaull BO,,,Meerut,Uttar Pradesh,29.16,77.92
Delhi NCR,Meewan BO,,,Meerut,Uttar Pradesh,29.07509,77.9583
Delhi NCR,Naidu BO,,,Meerut,Uttar Pradesh,29.2031,77.8535
Delhi NCR,Sandhan BO,,,Meerut,Uttar Pradesh,29.06,77.86
Delhi NCR,Amarsinghpur BO,,,Meerut,Uttar Pradesh,28.95,77.98
Delhi NCR,Ekla Rasulpur BO,,,Meerut,Uttar Pradesh,28.99,77.9
Delhi NCR,Khajuri BO,,,Meerut,Uttar Pradesh,28.98,77.88
Delhi NCR,Poothi BO,,,Meerut,Uttar Pradesh,29.0057,77.95173
Delhi NCR,Sondutt BO,,,Meerut,Uttar Pradesh,28.95,77.98
Delhi NCR,Baparsi BO,,,Meerut,Uttar Pradesh,29.1458403,77.6102708
Delhi NCR,Chhabariya BO,,,Meerut,Uttar Pradesh,29.1574,77.58255
Delhi NCR,Mahadev BO,,,Meerut,Uttar Pradesh,29.1775,77.59638
Delhi NCR,Muzahidpur BO,,,Meerut,Uttar Pradesh,29.18085,77.63584
Delhi NCR,Harra BO,,,Meerut,Uttar Pradesh,29.13,77.49
Delhi NCR,Maina Poothi BO,,,Meerut,Uttar Pradesh,29.1249,77.50361
Delhi NCR,Karnawal BO,,,Meerut,Uttar Pradesh,29.11,77.53
Delhi NCR,Malyana BO,,,Meerut,Uttar Pradesh,28.967333,77.658788
Delhi NCR,Lisari BO,,,Meerut,Uttar Pradesh,28.940593,77.6988865
Delhi NCR,Behrampur BO,,,Meerut,Uttar Pradesh,28.99,77.5
Delhi NCR,Dahadra BO,,,Meerut,Uttar Pradesh,29.00048,77.5296
Delhi NCR,Khanpur BO,,,Meerut,Uttar Pradesh,28.93,77.5
Delhi NCR,Kurali BO,,,Meerut,Uttar Pradesh,28.95,77.52
Delhi NCR,Gagol BO,,,Meerut,Uttar Pradesh,28.9,77.7
Delhi NCR,Khaspur BO,,,Meerut,Uttar Pradesh,28.82,77.78
Delhi NCR,Mukri BO,,,Baghpat,Uttar Pradesh,28.91,77.42
Delhi NCR,Panchi BO,,,Meerut,Uttar Pradesh,28.8,77.74
Delhi NCR,Sarawa BO,,,Meerut,Uttar Pradesh,28.78,77.71
Delhi NCR,Kanshi BO,,,Meerut,Uttar Pradesh,28.887,77.65705
Delhi NCR,Muzakkipur BO,,,Meerut,Uttar Pradesh,28.9187,77.54154
Delhi NCR,Navinmandi BO,,,Meerut,Uttar Pradesh,28.95999,77.6813
Delhi NCR,Amanullapur BO,,,Meerut,Uttar Pradesh,29.01,77.53
Delhi NCR,Kaithwari BO,,,Meerut,Uttar Pradesh,29.06,77.48
Delhi NCR,Hasanpur Kalan BO,,,Meerut,Uttar Pradesh,28.8937,77.8717
Delhi NCR,Paswara BO,,,Meerut,Uttar Pradesh,28.93454,77.8934
Delhi NCR,Rachhauti BO,,,Meerut,Uttar Pradesh,28.87689,77.8632
Delhi NCR,Jai BO,,,Meerut,Uttar Pradesh,28.9955772,77.8687243
Delhi NCR,Manpur BO,,,Meerut,Uttar Pradesh,28.95,77.85
Delhi NCR,Naarangpur BO,,,Meerut,Uttar Pradesh,28.97,78
Delhi NCR,Siyal BO,,,Meerut,Uttar Pradesh,28.97,77.83
Delhi NCR,Dadri BO,,,Meerut,Uttar Pradesh,29.21182,77.7167
Delhi NCR,Kailii BO,,,Meerut,Uttar Pradesh,29.21874,77.6959
Delhi NCR,Kapsad BO,,,Meerut,Uttar Pradesh,29.19871,77.6773
Delhi NCR,Mandora BO,,,Meerut,Uttar Pradesh,29.18,77.77
Delhi NCR,Chhur BO,,,Meerut,Uttar Pradesh,29.18,77.54
Delhi NCR,Jhitkari BO,,,Meerut,Uttar Pradesh,29.18,77.62
Delhi NCR,Kaland BO,,,Meerut,Uttar Pradesh,29.1745,77.57683
Delhi NCR,Kalandi BO,,,Meerut,Uttar Pradesh,29.1937,77.56567
Delhi NCR,Khanpur Mewan,,,Alwar,Rajasthan,27.762312,76.776932
Delhi NCR,Langerwas,,,Alwar,Rajasthan,27.81667,76.729323
Delhi NCR,Gahankar,,,Alwar,Rajasthan,27.493877,76.921091
Delhi NCR,Machari,,,Alwar,Rajasthan,27.24203,76.670147
Delhi NCR,Raisis,,,Alwar,Rajasthan,27.611249,76.644159
Delhi NCR,Nangli Megha,,,Alwar,Rajasthan,27.496822,76.771163
Delhi NCR,Umren,,,Alwar,Rajasthan,27.500255,76.569052
Delhi NCR,Diwakari,,,Alwar,Rajasthan,27.555118,76.659578
Delhi NCR,Kakrali Meo,,,Alwar,Rajasthan,27.565592,76.707677
Delhi NCR,Kherajahar,,,Alwar,Rajasthan,27.634279,76.644159
Delhi NCR,Itera,,,Alwar,Rajasthan,27.405854,76.935498
Delhi NCR,Nizamnagar,,,Alwar,Rajasthan,27.504923,76.870655
Delhi NCR,Dahar BO,,,Meerut,Uttar Pradesh,29.15,77.53
Delhi NCR,Gotka BO,,,Meerut,Uttar Pradesh,29.16,77.52
Delhi NCR,Jassar Sultan Nagar BO,,,Meerut,Uttar Pradesh,29.14,77.52
Delhi NCR,Panchli Buzurg BO,,,Meerut,Uttar Pradesh,29.1,77.46
Delhi NCR,Budhera Zahidpur BO,,,Meerut,Uttar Pradesh,28.96055,77.70285
Delhi NCR,Ghosipur BO,,,Meerut,Uttar Pradesh,28.928337,77.7416236
Delhi NCR,Dhaulri BO,,,Meerut,Uttar Pradesh,28.92,77.48
Delhi NCR,Bhoor Baral BO,,,Meerut,Uttar Pradesh,28.9056,77.6274
Delhi NCR,Partapur BO,,,Meerut,Uttar Pradesh,28.9301595,77.6450135
Delhi NCR,Rithani BO,,,Meerut,Uttar Pradesh,28.936971,77.6634595
Delhi NCR,Jani Kalan BO,,,Meerut,Uttar Pradesh,28.95,77.55
Delhi NCR,Kalanjari BO,,,Meerut,Uttar Pradesh,28.94,77.59
Delhi NCR,Kitholi BO,,,Meerut,Uttar Pradesh,28.98,77.59
Delhi NCR,Bijauli BO,,,Meerut,Uttar Pradesh,28.86,77.76
Delhi NCR,Chandsara BO,,,Meerut,Uttar Pradesh,28.88,77.72
Delhi NCR,Kaili BO,,,Meerut,Uttar Pradesh,28.79,77.76
Delhi NCR,Chhajupur BO,,,Meerut,Uttar Pradesh,28.9105,77.60169
Delhi NCR,Dalampur BO,,,Meerut,Uttar Pradesh,29.02,77.52
Delhi NCR,Kalina BO,,,Meerut,Uttar Pradesh,29.0325,77.52602
Delhi NCR,Kalyanpur BO,,,Meerut,Uttar Pradesh,29.01,77.49
Delhi NCR,Narangpur BO,,,Meerut,Uttar Pradesh,28.97405,77.95592
Delhi NCR,Beleta,,,Alwar,Rajasthan,27.31236,76.681696
Delhi NCR,Chandupura,,,Alwar,Rajasthan,27.286212,76.605167
Delhi NCR,Poonkher,,,Alwar,Rajasthan,27.316063,76.600833
Delhi NCR,Barkokhurd,,,Alwar,Rajasthan,27.538923,76.596195
Delhi NCR,Gothra,,,Alwar,Rajasthan,27.875573,76.742818
Delhi NCR,Khera Mahmood,,,Alwar,Rajasthan,27.522412,76.978708
Delhi NCR,Rambas,,,Alwar,Rajasthan,27.889117,76.472214
Delhi NCR,Isrota,,,Alwar,Rajasthan,27.316495,77.043493
Delhi NCR,Bagarrajput,,,Alwar,Rajasthan,27.518381,76.785587
Delhi NCR,Toolera,,,Alwar,Rajasthan,27.587867,76.670147
Delhi NCR,Raibka,,,Alwar,Rajasthan,27.569916,76.615189
Delhi NCR,Shahdoli,,,Alwar,Rajasthan,27.575263,76.748081
Delhi NCR,Untwal,,,Alwar,Rajasthan,27.607588,76.724994
Delhi NCR,Buntoli,,,Alwar,Rajasthan,27.423904,76.80722
Delhi NCR,Sadhka,,,Alwar,Rajasthan,27.410669,76.834616
Delhi NCR,Nawalpura,,,Alwar,Rajasthan,27.656917,76.291355
Delhi NCR,Palwa,,,Alwar,Rajasthan,27.282781,76.644159
Delhi NCR,Jhalatala,,,Alwar,Rajasthan,27.242124,76.817885
Delhi NCR,Kheramangal Singh,,,Alwar,Rajasthan,27.189348,76.843266
Delhi NCR,Pinan,,,Alwar,Rajasthan,27.261339,76.750966
Delhi NCR,Sedampur,,,Alwar,Rajasthan,28.635308,77.22496
Delhi NCR,Semla Khurd,,,Alwar,Rajasthan,27.452334,77.030539
Delhi NCR,Arwa,,,Alwar,Rajasthan,27.509465,76.693244
Delhi NCR,Sonkh,,,Alwar,Rajasthan,27.341996,77.193087
Delhi NCR,Kalwari,,,Alwar,Rajasthan,27.235983,76.970067
Delhi NCR,Sonkheri,,,Alwar,Rajasthan,27.240314,77.016144
Delhi NCR,Baghora,,,Alwar,Rajasthan,27.777354,76.843266
Delhi NCR,Bambora,,,Alwar,Rajasthan,28.178274,76.824103
Delhi NCR,Baskripal Nagar,,,Alwar,Rajasthan,27.820455,76.70912
Delhi NCR,Bhindoosi,,,Alwar,Rajasthan,27.896322,76.79424
Delhi NCR,Moosakhera,,,Alwar,Rajasthan,27.390648,76.626831
Delhi NCR,Mothuka,,,Alwar,Rajasthan,27.733176,76.392667
Delhi NCR,Khuteta Kalan,,,Alwar,Rajasthan,27.444946,76.771163
Delhi NCR,Bhoggore,,,Alwar,Rajasthan,27.515726,76.6095
Delhi NCR,Siliserh,,,Alwar,Rajasthan,27.526667,76.530037
Delhi NCR,Karoli,,,Alwar,Rajasthan,28.110277,76.788832
Delhi NCR,Kithoor,,,Alwar,Rajasthan,27.697117,76.72788
Delhi NCR,Beda,,,Alwar,Rajasthan,27.492492,76.84615
Delhi NCR,Butiyana,,,Alwar,Rajasthan,27.475997,76.857085
Delhi NCR,Nibhera,,,Alwar,Rajasthan,27.438273,76.912446
Delhi NCR,Shahdod,,,Alwar,Rajasthan,28.198962,76.892273
Delhi NCR,Bahali,,,Alwar,Rajasthan,27.319242,76.648491
Delhi NCR,Patan,,,Alwar,Rajasthan,27.29822,76.684583
Delhi NCR,Kanethi,,,Alwar,Rajasthan,27.224662,76.759622
Delhi NCR,Sehra,,,Alwar,Rajasthan,27.263698,76.805778
Delhi NCR,Todanagar,,,Alwar,Rajasthan,27.281809,76.753851
Delhi NCR,Dongri,,,Alwar,Rajasthan,27.471267,77.047811
Delhi NCR,Phari,,,Alwar,Rajasthan,27.817031,76.311623
Delhi NCR,Kherameda,,,Alwar,Rajasthan,27.299134,77.02766
Delhi NCR,Sudiana,,,Alwar,Rajasthan,27.318153,77.076593
Delhi NCR,Tasai,,,Alwar,Rajasthan,27.350712,77.085226
Delhi NCR,Titpuri,,,Alwar,Rajasthan,27.34423,77.016144
Delhi NCR,Silarpur,,,Alwar,Rajasthan,28.148008,76.789192
Delhi NCR,Daroda,,,Alwar,Rajasthan,27.257719,77.047811
Delhi NCR,Doroli,,,Alwar,Rajasthan,27.271604,76.707677
Delhi NCR,Gothra,,,Alwar,Rajasthan,27.875573,76.742818
Delhi NCR,Mahond,,,Alwar,Rajasthan,27.858282,76.736412
Delhi NCR,Mancha,,,Alwar,Rajasthan,27.851221,76.774048
Delhi NCR,Tarwala,,,Alwar,Rajasthan,27.840758,76.69613
Delhi NCR,Thons,,,Alwar,Rajasthan,27.804089,76.851916
Delhi NCR,Bhagana,,,Alwar,Rajasthan,29.069596,75.851943
Delhi NCR,Hingota,,,Bharatpur,Rajasthan,27.088291,76.797087
Delhi NCR,Jatoli Thoon,,,Bharatpur,Rajasthan,27.379234,77.174398
Delhi NCR,Moondoti,,,Bharatpur,Rajasthan,27.383186,77.062203
Delhi NCR,Pendka,,,Bharatpur,Rajasthan,27.454164,77.072995
Delhi NCR,Sirthala,,,Bharatpur,Rajasthan,27.462975,77.082348
Delhi NCR,Tarondar,,,Bharatpur,Rajasthan,27.66908,77.069588
Delhi NCR,Kathol,,,Bharatpur,Rajasthan,27.689788,77.213264
Delhi NCR,Samler,,,Bharatpur,Rajasthan,27.68588,77.001846
Delhi NCR,Awar,,,Bharatpur,Rajasthan,27.315291,77.452987
Delhi NCR,Konrer,,,Bharatpur,Rajasthan,27.405656,77.414254
Delhi NCR,Tamrer,,,Bharatpur,Rajasthan,27.367852,77.364026
Delhi NCR,Bhutoli,,,Bharatpur,Rajasthan,26.979227,77.673655
Delhi NCR,Jharkai,,,Bharatpur,Rajasthan,27.149763,77.183743
Delhi NCR,Niyotha,,,Bharatpur,Rajasthan,27.18796,77.190493
Delhi NCR,Alghani,,,Bharatpur,Rajasthan,27.516103,77.04925
Delhi NCR,Berru,,,Bharatpur,Rajasthan,27.502432,77.08019
Delhi NCR,Jhanjhar,,,Bharatpur,Rajasthan,27.578227,77.05069
Delhi NCR,Kaithwara,,,Bharatpur,Rajasthan,27.598416,77.142764
Delhi NCR,Khesti,,,Bharatpur,Rajasthan,27.500107,77.047811
Delhi NCR,Ranf,,,Bharatpur,Rajasthan,27.210483,77.473007
Delhi NCR,Mathuraheda,,,Alwar,Rajasthan,27.474092,77.327363
Delhi NCR,Tikri,,,Alwar,Rajasthan,27.514249,76.968627
Delhi NCR,Sheetal,,,Alwar,Rajasthan,27.480962,76.84615
Delhi NCR,Dantia,,,Alwar,Rajasthan,27.189787,76.970067
Delhi NCR,Garu,,,Alwar,Rajasthan,27.244412,77.07258
Delhi NCR,Ghasoli,,,Alwar,Rajasthan,27.746525,76.762507
Delhi NCR,Mandha,,,Alwar,Rajasthan,27.919117,76.762507
Delhi NCR,Beelaheri,,,Alwar,Rajasthan,28.058062,76.684583
Delhi NCR,Mahmadpura BO,,,Bharatpur,Rajasthan,26.911903,77.36053
Delhi NCR,Pali Dang BO,,,Bharatpur,Rajasthan,26.898879,77.421856
Delhi NCR,Mahalpur Choora BO,,,Bharatpur,Rajasthan,26.948787,77.488332
Delhi NCR,Poonchhari,,,Bharatpur,Rajasthan,27.434164,77.079995
Delhi NCR,Semla Kalan,,,Bharatpur,Rajasthan,27.453961,77.047811
Delhi NCR,Semli,,,Bharatpur,Rajasthan,27.470265,76.915328
Delhi NCR,Ubhaka,,,Bharatpur,Rajasthan,27.677595,77.157144
Delhi NCR,Jai Sri,,,Bharatpur,Rajasthan,27.526968,77.088103
Delhi NCR,Jalalpur,,,Bharatpur,Rajasthan,27.541346,76.995987
Delhi NCR,Khohri,,,Bharatpur,Rajasthan,26.905002,77.490273
Delhi NCR,Olanda,,,Bharatpur,Rajasthan,27.58173,77.180149
Delhi NCR,Pipalkheda,,,Bharatpur,Rajasthan,27.236365,77.488757
Delhi NCR,Arnawali BO,,,Meerut,Uttar Pradesh,29.02,77.6
Delhi NCR,Meerpur BO,,,Meerut,Uttar Pradesh,29.05,77.51
Delhi NCR,Satwai BO,,,Meerut,Uttar Pradesh,29.01,77.55
Delhi NCR,Chhajupur,,,Hapur,Uttar Pradesh,28.590717,77.759513
Delhi NCR,Samri BO,,,Bharatpur,Rajasthan,26.877617,77.387373
Delhi NCR,Jaluki,,,Bharatpur,Rajasthan,27.503673,76.999022
Delhi NCR,Khakhawali,,,Bharatpur,Rajasthan,27.426102,77.02766
Delhi NCR,Manota Kalan,,,Bharatpur,Rajasthan,27.453209,76.978708
Delhi NCR,Mundiya,,,Bharatpur,Rajasthan,27.259999,77.134135
Delhi NCR,Gangora,,,Bharatpur,Rajasthan,27.706542,77.036297
Delhi NCR,Ghatmika,,,Bharatpur,Rajasthan,27.76166,77.070837
Delhi NCR,Gopalgarh,,,Bharatpur,Rajasthan,27.66308,77.069558
Delhi NCR,Jotri Peepal,,,Bharatpur,Rajasthan,27.651409,77.001746
Delhi NCR,Jotruhalla,,,Bharatpur,Rajasthan,27.669788,77.013264
Delhi NCR,Alipur,,,Bharatpur,Rajasthan,27.154138,76.990228
Delhi NCR,Babekhar,,,Bharatpur,Rajasthan,27.113158,76.984468
Delhi NCR,Bhaiseena,,,Bharatpur,Rajasthan,27.119083,77.047811
Delhi NCR,Jharauti,,,Bharatpur,Rajasthan,27.181549,77.686538
Delhi NCR,Abhorra,,,Bharatpur,Rajasthan,27.353167,77.460504
Delhi NCR,Gunsara,,,Bharatpur,Rajasthan,27.375802,77.49099
Delhi NCR,Kasot,,,Bharatpur,Rajasthan,27.368897,77.40708
Delhi NCR,Talfara,,,Bharatpur,Rajasthan,27.404656,77.424254
Delhi NCR,Gudawali,,,Bharatpur,Rajasthan,27.161861,77.1974
Delhi NCR,Naom,,,Bharatpur,Rajasthan,27.18886,77.188493
Delhi NCR,Pili,,,Bharatpur,Rajasthan,27.141334,77.162896
Delhi NCR,Boodli,,,Bharatpur,Rajasthan,27.596989,77.020462
Delhi NCR,Bhawanpura BO,,,Bharatpur,Rajasthan,26.906299,77.28984
Delhi NCR,Dumaria BO,,,Bharatpur,Rajasthan,26.864346,77.233779
Delhi NCR,Garhi Bajna BO,,,Bharatpur,Rajasthan,26.771208,77.372246
Delhi NCR,Kot BO,,,Bharatpur,Rajasthan,26.826917,77.429538
Delhi NCR,Singhania BO,,,Bharatpur,Rajasthan,26.896889,77.467346
Delhi NCR,Tarsuma BO,,,Bharatpur,Rajasthan,26.849038,77.417908
Delhi NCR,Turtipura BO,,,Bharatpur,Rajasthan,26.866573,77.387052
Delhi NCR,Dana Khedli BO,,,Bharatpur,Rajasthan,26.945638,77.53026
Delhi NCR,Jatmasi BO,,,Bharatpur,Rajasthan,26.971432,77.519574
Delhi NCR,Jotroli BO,,,Bharatpur,Rajasthan,26.974874,77.496314
Delhi NCR,Dundawal,,,Bharatpur,Rajasthan,26.961986,77.415689
Delhi NCR,Dawak,,,Bharatpur,Rajasthan,27.565352,77.128382
Delhi NCR,Gulpada,,,Bharatpur,Rajasthan,27.532054,77.126944
Delhi NCR,Kakrala,,,Bharatpur,Rajasthan,27.528206,77.162896
Delhi NCR,Padalwas,,,Bharatpur,Rajasthan,27.473596,77.134135
Delhi NCR,Sadpuri,,,Bharatpur,Rajasthan,27.511174,76.921091
Delhi NCR,Sundrawali,,,Bharatpur,Rajasthan,27.425352,77.142764
Delhi NCR,Thoon,,,Bharatpur,Rajasthan,27.379109,77.111121
Delhi NCR,KUMHAREDI,,,Bharatpur,Rajasthan,27.451436,77.082348
Delhi NCR,Bhonri,,,Bharatpur,Rajasthan,27.453436,77.089348
Delhi NCR,Papra,,,Bharatpur,Rajasthan,27.68598,77.001746
Delhi NCR,Pathroli,,,Bharatpur,Rajasthan,27.68998,77.011746
Delhi NCR,Saumka,,,Bharatpur,Rajasthan,27.713795,77.174398
Delhi NCR,Naroli,,,Bharatpur,Rajasthan,27.145821,77.024781
Delhi NCR,Khangri,,,Bharatpur,Rajasthan,27.18786,77.189493
Delhi NCR,Alamshah,,,Bharatpur,Rajasthan,27.499209,77.099613
Delhi NCR,Palka,,,Bharatpur,Rajasthan,27.514439,77.108244
Delhi NCR,Teski,,,Bharatpur,Rajasthan,27.619986,77.004626
Delhi NCR,Nagla Tula BO,,,Bharatpur,Rajasthan,26.916801,77.392287
Delhi NCR,Paraua BO,,,Bharatpur,Rajasthan,26.80155,77.407179
Delhi NCR,Sirrond BO,,,Bharatpur,Rajasthan,26.931712,77.458076
Punjab,Nandpur Kesho BO,,,Patiala,Punjab,30.45,76.43
Delhi NCR,Kherli Gujar,,,Bharatpur,Rajasthan,27.096935,77.167209
Punjab,Roshanpur BO,,,Patiala,Punjab,30.12,76.59
Punjab,Badshahpur BO,,,Patiala,Punjab,30,76.17
Punjab,Dedna BO,,,Patiala,Punjab,30.05,76.12
Punjab,Kakrala BO,,,Patiala,Punjab,30.07,76.13
Punjab,Daunkalan BO,,,Patiala,Punjab,30.39,76.47
Punjab,Janherian BO,,,Patiala,Punjab,30.41,76.47
Punjab,Babarpur BO,,,Patiala,Punjab,28.62,77.23
Punjab,Chintawala BO,,,Patiala,Punjab,30.35,76.01
Punjab,Dhablan BO,,,Patiala,Punjab,30.33,76.27
Punjab,Godaya BO,,,Patiala,Punjab,30.43,76.07
Punjab,Mandaur BO,,,Patiala,Punjab,30.38,76.24
Punjab,Aspal BO,,,Sri Muktsar Sahib,Punjab,30.1891819,74.505307
Punjab,Mohlan BO,,,Sri Muktsar Sahib,Punjab,30.1891829,74.505306
Punjab,Pakki BO,,,Sri Muktsar Sahib,Punjab,30.1891819,74.505307
Punjab,Urang BO,,,Sri Muktsar Sahib,Punjab,30.1891819,74.505307
Punjab,Karampatti BO,,,Sri Muktsar Sahib,Punjab,30.1891869,74.505302
Punjab,Kattianwali BO,,,Sri Muktsar Sahib,Punjab,30.2958,74.36929
Punjab,Dabwali Dhab BO,,,Sri Muktsar Sahib,Punjab,30.7444,74.67895
Punjab,Gurusar Jodhe Ka BO,,,Sri Muktsar Sahib,Punjab,30.7444,74.67895
Punjab,Khema Khera BO,,,Sri Muktsar Sahib,Punjab,30.7444,74.67895
Punjab,Mahni Kherea BO,,,Sri Muktsar Sahib,Punjab,30.7444,74.67895
Punjab,Chhattiana BO,,,Sri Muktsar Sahib,Punjab,30.3305771,74.668028
Punjab,Gurhi Sangar BO,,,Sri Muktsar Sahib,Punjab,30.65836,74.63284
Punjab,Kauni BO,,,Sri Muktsar Sahib,Punjab,30.4097688,74.6788337
Punjab,Mallan BO,,,Sri Muktsar Sahib,Punjab,30.4053713,74.7328223
Punjab,Ghagga BO,,,Sri Muktsar Sahib,Punjab,30.198441,74.659029
Punjab,Husner,,,Sri Muktsar Sahib,Punjab,30.2141989,74.6497972
Punjab,Kot Bhai BO,,,Sri Muktsar Sahib,Punjab,30.28235,74.6746
Punjab,Lalbai BO,,,Sri Muktsar Sahib,Punjab,30.198441,74.659029
Punjab,Sahib Chand BO,,,Sri Muktsar Sahib,Punjab,30.28235,74.6746
Punjab,Dhingi BO,,,Patiala,Punjab,30.4,76.1
Punjab,Galwati BO,,,Patiala,Punjab,30.41,76.06
Punjab,Kaleh Majra BO,,,Patiala,Punjab,30.33,76.2
Punjab,Lubana BO,,,Patiala,Punjab,30.42,76.2
Punjab,Jasso Majra BO,,,Patiala,Punjab,30.52,76.16
Punjab,Jindalpur BO,,,Patiala,Punjab,30.52,76.29
Punjab,Mallewal BO,,,Patiala,Punjab,30.49,76.15
Punjab,Behru BO,,,Patiala,Punjab,30.21,76.51
Punjab,Bhunerheri BO,,,Patiala,Punjab,30.17,76.48
Punjab,Dhudan Sadhan BO,,,Patiala,Punjab,30.15,76.52
Punjab,Tharu BO,,,Tarn Taran,Punjab,31.48,74.88
Punjab,Thathi Khara BO,,,Tarn Taran,Punjab,31.5,74.89
Punjab,Bagrian BO,,,Tarn Taran,Punjab,31.48,74.97
Punjab,Naurangabad BO,,,Tarn Taran,Punjab,31.44,74.99
Punjab,Johal Raju Singh BO,,,Tarn Taran,Punjab,31.49,74.87
Punjab,Dod BO,,,Faridkot,Punjab,30.4508321,74.8828724
Punjab,Golewala BO,,,Faridkot,Punjab,30.7991826,74.6941486
Punjab,Pipli BO,,,Faridkot,Punjab,30.7270276,74.7313638
Punjab,Tehna BO,,,Faridkot,Punjab,30.666705,74.749995
Punjab,Chandbhan BO,,,Faridkot,Punjab,30.3845849,74.8990028
Punjab,Hari Nau BO,,,Faridkot,Punjab,30.54205,74.78335
Punjab,Koharwala BO,,,Faridkot,Punjab,30.581828,74.832055
Punjab,Matta BO,,,Faridkot,Punjab,30.5804638,74.828879
Punjab,Muchal BO,,,Amritsar,Punjab,31.563228,75.15
Punjab,Sidhar Rajputan BO,,,Amritsar,Punjab,31.5544,75.14
Punjab,Chatiwind BO,,,Amritsar,Punjab,31.58,74.91
Punjab,Budha Theh BO,,,Amritsar,Punjab,31.82,75
Punjab,Jagdev Bar BO,,,Amritsar,Punjab,31.75,74.92
Punjab,Nag Kalan BO,,,Amritsar,Punjab,31.73,74.94
Punjab,Sham Nagar BO,,,Amritsar,Punjab,31.72,75.03
Punjab,Tarpai BO,,,Amritsar,Punjab,31.8,75.03
Punjab,Mustafapur BO,,,Jalandhar,Punjab,31.37493,75.384206
Punjab,Manak BO,,,Jalandhar,Punjab,31.8386422,75.6593711
Punjab,Nawanpind Danewal BO,,,Jalandhar,Punjab,31.0444409,75.7127738
Punjab,Massingan BO,,,Patiala,Punjab,30.2,76.55
Punjab,Miranpur BO,,,Patiala,Punjab,30.2,76.47
Punjab,Harchandpura BO,,,Patiala,Punjab,30.03,76.19
Punjab,Kulbanoo BO,,,Patiala,Punjab,30,76.13
Punjab,Sadharanpur BO,,,Patiala,Punjab,29.93,77.54
Punjab,Chappar BO,,,Patiala,Punjab,30.33,76.41
Punjab,Jogipur BO,,,Patiala,Punjab,30.33,76.5
Punjab,Kheri Mandlan BO,,,Patiala,Punjab,30.37,76.51
Punjab,Romana Ajit Singh BO,,,Faridkot,Punjab,30.43677,74.99656
Punjab,Wara Bhai Ka BO,,,Faridkot,Punjab,30.43677,74.99656
Punjab,Arrayianwala BO,,,Faridkot,Punjab,30.6455,74.7365
Punjab,Bhagthala Kalan BO,,,Faridkot,Punjab,30.6455,74.7365
Punjab,Bishnandi BO,,,Faridkot,Punjab,30.4508381,74.8828664
Punjab,Rorikapura BO,,,Faridkot,Punjab,30.438556,74.8155469
Punjab,Dhilwan Kalan BO,,,Faridkot,Punjab,30.542,74.78335
Punjab,Assa Buttar BO,,,Sri Muktsar Sahib,Punjab,30.47753,74.73175
Punjab,Hari Ke Kalan BO,,,Sri Muktsar Sahib,Punjab,30.47753,74.73175
Punjab,Tarmala BO,,,Sri Muktsar Sahib,Punjab,30.060956,74.612824
Punjab,Butter Sharing BO,,,Sri Muktsar Sahib,Punjab,30.65836,74.63284
Punjab,Sukhana Ablu BO,,,Sri Muktsar Sahib,Punjab,30.6416597,75.648436
Punjab,Channu BO,,,Sri Muktsar Sahib,Punjab,30.0944111,74.6076333
Punjab,Peori BO,,,Sri Muktsar Sahib,Punjab,30.28235,74.6746
Punjab,Kalyan BO,,,Patiala,Punjab,30.35,76.3
Punjab,Ranbirpura BO,,,Patiala,Punjab,30.32,76.32
Punjab,Ajnoda Kalan BO,,,Patiala,Punjab,30.42,76.25
Punjab,Barsat BO,,,Patiala,Punjab,30.3,76.24
Punjab,Dandrala Dhindsa BO,,,Patiala,Punjab,30.5,76.09
Punjab,Gunike BO,,,Patiala,Punjab,30.28,76.11
Punjab,Kakrala BO,,,Patiala,Punjab,30.36,76.1
Punjab,Bharpurgarh BO,,,Fatehgarh Sahib,Punjab,30.57,76.12
Punjab,Kaulgarh BO,,,Fatehgarh Sahib,Punjab,30.61,76.16
Punjab,Khanian BO,,,Fatehgarh Sahib,Punjab,30.62,76.2
Punjab,Khumna BO,,,Fatehgarh Sahib,Punjab,30.65,76.22
Punjab,Tibbi BO,,,Fatehgarh Sahib,Punjab,30.55,76.15
Punjab,Dhatogal BO,,,Sangrur,Punjab,31.12787,76.071825
Punjab,Bhullerheri BO,,,Sangrur,Punjab,30.346639,75.961061
Punjab,Balial BO,,,Sangrur,Punjab,30.232889,76.047894
Punjab,Ghanaur Jattan BO,,,Sangrur,Punjab,30.174774,76.020332
Punjab,Gharachon BO,,,Sangrur,Punjab,30.213715,75.96229
Punjab,Bharo BO,,,Sangrur,Punjab,30.311188,76.151563
Punjab,Shahpur kalan BO,,,Sangrur,Punjab,30.137231,75.677536
Punjab,Ganduan BO,,,Sangrur,Punjab,30.001998,75.752993
Punjab,Ugrahan BO,,,Sangrur,Punjab,30.051062,75.767673
Punjab,Kumbherwal BO,,,Sangrur,Punjab,30.418287,75.780753
Punjab,Rangian BO,,,Sangrur,Punjab,30.730272,75.837417
Punjab,Chhahar BO,,,Sangrur,Punjab,30.031106,75.908579
Punjab,Jhanda Kalan BO,,,Mansa,Punjab,29.6393,75.2231
Punjab,Jhanda Khurd BO,,,Mansa,Punjab,29.6658,75.1823
Punjab,Karandi BO,,,Mansa,Punjab,29.6074,75.2851
Punjab,Teona Pujarian BO,,,Bathinda,Punjab,29.9281,75.0772
Punjab,Kulrian BO,,,Mansa,Punjab,29.8187,75.6837
Punjab,Ranghrial BO,,,Mansa,Punjab,30.1311,74.9865
Punjab,Behman Diwana BO,,,Bathinda,Punjab,30.2206,74.8522
Punjab,Teona BO,,,Bathinda,Punjab,30.1728,74.8288
Punjab,Chughe Kalan BO,,,Bathinda,Punjab,30.1889,74.7867
Punjab,Burj Hari BO,,,Mansa,Punjab,30.0861,75.3475
Punjab,Moosa BO,,,Mansa,Punjab,29.9784,75.3194
Punjab,Makha Chelan BO,,,Mansa,Punjab,30.06203,75.55568
Punjab,Matti BO,,,Mansa,Punjab,30.1172,75.5233
Punjab,Jhanduke BO,,,Bathinda,Punjab,29.7514,75.344
Punjab,Rai Khanna BO,,,Bathinda,Punjab,30.2121,75.1171
Punjab,Sema BO,,,Bathinda,Punjab,30.2199,75.0026
Punjab,Turna BO,,,Jalandhar,Punjab,31.0444409,75.7127738
Punjab,Malupur BO,,,Jalandhar,Punjab,31.125807,75.473293
Punjab,Adarman BO,,,Jalandhar,Punjab,31.52747,75.8066
Punjab,Parjian Kalan BO,,,Jalandhar,Punjab,31.022438,75.3958533
Punjab,Shahpur BO,,,Jalandhar,Punjab,31.125807,75.473293
Punjab,Tandaura BO,,,Jalandhar,Punjab,31.52747,75.8066
Punjab,Udhowal BO,,,Jalandhar,Punjab,31.125807,75.473293
Punjab,Bhullar BO,,,Jalandhar,Punjab,31.1449,75.4852
Punjab,Gandhran BO,,,Jalandhar,Punjab,31.1175115,75.4239491
Punjab,Pandori Khas BO,,,Jalandhar,Punjab,31.1449,75.4852
Punjab,Kanian Kalan BO,,,Jalandhar,Punjab,31.8362,75.6474
Punjab,Bhari Panaich BO,,,Patiala,Punjab,30.74,76.3
Punjab,Raisal BO,,,Patiala,Punjab,30.51,76.18
Punjab,Dakaunda BO,,,Patiala,Punjab,30.49,76.31
Punjab,Lataur BO,,,Fatehgarh Sahib,Punjab,30.55,76.4
Punjab,Junewal BO,,,Ludhiana,Punjab,30.89107,75.87729
Punjab,Panjeta BO,,,Ludhiana,Punjab,30.89528,76.084151
Punjab,Rampur Landiali BO,,,Fatehgarh Sahib,Punjab,30.63,76.54
Punjab,Rupalheri BO,,,Fatehgarh Sahib,Punjab,30.68,76.53
Punjab,Malkomajra BO,,,Fatehgarh Sahib,Punjab,30.6,76.33
Punjab,Mannupur BO,,,Fatehgarh Sahib,Punjab,30.63,76.43
Punjab,Nabipur BO,,,Fatehgarh Sahib,Punjab,30.57,76.43
Punjab,Tanda Badha BO,,,Fatehgarh Sahib,Punjab,30.54,76.1
Punjab,Tung Wali BO,,,Bathinda,Punjab,30.1659,75.0465
Punjab,Dhalewan BO,,,Mansa,Punjab,30.027,75.5757
Punjab,Kulana BO,,,Mansa,Punjab,29.1495,75.9071
Punjab,Phaphre Bhaike BO,,,Mansa,Punjab,29.9834,75.5036
Punjab,Ablu BO,,,Bathinda,Punjab,30.3369,74.7878
Punjab,Mehma Sarja BO,,,Bathinda,Punjab,30.3097,74.8434
Punjab,Mehma Sawai BO,,,Bathinda,Punjab,30.3199,74.8346
Punjab,Nehian Wala BO,,,Bathinda,Punjab,30.3063,74.9106
Punjab,Virk Kalan BO,,,Bathinda,Punjab,30.8642,75.5524
Punjab,Adamke BO,,,Mansa,Punjab,29.7124,75.3245
Punjab,Fatehpur BO,,,Mansa,Punjab,30.14015,74.9395
Punjab,Hingna BO,,,Mansa,Punjab,30.14015,74.9395
Punjab,Ralla BO,,,Mansa,Punjab,30.1196,75.4333
Delhi NCR,Asthal Bohar SO,,,Rohtak,Haryana,28.8752778,76.6416111
Delhi NCR,Bhalaut SO,,,Rohtak,Haryana,28.9035,76.7056667
Delhi NCR,Kalanaur SO Rohtak,,,Rohtak,Haryana,28.8955833,76.5925278
Delhi NCR,Kansala SO,,,Rohtak,Haryana,28.8909167,76.7828889
Delhi NCR,Madina SO,,,Rohtak,Haryana,28.9403611,76.4338889
Delhi NCR,Model Town SO Rohtak,,,Rohtak,Haryana,28.405859,76.215935
Delhi NCR,Police Training Center Sunaria SO,,,Rohtak,Haryana,28.8955833,76.5925278
Delhi NCR,Moloni,,,Bharatpur,Rajasthan,27.085585,77.122629
Delhi NCR,Mudiya Lalita,,,Bharatpur,Rajasthan,27.105645,77.214648
Delhi NCR,Pali,,,Bharatpur,Rajasthan,27.634295,77.04925
Delhi NCR,Usrani,,,Bharatpur,Rajasthan,27.355211,77.27356
Delhi NCR,Bamanwari,,,Bharatpur,Rajasthan,27.763047,77.177274
Delhi NCR,Gaomri,,,Bharatpur,Rajasthan,27.781721,77.207461
Delhi NCR,Nonera,,,Bharatpur,Rajasthan,27.782575,77.294714
Delhi NCR,Satwas,,,Bharatpur,Rajasthan,27.715594,77.278588
Delhi NCR,Bolkhera,,,Bharatpur,Rajasthan,27.229595,77.483466
Delhi NCR,Indrauli,,,Bharatpur,Rajasthan,27.699277,77.230397
Delhi NCR,Matuki,,,Bharatpur,Rajasthan,27.634667,77.175836
Delhi NCR,Musepur,,,Bharatpur,Rajasthan,27.025617,77.083787
Delhi NCR,Mehrawar,,,Bharatpur,Rajasthan,27.284863,77.341057
Delhi NCR,Pala,,,Bharatpur,Rajasthan,27.353142,77.329571
Delhi NCR,Anchera,,,Bharatpur,Rajasthan,27.214402,77.203149
Punjab,Khaira Kalan BO,,,Mansa,Punjab,29.6466,75.2691
Punjab,Mirpur Kalan BO,,,Mansa,Punjab,29.7143,75.2893
Punjab,Behniwal BO,,,Mansa,Punjab,30.9302,75.1939
Punjab,Jaga Ram Tirath BO,,,Bathinda,Punjab,29.9541,75.156
Punjab,Kalal Wala BO,,,Bathinda,Punjab,28.8165,75.1347
Punjab,Sekhpura BO,,,Bathinda,Punjab,29.9968,75.1589
Punjab,Bodi Wala BO,,,Sri Muktsar Sahib,Punjab,30.2958,74.36929
Punjab,Qabar Wala BO,,,Sri Muktsar Sahib,Punjab,30.2958,74.36929
Punjab,Rani Wala BO,,,Sri Muktsar Sahib,Punjab,30.2958,74.36929
Punjab,Ratta Khera BO,,,Sri Muktsar Sahib,Punjab,30.2958,74.36929
Punjab,Ratta Tibba BO,,,Sri Muktsar Sahib,Punjab,30.2958,74.36929
Punjab,Sarawan Bodla BO,,,Sri Muktsar Sahib,Punjab,30.2958,74.36929
Punjab,Bambhia Bhai Ka BO,,,Moga,Punjab,30.131256,74.7095492
Punjab,Saho Ke BO,,,Moga,Punjab,30.52855,74.93097
Punjab,Wandar BO,,,Moga,Punjab,30.52855,74.93097
Punjab,Khokhar BO,,,Sri Muktsar Sahib,Punjab,30.468446,74.517472
Punjab,Sarai Naga BO,,,Sri Muktsar Sahib,Punjab,30.47753,74.73175
Punjab,Sure Wala BO,,,Sri Muktsar Sahib,Punjab,30.47753,74.73175
Punjab,Kotli BO,,,Sri Muktsar Sahib,Punjab,30.4508341,74.8828704
Punjab,Behbal Khurd BO,,,Faridkot,Punjab,30.5281791,74.9128271
Punjab,Jhakhar Wala BO,,,Faridkot,Punjab,30.52855,74.93097
Punjab,Khara BO,,,Faridkot,Punjab,30.483574,74.5075664
Punjab,Chandbaja BO,,,Faridkot,Punjab,30.7303845,74.8761885
Punjab,Dhudhi BO,,,Faridkot,Punjab,30.7016335,74.83244
Punjab,Rajowala BO,,,Faridkot,Punjab,30.7591096,74.7149018
Punjab,DHURKOT BO,,,Faridkot,Punjab,30.7220151,74.8786052
Punjab,Madhak BO,,,Faridkot,Punjab,30.4508351,74.8828694
Punjab,Rameana BO,,,Faridkot,Punjab,30.43813,74.84029
Punjab,Bara Jodh Singh BO,,,Jalandhar,Punjab,31.0919,75.3178
Punjab,Gidder Pindi BO,,,Jalandhar,Punjab,31.1569225,75.1248765
Punjab,Pamaur BO,,,Fatehgarh Sahib,Punjab,30.69,76.71
Punjab,Talania BO,,,Fatehgarh Sahib,Punjab,30.63,76.39
Punjab,Pandori Gola BO,,,Tarn Taran,Punjab,31.46,74.96
Punjab,Daleke BO,,,Tarn Taran,Punjab,31.42,74.87
Punjab,Manochahal BO,,,Tarn Taran,Punjab,31.39,74.85
Punjab,Kadgill BO,,,Tarn Taran,Punjab,31.48,74.95
Punjab,Chakoki BO,,,Kapurthala,Punjab,31.5423307,75.5058251
Punjab,Kang Kalan BO,,,Jalandhar,Punjab,31.0444409,75.7127738
Punjab,Yusufpur Darewal BO,,,Jalandhar,Punjab,31.0444409,75.7127738
Punjab,Chak Chela BO,,,Jalandhar,Punjab,31.17076,75.3162
Punjab,Daulatpur Dhadde BO,,,Jalandhar,Punjab,31.7829367,75.9898471
Punjab,Gill Seowal BO,,,Jalandhar,Punjab,31.17076,75.3162
Punjab,Kangnah BO,,,Jalandhar,Punjab,31.17076,75.3162
Punjab,Khanpur Dhadde BO,,,Jalandhar,Punjab,31.17076,75.3162
Punjab,Baloki BO,,,Jalandhar,Punjab,31.3260152,75.5761829
Punjab,Bulanda BO,,,Jalandhar,Punjab,31.52747,75.8066
Punjab,Danewal BO,,,Jalandhar,Punjab,31.125807,75.473293
Punjab,Bara Sidhpur BO,,,Jalandhar,Punjab,31.1449,75.4852
Punjab,Gohalwar Warpal BO,,,Amritsar,Punjab,31.52,74.9
Punjab,Rataul BO,,,Amritsar,Punjab,31.51,74.92
Punjab,Warpal BO,,,Amritsar,Punjab,31.63,74.87
Punjab,Kotla Sultan Singh BO,,,Amritsar,Punjab,31.78,75.01
Punjab,Babowal BO,,,Amritsar,Punjab,31.71,75.11
Punjab,Bagga BO,,,Amritsar,Punjab,31.63,74.87
Punjab,Ram Diwali Muslama BO,,,Amritsar,Punjab,31.7,75.16
Punjab,Binaheri BO,,,Patiala,Punjab,30.35,76.06
Punjab,Gtc Nabha BO,,,Patiala,Punjab,30.35,76.13
Delhi NCR,Bahadurgarh Sector 6 SO,,,Jhajjar,Haryana,28.681179,76.902704
Delhi NCR,Line Par Bahadurgarh SO,,,Jhajjar,Haryana,28.681179,76.902704
Delhi NCR,Court Complex Jhajjar SO,,,Jhajjar,Haryana,28.6004167,76.66425
Delhi NCR,Beri SO,,,Jhajjar,Haryana,28.8955833,76.5925278
Delhi NCR,Power Plant Jharli SO,,,Jhajjar,Haryana,28.8955833,76.5925278
Delhi NCR,Bahadurgarh Mandi SO,,,Jhajjar,Haryana,28.681179,76.902704
Delhi NCR,Assaudha SO,,,Jhajjar,Haryana,28.681179,76.902704
Delhi NCR,Dighal SO,,,Jhajjar,Haryana,28.7579167,76.6331667
Punjab,Mullabadha BO,,,Malerkotla,Punjab,30.483118,76.005099
Punjab,Nainewal BO,,,Barnala,Punjab,30.427371,75.326707
Delhi NCR,Machrauli SO,,,Jhajjar,Haryana,28.4758889,76.6593889
Delhi NCR,Matanhail SO,,,Jhajjar,Haryana,28.5769722,76.4700278
Delhi NCR,Nehru College Jhajjar SO,,,Jhajjar,Haryana,28.6125278,76.6875833
Delhi NCR,Medical College SO Rohtak,,,Rohtak,Haryana,28.462938,76.614876
Delhi NCR,Mehem SO,,,Rohtak,Haryana,29.9631944,76.7951944
Delhi NCR,Nindana SO,,,Rohtak,Haryana,29.0100277,76.3781722
Delhi NCR,Rohtak Sector I SO,,,Rohtak,Haryana,28.8973611,76.6331389
Delhi NCR,Bus Stand,,,Rohtak,Haryana,28.8955833,76.5925278
Delhi NCR,Bahalgarh SO,,,Sonipat,Haryana,28.958175,77.0929861
Delhi NCR,Butana SO,,,Sonipat,Haryana,29.1870556,76.6254722
Delhi NCR,Gohana Mandi SO,,,Sonipat,Haryana,29.1388056,76.6893333
Delhi NCR,Gohana SO,,,Sonipat,Haryana,29.13125,76.7019722
Delhi NCR,Atlas Cycle SO,,,Sonipat,Haryana,28.9801111,77.0221111
Punjab,Mehsampur BO,,,Sangrur,Punjab,31.023277,75.507288
Punjab,Meemsa BO,,,Sangrur,Punjab,30.394179,75.959387
Punjab,Kalajhar BO,,,Sangrur,Punjab,30.270832,76.150838
Punjab,Kapial BO,,,Sangrur,Punjab,30.195667,76.010902
Punjab,Nadampur BO,,,Sangrur,Punjab,30.253744,76.116774
Punjab,Kauhrian BO,,,Sangrur,Punjab,29.992112,75.914387
Punjab,Baradwal BO,,,Sangrur,Punjab,30.397844,75.889703
Punjab,Bhasaur BO,,,Sangrur,Punjab,30.437985,75.895511
Punjab,Ghanaur Khurd BO,,,Sangrur,Punjab,30.420249,75.811267
Punjab,Ghanauri Kalan BO,,,Sangrur,Punjab,30.418287,75.780753
Punjab,Kaheru BO,,,Sangrur,Punjab,30.391457,75.831606
Punjab,Kaleke BO,,,Barnala,Punjab,30.688967,75.139944
Punjab,Kattu BO,,,Barnala,Punjab,30.310278,75.633902
Delhi NCR,Kamalpura,,,Bharatpur,Rajasthan,27.061693,76.990228
Delhi NCR,Newada,,,Bharatpur,Rajasthan,27.142448,77.083468
Delhi NCR,Salempur Khurd,,,Bharatpur,Rajasthan,27.068382,77.046372
Delhi NCR,Saheda,,,Bharatpur,Rajasthan,27.766903,77.244767
Delhi NCR,Sehson,,,Bharatpur,Rajasthan,27.725594,77.279588
Delhi NCR,Akata,,,Bharatpur,Rajasthan,27.664822,77.329571
Delhi NCR,Sunhera,,,Bharatpur,Rajasthan,27.650146,77.334596
Delhi NCR,Dhanwara,,,Bharatpur,Rajasthan,27.284866,77.341057
Delhi NCR,Belara,,,Bharatpur,Rajasthan,27.290107,77.39847
Delhi NCR,Bhadira,,,Bharatpur,Rajasthan,27.281067,77.174398
Delhi NCR,Karai,,,Bharatpur,Rajasthan,27.021286,77.690832
Delhi NCR,Karili,,,Bharatpur,Rajasthan,27.24272,77.165772
Delhi NCR,Luhasa,,,Bharatpur,Rajasthan,27.241324,77.205305
Delhi NCR,Manjhi,,,Bharatpur,Rajasthan,27.246977,77.211773
Delhi NCR,Paharsar,,,Bharatpur,Rajasthan,27.158756,77.289361
Delhi NCR,Unch,,,Bharatpur,Rajasthan,27.272379,77.158582
Delhi NCR,Sanghi SO,,,Rohtak,Haryana,29.0261111,76.6127777
Delhi NCR,Shivaji Colony SO,,,Rohtak,Haryana,28.8741111,76.5886944
Delhi NCR,MD University Rohtak SO,,,Rohtak,Haryana,28.8955833,76.5925278
Punjab,Chabha BO,,,Amritsar,Punjab,31.52,74.9
Punjab,Bal Khurd BO,,,Amritsar,Punjab,31.72,74.9
Punjab,Balkalan BO,,,Amritsar,Punjab,31.72,74.91
Punjab,Begowal BO,,,Amritsar,Punjab,31.78,74.95
Punjab,Bhangali BO,,,Amritsar,Punjab,31.8,75.06
Punjab,Wadala Viram BO,,,Amritsar,Punjab,31.78,74.95
Punjab,Sialka BO,,,Amritsar,Punjab,31.73,75.14
Delhi NCR,Hingwahera,,,Alwar,Rajasthan,27.950497,76.804335
Delhi NCR,Mundana,,,Alwar,Rajasthan,27.976266,76.788471
Delhi NCR,Phullawas,,,Alwar,Rajasthan,27.2453055,76.60525
Delhi NCR,Shahpur,,,Alwar,Rajasthan,27.672974,76.569052
Delhi NCR,Chandoli,,,Alwar,Rajasthan,27.703449,76.586388
Delhi NCR,Manchal,,,Alwar,Rajasthan,27.917159,76.286287
Delhi NCR,Bhanot,,,Alwar,Rajasthan,27.926586,76.574831
Delhi NCR,Gaduwas,,,Alwar,Rajasthan,27.965391,76.531482
Delhi NCR,Manka,,,Alwar,Rajasthan,28.021685,76.51992
Delhi NCR,ALAMDIKA,,,Alwar,Rajasthan,27.284119,76.690617
Punjab,Rai Ke Kalan BO,,,Bathinda,Punjab,30.0409,74.8251
Punjab,Sangha BO,,,Mansa,Punjab,29.5755,75.2661
Punjab,Behman Jassa Singh Wala BO,,,Bathinda,Punjab,29.9224,75.1137
Punjab,Bhagi Bander BO,,,Bathinda,Punjab,29.9184,75.1119
Punjab,Chehlanwali BO,,,Mansa,Punjab,29.9184,75.1119
Punjab,Chethewala BO,,,Bathinda,Punjab,30.0626,75.0684
Punjab,Dhingar BO,,,Mansa,Punjab,30.2187,74.9633
Punjab,Saharan Majra BO,,,Ludhiana,Punjab,30.661316,75.901319
Punjab,Chhounta BO,,,Ludhiana,Punjab,30.960536,76.057322
Punjab,Machrai Kalan BO,,,Fatehgarh Sahib,Punjab,30.57,76.18
Punjab,Noorpur BO,,,Fatehgarh Sahib,Punjab,30.36,76.37
Punjab,KHANAURA BO,,,Hoshiarpur,Punjab,31.81726,75.657304
Punjab,Roorki BO,,,Fatehgarh Sahib,Punjab,30.33,76.58
Punjab,Kaureana BO,,,Bathinda,Punjab,29.8487,75.1239
Punjab,Bahadurpur BO,,,Mansa,Punjab,30.1311,74.9865
Punjab,Kahangarh BO,,,Mansa,Punjab,29.8635,75.6964
Punjab,Jai Singh Wala BO,,,Bathinda,Punjab,30.7281,75.0721
Punjab,Jhumba BO,,,Bathinda,Punjab,30.1581,74.7761
Punjab,Jassi Pau Wali BO,,,Bathinda,Punjab,30.10875,75.091
Punjab,Ubha BO,,,Mansa,Punjab,30.1073,75.3602
Punjab,Atlakalan BO,,,Mansa,Punjab,30.1016,75.4838
Punjab,Dalel Singh Wala BO,,,Mansa,Punjab,30.0263,75.4778
Punjab,Hamirgarh Dhaipai BO,,,Mansa,Punjab,30.06203,75.55568
Punjab,Gulab Garh BO,,,Bathinda,Punjab,30.1087,75.091
Punjab,Dalelwala BO,,,Mansa,Punjab,29.8295,75.4148
Punjab,Maghnia BO,,,Mansa,Punjab,29.8035,75.5823
Punjab,Reond Kalan BO,,,Mansa,Punjab,29.7736,75.5873
Punjab,Saidewala BO,,,Mansa,Punjab,29.8328,75.591
Punjab,Ahmedpur BO,,,Mansa,Punjab,29.9325,75.5146
Punjab,Bachhuana BO,,,Mansa,Punjab,29.9995,75.3936
Punjab,Bappiana BO,,,Mansa,Punjab,29.9237,75.5642
Punjab,Biroke Kalan BO,,,Mansa,Punjab,29.9427,75.563
Punjab,Lehra Bega BO,,,Bathinda,Punjab,30.247,75.1633
Punjab,Lehra Dhur Kot BO,,,Bathinda,Punjab,30.2592,75.202
Punjab,Sevian BO,,,Bathinda,Punjab,30.2607,74.8997
Punjab,Ganga BO,,,Bathinda,Punjab,30.3527,74.8233
Punjab,Harrai Pur BO,,,Bathinda,Punjab,30.3016,74.8206
Punjab,Janda Wala BO,,,Bathinda,Punjab,30.3016,74.8206
Punjab,Jeeda BO,,,Bathinda,Punjab,30.3737,74.9884
Punjab,Kusla BO,,,Mansa,Punjab,29.7991,75.2348
Punjab,Aklia BO,,,Mansa,Punjab,30.14507,75.42302
Punjab,Kandhargarh BO,,,Sangrur,Punjab,30.371303,75.982607
Punjab,Batriana BO,,,Sangrur,Punjab,30.205875,75.994216
Punjab,Bhattiwal Kalan BO,,,Sangrur,Punjab,30.213553,76.038733
Punjab,Channo BO,,,Sangrur,Punjab,30.270181,76.171128
Punjab,Lad Banjara BO,,,Sangrur,Punjab,29.989595,75.982607
Punjab,Mojowal BO,,,Sangrur,Punjab,30.021223,75.779299
Punjab,Mullowal BO,,,Sangrur,Punjab,30.358928,75.74151
Punjab,Nihaluwal BO,,,Jalandhar,Punjab,31.125809,75.473291
Punjab,Rupewali BO,,,Jalandhar,Punjab,31.125808,75.473292
Punjab,Lidhran BO,,,Jalandhar,Punjab,31.3203,75.5908
Punjab,Malri BO,,,Jalandhar,Punjab,31.1343615,75.4756519
Punjab,Nawanpind Jattan BO,,,Jalandhar,Punjab,31.1449,75.4852
Punjab,Nurpur BO,,,Jalandhar,Punjab,31.3645325,75.6031295
Punjab,Tut Kalan BO,,,Jalandhar,Punjab,31.1449,75.4852
Punjab,Agol BO,,,Patiala,Punjab,30.45,76.2
Punjab,Fatehpur BO,,,Patiala,Punjab,30.53,76.15
Punjab,Mangewal BO,,,Patiala,Punjab,30.49,76.21
Punjab,Ramgarh BO,,,Patiala,Punjab,30.52,76.24
Punjab,Tohra BO,,,Patiala,Punjab,30.51,76.31
Punjab,Julkan BO,,,Patiala,Punjab,30.18,76.53
Punjab,Kotla Surajmal BO,,,Jalandhar,Punjab,31.8362,75.6474
Punjab,Nawan Qilla BO,,,Jalandhar,Punjab,31.8362,75.6474
Punjab,Midda BO,,,Sri Muktsar Sahib,Punjab,30.2958,74.36929
Punjab,Panni Wala Fatta BO,,,Sri Muktsar Sahib,Punjab,30.2958,74.36929
Punjab,Bhutti Wala BO,,,Sri Muktsar Sahib,Punjab,30.47753,74.73175
Punjab,Sham Khera BO,,,Sri Muktsar Sahib,Punjab,30.7444,74.67895
Punjab,Bhullar BO,,,Sri Muktsar Sahib,Punjab,30.4806863,74.5262868
Punjab,Bhaliana BO,,,Sri Muktsar Sahib,Punjab,30.198443,74.659027
Punjab,Balhari Kalan BO,,,Fatehgarh Sahib,Punjab,30.63,76.48
Punjab,Dhangerian BO,,,Fatehgarh Sahib,Punjab,30.61,76.5
Punjab,Harlalpur BO,,,Fatehgarh Sahib,Punjab,30.64,76.36
Punjab,Sadhugarh BO,,,Fatehgarh Sahib,Punjab,30.58,76.47
Punjab,Rohira BO,,,Malerkotla,Punjab,30.635831,75.849038
Punjab,Jhall BO,,,Malerkotla,Punjab,30.483118,76.005099
Punjab,Bhatian Khurd BO,,,Malerkotla,Punjab,30.398147,76.015255
Punjab,Attar Singh Wala BO,,,Barnala,Punjab,30.10223,74.732244
Punjab,Bhathlan BO,,,Barnala,Punjab,30.290524,75.633902
Punjab,Kotduna BO,,,Barnala,Punjab,30.188799,75.532037
Punjab,Dehliz Kalan BO,,,Malerkotla,Punjab,30.669546,75.82289
Punjab,Jandali Khurd BO,,,Malerkotla,Punjab,30.668198,75.842501
Punjab,Nathu Majra BO,,,Malerkotla,Punjab,30.647809,75.88099
Punjab,Maholi Kalan BO,,,Malerkotla,Punjab,30.62427,75.757499
Punjab,Banbhaura BO,,,Malerkotla,Punjab,30.466599,75.950678
Punjab,Bathan BO,,,Malerkotla,Punjab,30.51024,76.014529
Punjab,Jabbomajra BO,,,Malerkotla,Punjab,30.563236,76.060948
Delhi NCR,Badli SO Jhajjar,,,Jhajjar,Haryana,28.681179,76.902704
Delhi NCR,Charra SO,,,Jhajjar,Haryana,28.681179,76.902704
Delhi NCR,IABahadurgarh SO,,,Jhajjar,Haryana,28.681179,76.902704
Delhi NCR,Bahu SO,,,Jhajjar,Haryana,28.4542222,76.3253611
Delhi NCR,Dujana SO,,,Jhajjar,Haryana,28.6827222,76.6320833
Delhi NCR,Sahlawas SO,,,Jhajjar,Haryana,28.4555833,76.4654167
Delhi NCR,Main Bazar Bahadurgarh  SO,,,Jhajjar,Haryana,28.681179,76.902704
Punjab,Ahlupur BO,,,Mansa,Punjab,29.9833,75.3832
Punjab,Mankhera BO,,,Mansa,Punjab,29.5819,75.2355
Punjab,Nahran BO,,,Mansa,Punjab,29.6147,75.2618
Punjab,Jiwan Singh Wala BO,,,Bathinda,Punjab,30.0582,75.0304
Punjab,Natheha BO,,,Bathinda,Punjab,29.8423,75.1728
Punjab,Singo BO,,,Bathinda,Punjab,29.9092,75.1589
Punjab,Daula BO,,,Sri Muktsar Sahib,Punjab,30.19844,74.65903
Punjab,Madhir BO,,,Sri Muktsar Sahib,Punjab,30.28235,74.6746
Punjab,Tharaj Wala BO,,,Sri Muktsar Sahib,Punjab,30.5455969,75.103443
Punjab,Fatehgarh Dabri Khana BO,,,Faridkot,Punjab,30.43677,74.99656
Punjab,Seda Singh Wala BO,,,Faridkot,Punjab,30.43677,74.99656
Punjab,Kammiana BO,,,Faridkot,Punjab,30.6455,74.7365
Punjab,Moranwali BO,,,Faridkot,Punjab,30.666709,74.749991
Punjab,Sukhan Wala BO,,,Faridkot,Punjab,30.6455,74.7365
Punjab,Quila Nau BO,,,Faridkot,Punjab,30.6455,74.7365
Punjab,Ghugiana BO,,,Faridkot,Punjab,30.666708,74.749992
Punjab,Chaina BO,,,Faridkot,Punjab,30.4508351,74.8828694
Punjab,Gumti Khurd BO,,,Faridkot,Punjab,30.4570499,75.660073
Punjab,Dhaipai BO,,,Faridkot,Punjab,30.5076123,74.830084
Punjab,Raipur Arryan BO,,,Kapurthala,Punjab,31.52735,75.40625
Punjab,Talwara BO,,,Kapurthala,Punjab,31.5423307,75.5058251
Punjab,Mullepur BO,,,Fatehgarh Sahib,Punjab,30.84,75.67
Delhi NCR,Mandothi SO,,,Jhajjar,Haryana,28.681179,76.902704
Delhi NCR,Dhakla SO,,,Jhajjar,Haryana,28.4840556,76.5506944
Delhi NCR,Dubaldhan SO,,,Jhajjar,Haryana,28.6840556,76.4869722
Delhi NCR,Jhajjar SO,,,Jhajjar,Haryana,28.606622,76.655029
Delhi NCR,MACHHROLI,,,Alwar,Rajasthan,27.888458,76.71345
Delhi NCR,Girudi,,,Alwar,Rajasthan,27.661555,76.337679
Delhi NCR,Dera Bamanwas,,,Alwar,Rajasthan,27.3,76.266667
Delhi NCR,Dwarapur,,,Alwar,Rajasthan,27.43381,76.289907
Delhi NCR,Garh Basai,,,Alwar,Rajasthan,27.395933,76.242119
Delhi NCR,Saleta,,,Alwar,Rajasthan,27.407174,76.268187
Delhi NCR,Baghora,,,Alwar,Rajasthan,27.777354,76.843266
Delhi NCR,Bandra,,,Alwar,Rajasthan,27.935458,76.782702
Delhi NCR,Bichhala,,,Alwar,Rajasthan,28.014122,76.823081
Punjab,Gobindpura BO,,,Mansa,Punjab,30.2792,75.0158
Punjab,Kishangarh Saide Singh Wala BO,,,Mansa,Punjab,29.9126,75.7313
Punjab,Kot Shamir BO,,,Bathinda,Punjab,30.1135,75.0085
Punjab,Guru Sar Sehne Wala BO,,,Bathinda,Punjab,30.1087,75.091
Punjab,Maluka BO,,,Bathinda,Punjab,30.4295,75.0545
Punjab,Ghanda Bana BO,,,Bathinda,Punjab,30.4159,75.2726
Punjab,Khiala Kalan BO,,,Mansa,Punjab,31.6688,74.7044
Punjab,Hiron Kalan BO,,,Mansa,Punjab,30.118,75.6292
Punjab,Khiwa Khurd BO,,,Mansa,Punjab,30.1264,75.5735
Punjab,Bhucho Kalan BO,,,Bathinda,Punjab,30.2376,75.0816
Punjab,Khabedogran BO,,,Tarn Taran,Punjab,31.5,74.97
Punjab,Qilla Kavi Santokh BO,,,Tarn Taran,Punjab,31.47,74.87
Punjab,Chak Bakhtu BO,,,Bathinda,Punjab,30.19,75.121
Punjab,Alampur Mandra BO,,,Mansa,Punjab,29.8226,75.448
Punjab,Tahlian BO,,,Mansa,Punjab,29.8741,75.4607
Punjab,Alampur Bodla BO,,,Mansa,Punjab,30.0199,75.671
Punjab,Bareh BO,,,Mansa,Punjab,29.9237,75.5642
Punjab,Borewal BO,,,Mansa,Punjab,29.9916,75.4004
Punjab,Dodra BO,,,Mansa,Punjab,29.9788,75.6252
Punjab,Hodla Kalan BO,,,Mansa,Punjab,30.0515,75.6114
Punjab,Lehra Khanna BO,,,Bathinda,Punjab,30.2234,75.1414
Punjab,Deon BO,,,Bathinda,Punjab,30.21,74.9329
Punjab,Akalia Kalan BO,,,Bathinda,Punjab,30.3462,74.905
Punjab,Khemuana BO,,,Bathinda,Punjab,30.211,74.9454
Punjab,Fatta Maluka BO,,,Mansa,Punjab,30.1401,74.9395
Punjab,Jhanduke BO,,,Mansa,Punjab,30.1617,75.1443
Punjab,Lallian Wali BO,,,Mansa,Punjab,30.14015,74.9395
Punjab,Moffar BO,,,Mansa,Punjab,29.7768,75.4192
Punjab,Khanaura BO,,,Patiala,Punjab,30.53,76.19
Punjab,Matrauda BO,,,Patiala,Punjab,30.52,76.18
Punjab,Sakrali BO,,,Patiala,Punjab,30.47,76.24
Punjab,Tarkheri BO,,,Patiala,Punjab,30.53,76.3
Punjab,Thothian BO,,,Amritsar,Punjab,31.55,75.15
Punjab,Gilwali BO,,,Amritsar,Punjab,31.58,74.88
Punjab,Mehma BO,,,Amritsar,Punjab,31.63,74.87
Punjab,Daburji BO,,,Amritsar,Punjab,31.6,74.95
Punjab,Dadupura BO,,,Amritsar,Punjab,31.77,74.94
Punjab,Jalalpura BO,,,Amritsar,Punjab,31.77,75.01
Punjab,Marari Kalan BO,,,Amritsar,Punjab,31.77,75.05
Punjab,Sohian Kalan BO,,,Amritsar,Punjab,31.75,74.92
Punjab,Jahan Khelan BO,,,Hoshiarpur,Punjab,31.24,75.23
Punjab,Kharkan Camp BO,,,Hoshiarpur,Punjab,31.63,75.41
Punjab,Mehlanwali BO,,,Hoshiarpur,Punjab,31.42,75.96
Punjab,Behbalpur BO,,,Hoshiarpur,Punjab,31.65,75.58
Punjab,Mananhana BO,,,Hoshiarpur,Punjab,31.04,75.41
Punjab,Thinda BO,,,Hoshiarpur,Punjab,31.81726,75.657304
Punjab,Naraingarh BO,,,Fatehgarh Sahib,Punjab,30.6,76.25
Punjab,Samaspur BO,,,Fatehgarh Sahib,Punjab,30.87,76.36
Punjab,Rattangarh BO,,,Ludhiana,Punjab,30.943691,76.070374
Punjab,Balloh BO,,,Bathinda,Punjab,30.14507,75.42302
Punjab,Akkanwali BO,,,Mansa,Punjab,29.983309,75.383291
Punjab,Aero Kalan BO,,,Patiala,Punjab,30.15,76.63
Punjab,Devinagar BO,,,Patiala,Punjab,30.2,76.48
Punjab,Gharam BO,,,Patiala,Punjab,30.11,76.49
Punjab,Pandori Takhtmal BO,,,Tarn Taran,Punjab,31.44645,74.94355
Punjab,Palasaur BO,,,Tarn Taran,Punjab,31.44,74.89
Punjab,Pandori Ransingh BO,,,Tarn Taran,Punjab,31.44645,74.94
Delhi NCR,DLF Colony Rohtak SO,,,Rohtak,Haryana,28.8898611,76.62375
Delhi NCR,Gohana Road SO Rohtak,,,Rohtak,Haryana,28.681179,76.510506
Delhi NCR,Jhajjar Road Rohtak SO,,,Rohtak,Haryana,28.8903056,76.5812222
Delhi NCR,Rohtak Town SO,,,Rohtak,Haryana,28.8828611,77.5760556
Delhi NCR,Hassangarh SO,,,Rohtak,Haryana,28.681179,76.902704
Delhi NCR,Sampla SO,,,Rohtak,Haryana,28.681179,76.902704
Delhi NCR,Anwal SO,,,Rohtak,Haryana,28.8220278,76.3936667
Delhi NCR,Gandhi Camp SO,,,Rohtak,Haryana,28.89675,76.5875833
Delhi NCR,Janta Colony Rohtak SO,,,Rohtak,Haryana,28.681179,76.510506
Delhi NCR,Kahnaur SO,,,Rohtak,Haryana,28.7615556,76.4896389
Delhi NCR,Mokhra SO,,,Rohtak,Haryana,28.8876389,76.4276667
Delhi NCR,Hissar Road Rohtak SO,,,Rohtak,Haryana,28.405859,76.215935
Delhi NCR,Mudia Sadh,,,Bharatpur,Rajasthan,27.161693,76.980228
Delhi NCR,Ghosinga,,,Bharatpur,Rajasthan,27.799145,77.162896
Delhi NCR,Unchera,,,Bharatpur,Rajasthan,27.732874,77.270687
Delhi NCR,Barauli Dhau,,,Bharatpur,Rajasthan,27.582866,77.223271
Delhi NCR,Bilond,,,Bharatpur,Rajasthan,27.6164,77.211773
Delhi NCR,Dhamari,,,Bharatpur,Rajasthan,27.579853,77.315212
Delhi NCR,Dhilawati,,,Bharatpur,Rajasthan,27.683963,77.333878
Delhi NCR,Sablana,,,Bharatpur,Rajasthan,27.586046,77.241952
Delhi NCR,Birheru,,,Bharatpur,Rajasthan,27.284824,77.246263
Delhi NCR,Pichumar,,,Bharatpur,Rajasthan,27.327139,77.305877
Delhi NCR,Sinsini,,,Bharatpur,Rajasthan,27.364884,77.295381
Delhi NCR,Gudawali,,,Bharatpur,Rajasthan,27.161861,77.1974
Delhi NCR,Gadauli,,,Bharatpur,Rajasthan,27.022286,77.680832
Delhi NCR,Gangrauli,,,Bharatpur,Rajasthan,27.257467,77.251506
Delhi NCR,Kawai,,,Bharatpur,Rajasthan,27.204988,77.257757
Delhi NCR,Raisis,,,Bharatpur,Rajasthan,27.229141,77.237641
Delhi NCR,Sihi,,,Bharatpur,Rajasthan,27.243624,77.328494
Delhi NCR,Bhatpura,,,Bharatpur,Rajasthan,27.513093,76.880744
Delhi NCR,Hantra,,,Bharatpur,Rajasthan,27.123006,77.246263
Delhi NCR,Thairwa,,,Bharatpur,Rajasthan,27.356758,77.243389
Delhi NCR,Dandera,,,Bharatpur,Rajasthan,27.766047,77.179274
Punjab,Badali Ala Singh BO,,,Fatehgarh Sahib,Punjab,30.61,76.38
Punjab,Khera BO,,,Fatehgarh Sahib,Punjab,30.63,76.42
Punjab,Mahadian BO,,,Fatehgarh Sahib,Punjab,30.65,76.41
Punjab,Makrampur BO,,,Fatehgarh Sahib,Punjab,30.64,76.49
Punjab,Reona Ucha BO,,,Fatehgarh Sahib,Punjab,30.66,76.39
Punjab,Dharampura BO,,,Mansa,Punjab,29.8279,75.6426
Punjab,Gehri Baghi BO,,,Bathinda,Punjab,30.1149,74.9603
Punjab,Bir Behman BO,,,Bathinda,Punjab,30.1995,74.8639
Punjab,Multania BO,,,Bathinda,Punjab,30.1795,74.8558
Punjab,Naruana BO,,,Bathinda,Punjab,30.1638,74.896
Punjab,Balluna BO,,,Bathinda,Punjab,30.2236,74.782
Punjab,Bibi Wala BO,,,Bathinda,Punjab,30.2549,74.9881
Punjab,Nasib Pura BO,,,Bathinda,Punjab,30.0766,75.0005
Punjab,Kotha Guru BO,,,Bathinda,Punjab,30.4433,75.0947
Punjab,Siryewala BO,,,Bathinda,Punjab,30.4882,75.0451
Punjab,Gumti Kalan BO,,,Bathinda,Punjab,30.4261,75.1648
Punjab,Khokhar Kalan BO,,,Mansa,Punjab,30.0206,75.3427
Punjab,Tamkot BO,,,Mansa,Punjab,30.0646,75.4068
Punjab,Khiwa Kalan BO,,,Mansa,Punjab,30.1055,75.5699
Punjab,Kotra Kalan BO,,,Mansa,Punjab,30.053,75.4901
Punjab,Samaon BO,,,Mansa,Punjab,30.079,75.5349
Punjab,Bhucho Khurd BO,,,Bathinda,Punjab,30.2132,75.0903
Punjab,Chak Fateh Sngh Wala BO,,,Bathinda,Punjab,30.1832,75.0994
Punjab,Kot Fatta BO,,,Bathinda,Punjab,30.1135,75.0816
Punjab,Uddat Saidewala BO,,,Mansa,Punjab,29.8214,75.4825
Punjab,Datewas BO,,,Mansa,Punjab,29.9074,75.6194
Punjab,Gurney Kalan BO,,,Mansa,Punjab,29.9427,75.563
Punjab,Kishangarh Pharwahi BO,,,Mansa,Punjab,29.9427,75.563
Punjab,Bhisiana BO,,,Bathinda,Punjab,30.2731,74.76
Punjab,Burj Mehma BO,,,Bathinda,Punjab,30.2623,74.7995
Punjab,Mehma Bhagwana BO,,,Bathinda,Punjab,30.3016,74.8206
Punjab,Virk Khurd BO,,,Bathinda,Punjab,30.3016,74.8206
Punjab,Chenewala BO,,,Mansa,Punjab,30.14015,74.9395
Punjab,Ghuddu Wala BO,,,Mansa,Punjab,29.811,75.2953
Punjab,Jatana Kalan BO,,,Mansa,Punjab,29.7633,75.2453
Punjab,Chauke BO,,,Bathinda,Punjab,30.1824,75.3383
Delhi NCR,Pai,,,Bharatpur,Rajasthan,27.756903,77.234767
Delhi NCR,Anand Dadri,,,Bharatpur,Rajasthan,27.654822,77.328571
Delhi NCR,Bhandara,,,Bharatpur,Rajasthan,27.719172,77.231893
Delhi NCR,Bilong,,,Bharatpur,Rajasthan,27.6165,77.211753
Delhi NCR,Chhichhalwari,,,Bharatpur,Rajasthan,27.239595,77.493466
Delhi NCR,Garh Ajan,,,Bharatpur,Rajasthan,27.689277,77.220397
Delhi NCR,Luhesor,,,Bharatpur,Rajasthan,27.637387,77.220397
Delhi NCR,Pasopa,,,Bharatpur,Rajasthan,27.125617,77.183787
Delhi NCR,Astawan,,,Bharatpur,Rajasthan,27.219949,77.205575
Delhi NCR,Sabora,,,Bharatpur,Rajasthan,27.319483,77.246263
Delhi NCR,Sikrori,,,Bharatpur,Rajasthan,27.313756,77.341057
Delhi NCR,Saint BO,,,Bharatpur,Rajasthan,27.370738,77.35641
Delhi NCR,Bhatawali,,,Bharatpur,Rajasthan,27.229161,77.26925
Delhi NCR,Ishapur Katara,,,Bharatpur,Rajasthan,27.226121,77.166397
Delhi NCR,Khatoti,,,Bharatpur,Rajasthan,27.168204,77.250573
Delhi NCR,Paprera,,,Bharatpur,Rajasthan,27.211834,77.300851
Delhi NCR,Ronija,,,Bharatpur,Rajasthan,27.306764,77.155706
Punjab,Manak BO,,,Kapurthala,Punjab,31.2178,75.7693
Punjab,Mirzapur BO,,,Kapurthala,Punjab,31.5500729,75.3947656
Punjab,Chaunda BO,,,Malerkotla,Punjab,30.510269,76.053696
Punjab,Pharwahi BO,,,Barnala,Punjab,30.337949,75.578612
Punjab,Thikriwala BO,,,Barnala,Punjab,30.434805,75.524758
Punjab,Jangiana BO,,,Barnala,Punjab,30.467801,75.276343
Punjab,Sandhu Kalan BO,,,Barnala,Punjab,30.404437,75.319353
Punjab,Uggi BO,,,Jalandhar,Punjab,31.374924,75.384212
Punjab,Rahimpur BO,,,Jalandhar,Punjab,31.37493,75.384206
Punjab,Kang Khurd BO,,,Jalandhar,Punjab,31.0444409,75.7127738
Punjab,Nahal BO,,,Jalandhar,Punjab,31.3794,75.3847
Punjab,Lopoke BO,,,Amritsar,Punjab,31.72,74.63
Punjab,Mud Khokhar BO,,,Amritsar,Punjab,31.78,74.61
Delhi NCR,Bhatgaon SO Sonipat,,,Sonipat,Haryana,28.9926944,77.0179722
Delhi NCR,Bus Stand Gohana SO,,,Sonipat,Haryana,29.13125,76.7019722
Delhi NCR,Ganaur SO,,,Sonipat,Haryana,29.1263611,77.0201389
Delhi NCR,Ganzbazar SO,,,Sonipat,Haryana,29.0018889,77.0186111
Delhi NCR,Farmana SO,,,Sonipat,Haryana,28.9831944,76.8135556
Delhi NCR,Baroda SO,,,Sonipat,Haryana,29.1411111,76.6120556
Delhi NCR,Bhainswal Kalan SO,,,Sonipat,Haryana,28.9894444,77.0252777
Delhi NCR,Engg College Muthal SO,,,Sonipat,Haryana,29.3774722,76.9675556
Delhi NCR,Ganaur City SO,,,Sonipat,Haryana,29.2062222,77.234
Delhi NCR,Gohana Road SO Sonipat,,,Sonipat,Haryana,28.98,77.02
Delhi NCR,Industrial Estate Kundli SO,,,Sonipat,Haryana,28.8653889,77.1265833
Punjab,Bhaini Jassan BO,,,Barnala,Punjab,30.266555,75.526942
Punjab,Pandher BO,,,Barnala,Punjab,31.832286,74.947853
Punjab,Jhaloor BO,,,Barnala,Punjab,30.394459,75.655959
Delhi NCR,Bhangroli,,,Alwar,Rajasthan,28.394245,76.908124
Delhi NCR,Gudhachurani,,,Alwar,Rajasthan,27.361696,76.270961
Delhi NCR,Malutana,,,Alwar,Rajasthan,27.48919,76.253705
Delhi NCR,Sariska Palace,,,Alwar,Rajasthan,27.392526,76.371047
Delhi NCR,Bilaspur,,,Alwar,Rajasthan,27.895039,76.840383
Delhi NCR,Gotoli,,,Alwar,Rajasthan,28.036029,76.900919
Delhi NCR,Isroda,,,Alwar,Rajasthan,27.992601,76.808662
Delhi NCR,Rabhana,,,Alwar,Rajasthan,28.0215497,76.840383
Delhi NCR,Titarka,,,Alwar,Rajasthan,27.870355,76.823081
Delhi NCR,Parisal,,,Alwar,Rajasthan,27.676774,76.622498
Delhi NCR,gadoj,,,Alwar,Rajasthan,27.869519,76.226909
Delhi NCR,Sherpur,,,Alwar,Rajasthan,27.868402,76.279771
Delhi NCR,Jainpurwas,,,Alwar,Rajasthan,27.825025,76.276875
Delhi NCR,Pahari,,,Alwar,Rajasthan,27.817031,76.311623
Delhi NCR,A.G.Dadhiya,,,Alwar,Rajasthan,27.99117,76.537985
Delhi NCR,Jonal,,,Alwar,Rajasthan,27.951227,76.649935
Delhi NCR,Seelgaon,,,Alwar,Rajasthan,27.984884,76.612388
Delhi NCR,Jalawas,,,Alwar,Rajasthan,27.946474,76.463249
Delhi NCR,Khareda,,,Alwar,Rajasthan,27.373043,76.579165
Delhi NCR,Kolahera,,,Alwar,Rajasthan,27.390648,76.626831
Delhi NCR,Mundawar,,,Alwar,Rajasthan,27.864535,76.552015
Delhi NCR,Nayabas,,,Alwar,Rajasthan,27.587254,76.227634
Delhi NCR,Beejwa,,,Alwar,Rajasthan,27.402704,76.587833
Delhi NCR,Cheerwa,,,Alwar,Rajasthan,27.625896,76.915328
Punjab,Bhojowali BO,,,Sangrur,Punjab,30.344886,75.921646
Punjab,Balad Kalan BO,,,Sangrur,Punjab,30.258004,76.084151
Punjab,Jharon BO,,,Sangrur,Punjab,30.131501,75.651357
Punjab,Bhai Ke Pishore BO,,,Sangrur,Punjab,30.001533,75.883894
Punjab,Gobindgarh Khokhar BO,,,Sangrur,Punjab,29.996431,75.792012
Punjab,Badshahpur BO,,,Sangrur,Punjab,28.398271,77.053568
Punjab,Banbhauri BO,,,Sangrur,Punjab,29.406232,76.046444
Punjab,Rajomajra BO,,,Sangrur,Punjab,30.371001,75.799643
Punjab,Mehta BO,,,Bathinda,Punjab,31.6659,75.2494
Punjab,Chhidan BO,,,Amritsar,Punjab,31.6758,74.87
Punjab,Chicha BO,,,Amritsar,Punjab,31.56,74.7
Punjab,Gharinda BO,,,Amritsar,Punjab,31.61,74.66
Punjab,Hoshiar Nagar BO,,,Amritsar,Punjab,31.58,74.68
Punjab,Ibban Kalan BO,,,Amritsar,Punjab,31.58,74.84
Punjab,Sangna BO,,,Amritsar,Punjab,31.56,74.81
Punjab,Nangal Dial Singh BO,,,Amritsar,Punjab,31.62,75.01
Punjab,Nawanpind BO,,,Amritsar,Punjab,31.54,74.99
Punjab,Phul Gudewal BO,,,Jalandhar,Punjab,31.1289,75.15782
Punjab,Muridwal BO,,,Jalandhar,Punjab,31.125808,75.473292
Punjab,Akbarpur Kalan BO,,,Jalandhar,Punjab,31.52747,75.8066
Punjab,Haripur BO,,,Jalandhar,Punjab,31.125807,75.473293
Punjab,Sangowal BO,,,Jalandhar,Punjab,31.52747,75.8066
Punjab,Singhpur BO,,,Jalandhar,Punjab,31.125808,75.473292
Punjab,Umarwal Billa BO,,,Jalandhar,Punjab,31.52747,75.8066
Punjab,Bhodipur BO,,,Jalandhar,Punjab,31.125808,75.473292
Punjab,Billi Chuharmi BO,,,Jalandhar,Punjab,31.1449,75.4852
Punjab,Bagga BO,,,Jalandhar,Punjab,31.2959166,75.4293773
Punjab,Aima Kalan BO,,,Tarn Taran,Punjab,31.52,74.8
Punjab,Baghiari BO,,,Tarn Taran,Punjab,31.5,74.76
Punjab,Kot Dharam Chand Kalan BO,,,Tarn Taran,Punjab,31.47,74.84
Punjab,Lalu Ghuman BO,,,Tarn Taran,Punjab,31.49,74.84
Punjab,Chamba Kalan BO,,,Tarn Taran,Punjab,31.26,75
Punjab,Pheloke BO,,,Tarn Taran,Punjab,31.3783031,74.9997698
Punjab,Sheron BO,,,Tarn Taran,Punjab,31.3783001,74.9997728
Punjab,Tur BO,,,Tarn Taran,Punjab,31.3783001,74.9997728
Punjab,Usman BO,,,Tarn Taran,Punjab,31.3783021,74.9997708
Punjab,Johal Dhai Wala BO,,,Tarn Taran,Punjab,31.13,75.84
Punjab,Pringri BO,,,Tarn Taran,Punjab,31.23,74.89
Punjab,Ratta Gudda BO,,,Tarn Taran,Punjab,31.23,74.92
Punjab,Dayal Pura BO,,,Tarn Taran,Punjab,31.32,74.76
Punjab,Kalsian Kalan BO,,,Tarn Taran,Punjab,31.28,74.7
Punjab,Rasulpur Kalan BO,,,Amritsar,Punjab,31.64,75.05
Punjab,Tangra BO,,,Amritsar,Punjab,31.56,75.12
Punjab,Tmmowal BO,,,Amritsar,Punjab,31.53,75.1
Punjab,Abdal BO,,,Amritsar,Punjab,31.74,75.08
Punjab,Ajaiwali BO,,,Amritsar,Punjab,31.73,75.01
Punjab,Chogawan Rupowali BO,,,Amritsar,Punjab,31.72525,74.99
Punjab,Allowal BO,,,Amritsar,Punjab,31.5,75.14
Punjab,Bhorchi Rajputana BO,,,Amritsar,Punjab,31.4851588,75.13
Punjab,Butari BO,,,Amritsar,Punjab,31.55,75.19
Punjab,Raipur Kalan BO,,,Amritsar,Punjab,31.66,75.04
Punjab,Bhangwan BO,,,Amritsar,Punjab,31.59,75.06
Punjab,Chhajalwindi BO,,,Amritsar,Punjab,31.55,75.12
Punjab,Pakharpura BO,,,Amritsar,Punjab,31.77,75.09
Punjab,Talwandi Dasaunda Singh BO,,,Amritsar,Punjab,31.68,75.04
Punjab,Waryam Nangal BO,,,Amritsar,Punjab,31.72525,74.99
Punjab,Jaspal BO,,,Amritsar,Punjab,31.61,75.2
Punjab,Kaleke BO,,,Amritsar,Punjab,31.6,75.2
Punjab,Marjindpura BO,,,Tarn Taran,Punjab,31.32,74.76
Punjab,Pahuwind BO,,,Tarn Taran,Punjab,31.34,74.7
Punjab,Singhpura BO,,,Tarn Taran,Punjab,31.348909,74.701391
Punjab,Alaadeenpur BO,,,Tarn Taran,Punjab,31.37005,74.95
Punjab,Munda Pind BO,,,Tarn Taran,Punjab,31.36,75.07
Punjab,Bhai Ladhu BO,,,Tarn Taran,Punjab,31.26,74.68
Punjab,Chuslewar BO,,,Tarn Taran,Punjab,31.27,74.79
Punjab,Dinewal BO,,,Tarn Taran,Punjab,31.49,75.04
Punjab,Kallah BO,,,Tarn Taran,Punjab,31.43,75.04
Punjab,Pakhoke BO,,,Tarn Taran,Punjab,31.5,75.01
Delhi NCR,Ramji ka Guwada,,,Alwar,Rajasthan,28.573014,77.225788
Delhi NCR,Binjari,,,Alwar,Rajasthan,27.306383,76.739424
Delhi NCR,Dhamred,,,Alwar,Rajasthan,27.260458,76.563018
Delhi NCR,Doroli,,,Alwar,Rajasthan,27.200467,77.037736
Delhi NCR,Machari,,,Alwar,Rajasthan,27.24203,76.670147
Delhi NCR,Bighota,,,Alwar,Rajasthan,27.106459,76.462093
Delhi NCR,Balata,,,Alwar,Rajasthan,27.352419,76.573644
Delhi NCR,Dhakpuri,,,Alwar,Rajasthan,27.396244,76.684583
Delhi NCR,Jamalpur,,,Alwar,Rajasthan,27.388804,76.66726
Delhi NCR,Kalsara,,,Alwar,Rajasthan,27.419343,76.624547
Delhi NCR,Desula,,,Alwar,Rajasthan,27.534551,76.684583
Delhi NCR,Jatpur,,,Alwar,Rajasthan,27.478241,76.72788
Delhi NCR,Khanpur Jat,,,Alwar,Rajasthan,27.481577,76.673035
Delhi NCR,Kherli Syed,,,Alwar,Rajasthan,27.473407,76.707677
Delhi NCR,Berla,,,Alwar,Rajasthan,27.378917,76.774048
Delhi NCR,Chhilori,,,Alwar,Rajasthan,27.343595,76.736538
Delhi NCR,Chimrauli Gaur,,,Alwar,Rajasthan,27.359562,76.782702
Delhi NCR,Devli,,,Alwar,Rajasthan,27.492547,76.172577
Delhi NCR,Khoramalawali,,,Alwar,Rajasthan,27.327879,76.76062
Delhi NCR,Ajabpura,,,Alwar,Rajasthan,27.537292,76.360834
Delhi NCR,Garhi,,,Alwar,Rajasthan,27.567502,76.346362
Punjab,Dall BO,,,Tarn Taran,Punjab,31.35,74.57
Punjab,Algon Khurd BO,,,Tarn Taran,Punjab,31.28,74.65
Punjab,Bhathal Bhai BO,,,Tarn Taran,Punjab,31.33,74.98
Punjab,Mohanpura BO,,,Tarn Taran,Punjab,32.13839,75.32
Punjab,Bhoprai BO,,,Tarn Taran,Punjab,31.31155,74.84
Punjab,Bhuse BO,,,Tarn Taran,Punjab,31.54,74.68
Punjab,Kakkar BO,,,Amritsar,Punjab,31.72,74.54
Punjab,Bal Sarai BO,,,Amritsar,Punjab,31.56,75.32
Punjab,Bhakna Kalan BO,,,Amritsar,Punjab,31.58,74.72
Punjab,Ladhewal BO,,,Amritsar,Punjab,31.58,74.72
Punjab,Thathgarh BO,,,Amritsar,Punjab,31.55,74.8
Punjab,Wadala Johal BO,,,Amritsar,Punjab,31.6443,75.01
Punjab,Blair BO,,,Tarn Taran,Punjab,31.35,74.69
Punjab,Sugga BO,,,Tarn Taran,Punjab,31.35,74.69
Punjab,Panjwar BO,,,Tarn Taran,Punjab,31.45,74.78
Punjab,Pakhopura BO,,,Tarn Taran,Punjab,31.26,75
Punjab,Jamarai BO,,,Tarn Taran,Punjab,31.37,74.99
Punjab,Lalpura BO,,,Tarn Taran,Punjab,31.3783041,74.9997688
Punjab,Rusulpur BO,,,Tarn Taran,Punjab,31.37,74.95
Punjab,Shahabpur BO,,,Tarn Taran,Punjab,31.39,74.92
Punjab,Khela BO,,,Tarn Taran,Punjab,31.36,75.08
Punjab,Dhunda BO,,,Tarn Taran,Punjab,31.34,75.13
Punjab,Manak Dheke BO,,,Tarn Taran,Punjab,31.34,75.1
Punjab,Alipur BO,,,Tarn Taran,Punjab,31.21,74.93
Punjab,Kirtowal BO,,,Tarn Taran,Punjab,31.21,74.89
Punjab,Bahmniwala BO,,,Tarn Taran,Punjab,31.31,74.83
Punjab,Kullah BO,,,Tarn Taran,Punjab,31.29,74.81
Punjab,Manihala Jai Singh BO,,,Tarn Taran,Punjab,31.29,74.79
Punjab,Devidaspura BO,,,Amritsar,Punjab,31.59,75.03
Punjab,Mallian BO,,,Amritsar,Punjab,31.56,75.08
Punjab,Jaintipur BO,,,Amritsar,Punjab,31.77,75.1
Punjab,Ludhar BO,,,Amritsar,Punjab,31.71,74.98
Punjab,Uddoke BO,,,Amritsar,Punjab,31.71625,75.09745
Punjab,Chananke BO,,,Amritsar,Punjab,31.69,75.2
Punjab,Rajdhan BO,,,Amritsar,Punjab,31.62,75.23
Punjab,Udhonangal BO,,,Amritsar,Punjab,31.67,75.23
Punjab,Bagga BO,,,Amritsar,Punjab,31.6339843,74.8722592
Punjab,Saidoke BO,,,Amritsar,Punjab,31.69,75.28
Punjab,Adiwala BO,,,Amritsar,Punjab,31.73,74.83
Punjab,Dujowal BO,,,Amritsar,Punjab,31.93,74.83
Punjab,Jatta BO,,,Amritsar,Punjab,31.6339843,74.8722592
Punjab,Chakkare Khan BO,,,Amritsar,Punjab,31.48,75.13
Punjab,Jallupura Khera BO,,,Amritsar,Punjab,31.51,75.19
Punjab,Khojkipur BO,,,Amritsar,Punjab,31.48,75.19
Punjab,Lidhar BO,,,Amritsar,Punjab,31.5,75.21
Punjab,Mianwind BO,,,Amritsar,Punjab,31.48,75.15
Punjab,Akalgarh Dhupaian BO,,,Amritsar,Punjab,31.64,75.06
Punjab,Bhattike BO,,,Amritsar,Punjab,31.64,75.17
Punjab,Chogawan Sidhpur BO,,,Amritsar,Punjab,31.63,74.84
Punjab,Mallowal BO,,,Amritsar,Punjab,31.69,75
Punjab,Vallah BO,,,Amritsar,Punjab,31.63,74.94
Punjab,Ekal Gudda BO,,,Amritsar,Punjab,31.51,75.07
Punjab,Jaura BO,,,Tarn Taran,Punjab,31.36,74.84
Punjab,Sarhali Mandan BO,,,Tarn Taran,Punjab,31.27,74.94
Punjab,Shahbazpura BO,,,Tarn Taran,Punjab,31.3333443,74.866557
Punjab,Deo BO,,,Tarn Taran,Punjab,31.45,75.03
Punjab,Jahangir BO,,,Tarn Taran,Punjab,31.7,74.96
Punjab,Chhina Bidhi Chand BO,,,Tarn Taran,Punjab,31.44,74.65
Punjab,Sidhwa BO,,,Tarn Taran,Punjab,31.7,74.61
Punjab,Wan Tara Singh BO,,,Tarn Taran,Punjab,31.32,74.55
Punjab,Dibbi Pura BO,,,Tarn Taran,Punjab,31.15549,74.55
Punjab,Lakhna BO,,,Tarn Taran,Punjab,31.25,74.57
Punjab,Mastgarh BO,,,Tarn Taran,Punjab,31.18,74.53
Punjab,Brahmpura BO,,,Tarn Taran,Punjab,32.13839,75.32
Punjab,Rani Villa BO,,,Tarn Taran,Punjab,32.13839,75.32
Punjab,Bhagupura BO,,,Tarn Taran,Punjab,31.25,74.84
Punjab,Bhatte Bhaini BO,,,Tarn Taran,Punjab,31.31155,74.84
Punjab,Dubli BO,,,Tarn Taran,Punjab,31.2,74.79
Punjab,Kot Budha BO,,,Tarn Taran,Punjab,31.16,74.78
Punjab,Mahaneke Jandh BO,,,Tarn Taran,Punjab,31.31155,74.84
Punjab,Lauka BO,,,Tarn Taran,Punjab,31.333383,74.8666617
Punjab,Nandpur BO,,,Tarn Taran,Punjab,31.33,74.92
Punjab,Nagoke BO,,,Tarn Taran,Punjab,31.45,75.13
Punjab,Manawala Kalan BO,,,Amritsar,Punjab,31.59,74.97
Punjab,Sarli Kalan BO,,,Amritsar,Punjab,31.5,75.11
Punjab,Jalalusman BO,,,Amritsar,Punjab,31.68,75.2
Punjab,Mehsampura BO,,,Amritsar,Punjab,31.68,75.2
Punjab,Mehta BO,,,Amritsar,Punjab,31.66,75.24
Punjab,Jhanjoti BO,,,Amritsar,Punjab,31.72,74.75
Punjab,Loharka Kalan BO,,,Amritsar,Punjab,31.73,74.86
Punjab,Mallunangal BO,,,Amritsar,Punjab,31.73,74.95
Punjab,Dhardeo BO,,,Amritsar,Punjab,31.63,75.25
Punjab,Ghagar Bhana BO,,,Amritsar,Punjab,31.58,75.3
Punjab,Dist Jail BO,,,Amritsar,Punjab,31.71,75.04
Punjab,Tanel BO,,,Amritsar,Punjab,31.67,75.17
Punjab,Khankot Garden Colony BO,,,Amritsar,Punjab,31.6,74.94
Punjab,Mudhal BO,,,Amritsar,Punjab,31.68,74.95
Punjab,Viring BO,,,Tarn Taran,Punjab,31.44,75.07
Punjab,Vain Poin BO,,,Tarn Taran,Punjab,31.44645,74.94
Punjab,Mandir Mathra Bhagi BO,,,Tarn Taran,Punjab,31.37455,74.59
Punjab,Mari Kamboke BO,,,Tarn Taran,Punjab,31.33,74.6
Punjab,Mari Megha BO,,,Tarn Taran,Punjab,31.35,74.63
Punjab,Amarkot BO,,,Tarn Taran,Punjab,31.22,74.62
Punjab,Asal Autar BO,,,Tarn Taran,Punjab,31.15549,74.55
Punjab,Bhure Kohna BO,,,Tarn Taran,Punjab,31.3795513,74.7775828
Punjab,Bhure Nau BO,,,Tarn Taran,Punjab,31.379829,74.77
Punjab,Mehndipura BO,,,Tarn Taran,Punjab,31.15549,74.55
Punjab,Rattoke Gurudwara BO,,,Tarn Taran,Punjab,31.1389065,74.62
Punjab,Thathian Mahantan BO,,,Tarn Taran,Punjab,31.31,74.95
Punjab,Saidpur BO,,,Tarn Taran,Punjab,31.67,75.11
Punjab,Shaheed BO,,,Tarn Taran,Punjab,31.23,74.78
Punjab,Takarpura BO,,,Tarn Taran,Punjab,31.31155,74.84
Punjab,Nizampura BO,,,Amritsar,Punjab,31.67,74.93
Punjab,Manawala Khurd BO,,,Amritsar,Punjab,31.46,73.13
Punjab,Bhittewad BO,,,Amritsar,Punjab,31.72,74.71
Punjab,Heir BO,,,Amritsar,Punjab,31.7,74.82
Punjab,Miran Kot BO,,,Amritsar,Punjab,31.7,74.85
Punjab,Ghonewal BO,,,Amritsar,Punjab,32.02,74.92
Punjab,Dahoorian BO,,,Amritsar,Punjab,31.81,74.71
Punjab,Bhinder BO,,,Amritsar,Punjab,31.53,75.19
Punjab,Chima Bath BO,,,Amritsar,Punjab,31.52,75.25
Punjab,Pheruman BO,,,Amritsar,Punjab,31.51,75.22
Punjab,Butter Sivya BO,,,Amritsar,Punjab,31.58,75.3
Punjab,Gumtala BO,,,Amritsar,Punjab,31.67,74.85
Punjab,Pandori Warraich BO,,,Amritsar,Punjab,31.69,74.91
Punjab,Dehriwala BO,,,Amritsar,Punjab,31.61,75.15
Punjab,Jabowal BO,,,Amritsar,Punjab,31.59,75.13
Punjab,Lola BO,,,Amritsar,Punjab,31.63,75.08
Punjab,Jahangir BO,,,Amritsar,Punjab,31.7,74.96
Punjab,Sohian Khurd BO,,,Amritsar,Punjab,31.69,74.97
Punjab,Dharar BO,,,Amritsar,Punjab,31.53,75.05
Punjab,Meherbanapura BO,,,Amritsar,Punjab,31.73,74.86
Punjab,Sarli Khurd BO,,,Amritsar,Punjab,31.5,75.11
Punjab,Taragarh BO,,,Amritsar,Punjab,31.55,75.06
Punjab,Bhilowal Pacca BO,,,Amritsar,Punjab,32.00115,75.23
Punjab,Bhindi Aulakh BO,,,Amritsar,Punjab,31.82,74.61
Punjab,Jodhe BO,,,Amritsar,Punjab,31.57,75.33
Punjab,Bhopa Rai BO,,,Amritsar,Punjab,31.64,74.72
Punjab,Padri BO,,,Amritsar,Punjab,31.63,74.67
Punjab,Ram Tirath BO,,,Amritsar,Punjab,31.67,74.75
Punjab,Bohru BO,,,Amritsar,Punjab,31.55,74.83
Punjab,Talwandi Dogran BO,,,Amritsar,Punjab,31.61,75
Punjab,Chohan BO,,,Amritsar,Punjab,31.56,75.1
Delhi NCR,Devti,,,Alwar,Rajasthan,27.319361,76.719186
Delhi NCR,Neemla,,,Alwar,Rajasthan,27.985408,76.382737
Delhi NCR,Koondla,,,Alwar,Rajasthan,27.189473,76.485226
Delhi NCR,Indpura,,,Alwar,Rajasthan,27.264065,76.584944
Delhi NCR,khilora,,,Alwar,Rajasthan,27.621707,76.811546
Delhi NCR,Kkoh,,,Alwar,Rajasthan,27.643079,76.79424
Delhi NCR,Milakpur,,,Alwar,Rajasthan,27.943644,76.285563
Delhi NCR,Intoli,,,Alwar,Rajasthan,27.144591,76.772526
Delhi NCR,Jamdoli,,,Alwar,Rajasthan,27.135931,76.669426
Delhi NCR,Karanpura,,,Alwar,Rajasthan,27.118614,76.763589
Delhi NCR,Keelpurkhera,,,Alwar,Rajasthan,27.134571,76.683837
Delhi NCR,Mundia,,,Alwar,Rajasthan,27.380619,76.657154
Delhi NCR,Pragpura,,,Alwar,Rajasthan,27.60639,76.089951
Delhi NCR,Khoh,,,Alwar,Rajasthan,27.643079,76.79424
Delhi NCR,Khonkhar,,,Alwar,Rajasthan,27.821241,75.023608
Delhi NCR,Sahari,,,Alwar,Rajasthan,27.294697,76.949903
Delhi NCR,Tilwar,,,Alwar,Rajasthan,27.552991,76.634573
Delhi NCR,Beejwar,,,Alwar,Rajasthan,27.402704,76.587833
Delhi NCR,Kerwawal,,,Alwar,Rajasthan,27.409072,76.72788
Delhi NCR,Leeli,,,Alwar,Rajasthan,27.407375,76.64752
Delhi NCR,Pala,,,Alwar,Rajasthan,27.345189,76.648491
Delhi NCR,Bahala,,,Alwar,Rajasthan,27.535864,76.72788
Delhi NCR,Basaijogian,,,Alwar,Rajasthan,27.471955,76.311623
Delhi NCR,Neemuchana,,,Alwar,Rajasthan,27.592489,76.279771
Delhi NCR,CHANDPURI,,,Alwar,Rajasthan,27.556925,76.33406
Delhi NCR,Neekuch,,,Alwar,Rajasthan,27.561484,76.614674
Delhi NCR,Rasgaon,,,Alwar,Rajasthan,27.804182,76.594333
Delhi NCR,Lalpura,,,Alwar,Rajasthan,27.264288,76.163882
Delhi NCR,Nangalbani,,,Alwar,Rajasthan,27.370583,76.218942
Delhi NCR,Barer,,,Alwar,Rajasthan,27.569818,76.60691
Delhi NCR,Karoth,,,Alwar,Rajasthan,27.250217,76.61311
Delhi NCR,Moonpur,,,Alwar,Rajasthan,27.483412,76.811546
Delhi NCR,Pada,,,Alwar,Rajasthan,27.242204,76.701904
Delhi NCR,Vabeli,,,Alwar,Rajasthan,27.211689,76.684583
Delhi NCR,Nathalwara,,,Alwar,Rajasthan,27.121383,76.496792
Delhi NCR,Chomu,,,Alwar,Rajasthan,27.398475,76.707677
Delhi NCR,KHERI,,,Alwar,Rajasthan,27.206521,77.033755
Delhi NCR,Malpur,,,Alwar,Rajasthan,27.563809,76.913887
Delhi NCR,Naswari,,,Alwar,Rajasthan,27.551046,76.931176
Delhi NCR,Sirmor,,,Alwar,Rajasthan,27.535363,76.912924
Delhi NCR,Bhuda,,,Alwar,Rajasthan,27.5681,76.6325
Delhi NCR,Dera,,,Alwar,Rajasthan,27.154144,76.716336
Delhi NCR,Parbeni,,,Alwar,Rajasthan,27.181725,76.778375
Delhi NCR,Bhanwar,,,Alwar,Rajasthan,27.173993,76.955664
Delhi NCR,Kheda Kalyanpur,,,Alwar,Rajasthan,27.673058,76.307127
Delhi NCR,New Jahadu,,,Alwar,Rajasthan,27.240567,76.926854
Delhi NCR,Maseet,,,Alwar,Rajasthan,28.075767,76.82164
Delhi NCR,Milakpur Turk,,,Alwar,Rajasthan,28.059023,76.900919
Delhi NCR,Talab,,,Alwar,Rajasthan,27.210278,76.462093
Delhi NCR,Bhandrol,,,Alwar,Rajasthan,27.430474,76.242119
Delhi NCR,Duhar Chogan,,,Alwar,Rajasthan,27.425899,76.311623
Delhi NCR,Kishori,,,Alwar,Rajasthan,27.27831,76.289907
Delhi NCR,Seelibaori,,,Alwar,Rajasthan,27.228896,76.300042
Delhi NCR,Suratgarh,,,Alwar,Rajasthan,27.271094,76.217494
Delhi NCR,Birampur,,,Alwar,Rajasthan,27.95556,76.819477
Delhi NCR,Hameerka,,,Alwar,Rajasthan,27.246632,76.184526
Delhi NCR,Jeroli,,,Alwar,Rajasthan,27.82784,76.889391
Delhi NCR,Sarheta,,,Alwar,Rajasthan,27.579247,76.804335
Delhi NCR,Shahbad,,,Alwar,Rajasthan,27.923602,76.808662
Delhi NCR,Jatiyana,,,Alwar,Rajasthan,27.628297,76.612388
Delhi NCR,Rata Khurd,,,Alwar,Rajasthan,27.701885,76.658598
Delhi NCR,Nangal Khoria,,,Alwar,Rajasthan,27.885207,76.29289
Delhi NCR,Tasing,,,Alwar,Rajasthan,27.8755,76.225891
Delhi NCR,Khatankhera,,,Alwar,Rajasthan,27.931273,76.275268
Delhi NCR,Hamidpur,,,Alwar,Rajasthan,27.719366,76.485226
Punjab,Chak Sadu BO,,,Hoshiarpur,Punjab,31.36,75.81
Punjab,Pach Nangal Khushalpur BO,,,Hoshiarpur,Punjab,31.56,75.41
Punjab,Bahowal BO,,,Hoshiarpur,Punjab,31.45,75.414
Punjab,Dulo Wal BO,,,Mansa,Punjab,29.9607,75.3307
Punjab,Jaurkian BO,,,Mansa,Punjab,29.8426,75.2071
Punjab,Makha BO,,,Mansa,Punjab,29.9365,75.2989
Punjab,Gehri Bara Singh BO,,,Bathinda,Punjab,30.1269,75.1618
Punjab,Mai Sar Khana BO,,,Bathinda,Punjab,30.0316,75.2401
Punjab,Maur Kalan BO,,,Bathinda,Punjab,30.0686,75.2435
Punjab,Poohli BO,,,Bathinda,Punjab,30.2947,75.0823
Punjab,Dhapali BO,,,Bathinda,Punjab,30.3181,75.2357
Punjab,Laleana BO,,,Bathinda,Punjab,29.9951,75.0217
Punjab,Sekhu BO,,,Bathinda,Punjab,29.9866,74.8756
Punjab,Ballian Wali BO,,,Bathinda,Punjab,30.2661,75.2534
Punjab,Bajjewala BO,,,Mansa,Punjab,29.8912,75.3152
Punjab,Gehley BO,,,Mansa,Punjab,29.96075,75.33076
Punjab,Kamalu Swaitch BO,,,Bathinda,Punjab,30.0316,75.2401
Punjab,Kotli Kalan BO,,,Mansa,Punjab,30.03166,75.2401
Punjab,Kutti Wal Kalan BO,,,Bathinda,Punjab,30.0316,75.2401
Punjab,Peer Kot BO,,,Bathinda,Punjab,30.1372,75.3252
Punjab,Bhaini Kani BO,,,Bathinda,Punjab,30.2661,75.2534
Punjab,Bangi Rughu BO,,,Bathinda,Punjab,30.0149,74.9253
Punjab,Bangi Ruldu BO,,,Bathinda,Punjab,30.0119,74.972
Punjab,Giana BO,,,Bathinda,Punjab,29.8897,75.0078
Punjab,Kot Bakhtu BO,,,Bathinda,Punjab,30.0426,74.9691
Punjab,Khara BO,,,Mansa,Punjab,30.5331,74.7118
Punjab,Kot Dharmu BO,,,Mansa,Punjab,29.8951,75.3704
Punjab,Nangal Kalan BO,,,Mansa,Punjab,29.9216,75.3922
Punjab,Narinder Pura BO,,,Mansa,Punjab,29.96075,75.33076
Punjab,Rai Pur BO,,,Mansa,Punjab,29.9057,75.2547
Punjab,Saharna BO,,,Mansa,Punjab,29.8985,75.4257
Punjab,Jodhpur Pakhar BO,,,Bathinda,Punjab,30.0548,75.1472
Delhi NCR,Mohammedpur,,,Alwar,Rajasthan,27.655455,76.908124
Delhi NCR,Beejwar Chauhan,,,Alwar,Rajasthan,27.402704,76.587833
Delhi NCR,Saraikalan,,,Alwar,Rajasthan,27.934076,76.534372
Punjab,Ram Nagar BO,,,Bathinda,Punjab,30.1491,75.185
Punjab,Bajjoana BO,,,Bathinda,Punjab,30.36,75.1232
Punjab,Dial Pura Mirja BO,,,Bathinda,Punjab,30.3515,75.0805
Punjab,Govind Pura BO,,,Bathinda,Punjab,30.2792,75.0158
Punjab,Nathpura BO,,,Bathinda,Punjab,30.3472,75.0918
Delhi NCR,Sihalikalan,,,Alwar,Rajasthan,27.927416,76.612388
Delhi NCR,Nangal Salia,,,Alwar,Rajasthan,27.933983,76.649935
Delhi NCR,Sanoli,,,Alwar,Rajasthan,27.947411,76.423045
Delhi NCR,Ikrotia,,,Alwar,Rajasthan,27.943476,76.732209
Delhi NCR,Kalgaon,,,Alwar,Rajasthan,27.960944,76.76395
Delhi NCR,Ujoli,,,Alwar,Rajasthan,28.085571,76.730766
Delhi NCR,Bichgaon,,,Alwar,Rajasthan,27.286159,76.828195
Delhi NCR,Hasanpur,,,Alwar,Rajasthan,28.723781,78.28463
Delhi NCR,Santhalpur,,,Alwar,Rajasthan,27.690575,76.311623
Delhi NCR,Kolila,,,Alwar,Rajasthan,27.945484,76.360834
Delhi NCR,Basai,,,Alwar,Rajasthan,27.976211,76.245739
Delhi NCR,Alanpur,,,Alwar,Rajasthan,27.821923,76.447822
Delhi NCR,Bhungra Ahir,,,Alwar,Rajasthan,27.929677,76.425215
Delhi NCR,Hatoondi,,,Alwar,Rajasthan,27.867993,76.447632
Delhi NCR,Mundanwara Kalan,,,Alwar,Rajasthan,27.93361,76.468238
Delhi NCR,Basai Kalan,,,Alwar,Rajasthan,27.834611,76.677365
Delhi NCR,Vallabhgram,,,Alwar,Rajasthan,27.774234,76.64452
Delhi NCR,Gyanpura,,,Alwar,Rajasthan,27.568899,76.273979
Delhi NCR,KARANA,,,Alwar,Rajasthan,27.567852,76.230514
Delhi NCR,kherkheri Kalan,,,Alwar,Rajasthan,27.570958,76.381092
Delhi NCR,Dhanwari,,,Alwar,Rajasthan,27.686507,76.886508
Delhi NCR,Agar,,,Alwar,Rajasthan,27.334874,76.207353
Delhi NCR,Ajabgarh,,,Alwar,Rajasthan,27.188848,76.273979
Delhi NCR,Piplai,,,Alwar,Rajasthan,27.224293,76.253705
Delhi NCR,Samra,,,Alwar,Rajasthan,27.198935,76.230531
Delhi NCR,Srichandpura,,,Alwar,Rajasthan,27.23847,76.558938
Delhi NCR,Surer,,,Alwar,Rajasthan,27.177828,76.632607
Delhi NCR,Bhajera,,,Alwar,Rajasthan,27.631184,76.730766
Delhi NCR,Saloli,,,Alwar,Rajasthan,27.183392,76.690357
Delhi NCR,Adoli,,,Alwar,Rajasthan,27.277911,76.879303
Delhi NCR,Budhi Bawal,,,Alwar,Rajasthan,28.092676,76.774048
Delhi NCR,Gwalda,,,Alwar,Rajasthan,28.103888,76.889391
Delhi NCR,Jhiwana,,,Alwar,Rajasthan,28.142787,76.84615
Delhi NCR,Joria,,,Alwar,Rajasthan,28.02665,76.781981
Delhi NCR,Baldeogarh,,,Alwar,Rajasthan,27.149861,76.375305
Delhi NCR,Ghewar,,,Alwar,Rajasthan,27.254133,76.438955
Delhi NCR,Golakabas,,,Alwar,Rajasthan,27.086928,76.30728
Delhi NCR,Khoh,,,Alwar,Rajasthan,27.643079,76.79424
Delhi NCR,Sorai,,,Alwar,Rajasthan,27.318915,77.98243
Delhi NCR,Toda,,,Alwar,Rajasthan,27.343364,76.915328
Delhi NCR,Lekri,,,Alwar,Rajasthan,27.635543,76.379645
Delhi NCR,Ratanpura,,,Alwar,Rajasthan,27.678831,76.39556
Delhi NCR,Khohar,,,Alwar,Rajasthan,27.99613,76.265291
Delhi NCR,Patalia,,,Alwar,Rajasthan,27.860453,76.603722
Delhi NCR,Bagheri kala BO,,,Alwar,Rajasthan,27.885637,76.684583
Delhi NCR,Guwana,,,Alwar,Rajasthan,28.008963,76.179823
Delhi NCR,Khohrana,,,Alwar,Rajasthan,27.937941,76.190649
Delhi NCR,Khohri,,,Alwar,Rajasthan,27.621564,76.311623
Delhi NCR,Maharajawas,,,Alwar,Rajasthan,27.929664,76.225461
Delhi NCR,Peepli,,,Alwar,Rajasthan,27.980188,76.334784
Delhi NCR,Ghatla,,,Alwar,Rajasthan,27.733024,76.623942
Delhi NCR,Noor Nagar,,,Alwar,Rajasthan,27.819329,76.67917
Delhi NCR,Patan Mewan,,,Alwar,Rajasthan,27.779284,76.65571
Delhi NCR,Ranoth,,,Alwar,Rajasthan,27.812795,76.528591
Delhi NCR,Rasgan,,,Alwar,Rajasthan,27.804182,76.594333
Delhi NCR,Sorkha Kalan,,,Alwar,Rajasthan,27.737403,76.58061
Delhi NCR,Tatarpur,,,Alwar,Rajasthan,28.717031,77.822433
Delhi NCR,Kayasa,,,Alwar,Rajasthan,28.036507,76.260222
Punjab,Karma BO,,,Firozepur,Punjab,30.918105,74.616137
Punjab,Lakho Ke Behram BO,,,Firozepur,Punjab,30.84315,74.39662
Punjab,Sanehar BO,,,Firozepur,Punjab,30.968536,74.991058
Punjab,Chak Kherewala BO,,,Fazilka,Punjab,30.97996,74.6816
Punjab,Nukerian BO,,,Fazilka,Punjab,30.97996,74.6816
Punjab,Giddranwali BO,,,Fazilka,Punjab,30.2336032,74.2787037
Punjab,Jandwala Hanumanta BO,,,Fazilka,Punjab,30.2052103,74.5331275
Punjab,Gill BO,,,Firozepur,Punjab,30.918104,74.616138
Delhi NCR,Majrikanhawas,,,Alwar,Rajasthan,28.048507,76.450226
Delhi NCR,Talwana,,,Alwar,Rajasthan,28.040545,76.279801
Delhi NCR,Gopipura,,,Alwar,Rajasthan,27.826035,76.488118
Delhi NCR,Sheopur,,,Alwar,Rajasthan,26.835652,75.828826
Delhi NCR,Nanagwas,,,Alwar,Rajasthan,28.108933,76.408661
Delhi NCR,Gugalkota,,,Alwar,Rajasthan,28.028636,76.473646
Delhi NCR,Jonicha Khurd,,,Alwar,Rajasthan,28.024383,76.446186
Delhi NCR,Jonichakalan,,,Alwar,Rajasthan,28.025636,76.427121
Delhi NCR,Palwa,,,Alwar,Rajasthan,27.290129,76.645603
Delhi NCR,Raisarana,,,Alwar,Rajasthan,28.106621,76.450524
Delhi NCR,Siryani,,,Alwar,Rajasthan,28.043126,76.434529
Delhi NCR,Rodwal,,,Alwar,Rajasthan,28.012055,76.337679
Delhi NCR,Gunti,,,Alwar,Rajasthan,27.85349,76.252981
Delhi NCR,Jaguwas,,,Alwar,Rajasthan,27.874484,76.311623
Delhi NCR,Kankardopa,,,Alwar,Rajasthan,27.904613,76.318243
Delhi NCR,Basni,,,Alwar,Rajasthan,27.972511,76.632607
Delhi NCR,Bhupsera,,,Alwar,Rajasthan,27.701837,76.39556
Delhi NCR,Buteri,,,Alwar,Rajasthan,27.729746,76.25805
Delhi NCR,Choola,,,Alwar,Rajasthan,27.723119,76.436062
Delhi NCR,Fetehpur,,,Alwar,Rajasthan,27.717358,76.378198
Delhi NCR,Barkhera,,,Alwar,Rajasthan,27.368906,76.670147
Delhi NCR,Haldeena,,,Alwar,Rajasthan,27.427668,76.681696
Delhi NCR,Nithari,,,Alwar,Rajasthan,27.429902,76.70479
Delhi NCR,Prithvipura,,,Alwar,Rajasthan,27.380733,76.554603
Delhi NCR,Bhageet,,,Alwar,Rajasthan,27.243334,76.618346
Delhi NCR,Salpur,,,Alwar,Rajasthan,27.466438,76.645062
Punjab,Churiwala Dhanna BO,,,Fazilka,Punjab,30.2039719,74.1104938
Punjab,Roharian Wali BO,,,Fazilka,Punjab,30.2451,74.12985
Punjab,Dastul Sahib BO,,,Firozepur,Punjab,29.97117,74.57624
Punjab,Rukna Begu BO,,,Firozepur,Punjab,29.97117,74.57624
Punjab,Bharana BO,,,Firozepur,Punjab,30.968536,74.991058
Punjab,Pandori Khatrian BO,,,Firozepur,Punjab,30.85535,74.94099
Punjab,Sodhiwala BO,,,Firozepur,Punjab,30.9589717,74.6329753
Punjab,Tumber Bhan BO,,,Firozepur,Punjab,30.85535,74.94099
Punjab,Dhandian BO,,,Firozepur,Punjab,30.968537,74.991057
Punjab,Mahianwala Kalan BO,,,Firozepur,Punjab,30.94655,74.9391
Punjab,Markhai BO,,,Firozepur,Punjab,30.968536,74.991058
Punjab,Thatha Kishan Singh BO,,,Firozepur,Punjab,30.94655,74.9391
Punjab,Dutaran Wala BO,,,Fazilka,Punjab,30.15515,74.2034
Punjab,Khuban BO,,,Fazilka,Punjab,30.9265586,74.6135181
Punjab,Sitto Gunno BO,,,Fazilka,Punjab,30.15515,74.2034
Punjab,Mehrana BO,,,Fazilka,Punjab,30.9265596,74.6135171
Punjab,Rampura BO,,,Fazilka,Punjab,30.9265596,74.6135171
Punjab,Dadiala Natt BO,,,Gurdaspur,Punjab,31.6612295,75.6477087
Punjab,Talwandi Lal Singh BO,,,Gurdaspur,Punjab,31.84,75.15
Punjab,Akarpura BO,,,Gurdaspur,Punjab,31.9,75.11
Punjab,Dargabad BO,,,Gurdaspur,Punjab,31.94,75.13
Punjab,Hakimpur BO,,,Gurdaspur,Punjab,31.97,75.18
Punjab,Sarwali BO,,,Gurdaspur,Punjab,31.89,75.14
Punjab,Qila Lal Singh BO,,,Gurdaspur,Punjab,31.8800029,75.1698601
Punjab,Fazlabad BO,,,Gurdaspur,Punjab,31.94,75.16
Punjab,Dharamkot Randhawa BO,,,Gurdaspur,Punjab,32.01,74.98
Punjab,Singhpura BO,,,Gurdaspur,Punjab,31.98,75.3
Punjab,Talwandi Rama BO,,,Gurdaspur,Punjab,31.94,74.99
Punjab,Raimal BO,,,Gurdaspur,Punjab,31.93,75.05
Punjab,Nagar BO,,,Jalandhar,Punjab,31.0346,75.8321
Punjab,Pandori Nijjran BO,,,Jalandhar,Punjab,31.3875,75.2456
Punjab,Salala BO,,,Jalandhar,Punjab,31.3875,75.2456
Delhi NCR,Ikran,,,Bharatpur,Rajasthan,27.211,77.606
Delhi NCR,Baben,,,Bharatpur,Rajasthan,27.249,77.392
Delhi NCR,Bhandore,,,Bharatpur,Rajasthan,27.26,77.455
Delhi NCR,Borai,,,Bharatpur,Rajasthan,27.269,77.421
Delhi NCR,Dehra,,,Bharatpur,Rajasthan,27.143,77.262
Delhi NCR,Dehra,,,Bharatpur,Rajasthan,27.143,77.262
Delhi NCR,Dharsoni,,,Bharatpur,Rajasthan,27.081,77.2
Delhi NCR,Chichana,,,Bharatpur,Rajasthan,27.133,77.582
Delhi NCR,Forest Lodge,,,Bharatpur,Rajasthan,27.19,77.51
Delhi NCR,Aghapur,,,Bharatpur,Rajasthan,27.138,77.523
Delhi NCR,Tuhiya,,,Bharatpur,Rajasthan,27.25,77.488
Delhi NCR,PUNJABI NAGLA,,,Bharatpur,Rajasthan,27.216981,77.489515
Delhi NCR,Gaomdi,,,Bharatpur,Rajasthan,27.268,77.54
Delhi NCR,Phulwara,,,Bharatpur,Rajasthan,27.262,77.526
Delhi NCR,Kasoda,,,Bharatpur,Rajasthan,27.245,77.421
Delhi NCR,Murwara,,,Bharatpur,Rajasthan,27.218,77.432
Delhi NCR,Barkheda,,,Bharatpur,Rajasthan,27.065,77.246
Delhi NCR,Paraswara,,,Bharatpur,Rajasthan,27.116,77.272
Delhi NCR,Malah,,,Bharatpur,Rajasthan,27.186,77.493
Delhi NCR,Behnera,,,Bharatpur,Rajasthan,27.159546,77.553344
Delhi NCR,Sogar,,,Bharatpur,Rajasthan,27.282,77.475
Delhi NCR,Sunari,,,Bharatpur,Rajasthan,27.172,77.564
Delhi NCR,Pipla,,,Bharatpur,Rajasthan,27.265,77.539
Delhi NCR,Lakhanpur,,,Bharatpur,Rajasthan,27.114,77.306
Delhi NCR,Bargha,,,Bharatpur,Rajasthan,27.032,77.496
Delhi NCR,Bhainsa,,,Bharatpur,Rajasthan,27.385,77.675
Delhi NCR,Kurka,,,Bharatpur,Rajasthan,27.023,77.418
Delhi NCR,Bilothi,,,Bharatpur,Rajasthan,27.098,77.486
Delhi NCR,Dhormui,,,Bharatpur,Rajasthan,27.286,77.534
Delhi NCR,Moroli Kalan,,,Bharatpur,Rajasthan,27.311,77.507
Delhi NCR,Dhanota,,,Bharatpur,Rajasthan,27.179,77.323
Delhi NCR,Kumha,,,Bharatpur,Rajasthan,27.155,77.462
Delhi NCR,Ludhawai,,,Bharatpur,Rajasthan,27.178,77.416
Delhi NCR,Andhiyari,,,Bharatpur,Rajasthan,27.091,77.381
Delhi NCR,Bachhamdi,,,Bharatpur,Rajasthan,27.111,77.346
Delhi NCR,Ekta,,,Bharatpur,Rajasthan,27.116,77.461
Delhi NCR,Nigoi,,,Bharatpur,Rajasthan,27.480081,77.234767
Delhi NCR,Bachhren,,,Bharatpur,Rajasthan,27.08384,77.026221
Delhi NCR,Pingora,,,Bharatpur,Rajasthan,27.081,77.329
Delhi NCR,Bansi,,,Bharatpur,Rajasthan,26.922,77.496
Delhi NCR,Ajan,,,Bharatpur,Rajasthan,27.095,77.484
Delhi NCR,Santruk,,,Bharatpur,Rajasthan,27.316,77.59
Delhi NCR,Helak,,,Bharatpur,Rajasthan,27.23,77.381
Delhi NCR,Mudota,,,Bharatpur,Rajasthan,27.175,77.39
Delhi NCR,Uncha Gaom,,,Bharatpur,Rajasthan,27.129,77.473
Delhi NCR,Mudhera,,,Bharatpur,Rajasthan,27.368,77.154
Delhi NCR,Nekpur,,,Bharatpur,Rajasthan,27.068,77.375508
Delhi NCR,Chulhera,,,Bharatpur,Rajasthan,27.556815,77.245544
Delhi NCR,Khoh,,,Bharatpur,Rajasthan,27.5285,77.251292
Delhi NCR,Baroli Chuth,,,Bharatpur,Rajasthan,27.46446,77.40995
Delhi NCR,Nehra Chauth,,,Bharatpur,Rajasthan,27.517499,77.280274
Delhi NCR,Khohri,,,Bharatpur,Rajasthan,26.905002,77.490273
Delhi NCR,Shiswara,,,Bharatpur,Rajasthan,27.386693,77.254884
Delhi NCR,Barauli Chhar,,,Bharatpur,Rajasthan,27.234156,77.093726
Delhi NCR,Baroli Ran,,,Bharatpur,Rajasthan,27.181743,77.131259
Delhi NCR,Ghatri,,,Bharatpur,Rajasthan,26.982496,77.070837
Delhi NCR,Hathodi,,,Bharatpur,Rajasthan,26.915629,77.078593
Delhi NCR,Jahaj,,,Bharatpur,Rajasthan,26.962065,77.131259
Delhi NCR,Majajpur,,,Bharatpur,Rajasthan,26.946686,77.051309
Delhi NCR,Nithar,,,Bharatpur,Rajasthan,26.962051,77.038303
Delhi NCR,M.V.Peeth Bhusawar,,,Bharatpur,Rajasthan,27.230294,77.488593
Delhi NCR,Bedar,,,Alwar,Rajasthan,27.399764,76.750966
Delhi NCR,Bharkol,,,Alwar,Rajasthan,27.362946,76.72788
Delhi NCR,Bamanwas Kankar,,,Alwar,Rajasthan,27.639126,76.343468
Delhi NCR,Bilali,,,Alwar,Rajasthan,27.554488,76.245015
Delhi NCR,Chatarpura,,,Alwar,Rajasthan,27.560503,76.29787
Delhi NCR,Vijayapura,,,Alwar,Rajasthan,27.479145,76.297146
Delhi NCR,Mubarikpur,,,Alwar,Rajasthan,27.693585,76.851606
Delhi NCR,Pata,,,Alwar,Rajasthan,27.729027,76.852188
Delhi NCR,Raghunathgarh,,,Alwar,Rajasthan,27.747249,76.889391
Delhi NCR,Jhiri,,,Alwar,Rajasthan,27.255397,76.218942
Punjab,Raiya BO,,,Bathinda,Punjab,30.3181,75.2357
Punjab,Sailbrah BO,,,Bathinda,Punjab,30.3798,75.2027
Punjab,Ucha BO,,,Jalandhar,Punjab,31.3876,75.246
Punjab,Kishangarh BO,,,Jalandhar,Punjab,31.4345,75.6499
Punjab,Naugajja BO,,,Jalandhar,Punjab,31.4346,75.6498
Punjab,Sikandarpur BO,,,Jalandhar,Punjab,31.4342,75.6496
Punjab,Mand BO,,,Jalandhar,Punjab,31.2136,75.5924
Punjab,Rajpur BO,,,Jalandhar,Punjab,31.327,75.5769
Punjab,Sanaura BO,,,Jalandhar,Punjab,31.3269,75.5769
Punjab,Dhogri BO,,,Jalandhar,Punjab,31.3853,75.6385
Punjab,Hazara BO,,,Jalandhar,Punjab,31.384,75.639
Punjab,Jaitewali BO,,,Jalandhar,Punjab,31.384,75.6312
Punjab,Balkhandi BO,,,Firozepur,Punjab,30.903195,75.083558
Punjab,Jhanda Bagga Purana BO,,,Firozepur,Punjab,30.50978,74.3699
Punjab,Jhatre BO,,,Firozepur,Punjab,30.968535,74.991059
Punjab,Talwandi Jallekhan BO,,,Firozepur,Punjab,30.9098929,74.1386587
Punjab,Sukhewala BO,,,Firozepur,Punjab,30.954632,75.024606
Punjab,Ratta Khera BO,,,Fazilka,Punjab,30.97996,74.6816
Punjab,Panjawan Mandal BO,,,Fazilka,Punjab,30.04488,73.98143
Punjab,Panniwala Mohala BO,,,Fazilka,Punjab,30.04488,73.98143
Punjab,Shergarh BO,,,Fazilka,Punjab,30.04488,73.98143
Punjab,Usman Khera BO,,,Fazilka,Punjab,30.04488,73.98143
Punjab,Dharangwala BO,,,Fazilka,Punjab,30.2241258,74.2512325
Punjab,Ghallu BO,,,Fazilka,Punjab,30.403727,74.025537
Punjab,Jhummianwali BO,,,Fazilka,Punjab,30.403733,74.025531
Punjab,Kohrianwali BO,,,Fazilka,Punjab,30.2451,74.12985
Punjab,Ghoga BO,,,Gurdaspur,Punjab,31.82,75.11
Punjab,Gujjarpura BO,,,Gurdaspur,Punjab,31.86,75.1
Punjab,Kastiwal BO,,,Gurdaspur,Punjab,31.86,75.12
Punjab,Marar BO,,,Gurdaspur,Punjab,31.84,75.03
Punjab,Sarupwali BO,,,Gurdaspur,Punjab,31.77,75.14
Punjab,Balpurian BO,,,Gurdaspur,Punjab,31.76,75.16
Punjab,Hardo Jhande BO,,,Gurdaspur,Punjab,31.79,75.15
Punjab,Gagowali BO,,,Gurdaspur,Punjab,31.92,75.19
Punjab,Dharamkot Bagga BO,,,Gurdaspur,Punjab,31.87,75.18
Punjab,Haruwal e BO,,,Gurdaspur,Punjab,32.04,75.06
Punjab,Udhowali Khurd BO,,,Gurdaspur,Punjab,31.95,75.03
Punjab,Dharowali BO,,,Gurdaspur,Punjab,31.97,75.05
Punjab,Riali BO,,,Gurdaspur,Punjab,31.81,75.08
Punjab,Athwal BO,,,Gurdaspur,Punjab,31.95,75.19
Punjab,Bhangowani BO,,,Gurdaspur,Punjab,31.94,75.22
Punjab,Dalam BO,,,Gurdaspur,Punjab,31.91,75.15
Punjab,Wadala Banger BO,,,Gurdaspur,Punjab,31.95,75.16
Punjab,Bhuller BO,,,Gurdaspur,Punjab,31.86,75.22
Punjab,Khushalpur BO,,,Gurdaspur,Punjab,32,75.04
Punjab,Pakiwan BO,,,Gurdaspur,Punjab,32.06,75.12
Punjab,Shahpur Goraya BO,,,Gurdaspur,Punjab,32.03,75.1
Punjab,Bazidpur BO,,,Firozepur,Punjab,29.97117,74.57624
Punjab,Patel Nagar BO,,,Firozepur,Punjab,29.97117,74.57624
Punjab,Saidanwala BO,,,Firozepur,Punjab,29.97117,74.57624
Punjab,Sayianwala BO,,,Firozepur,Punjab,29.97117,74.57624
Punjab,Chuchak Wind BO,,,Firozepur,Punjab,30.94655,74.9391
Punjab,Wakilanwali BO,,,Firozepur,Punjab,30.94655,74.9391
Punjab,Sardarpura BO,,,Fazilka,Punjab,30.15515,74.2034
Punjab,Bazidpur Bhooma BO,,,Fazilka,Punjab,30.15515,74.2034
Punjab,Kular BO,,,Fazilka,Punjab,30.9265576,74.6135191
Punjab,Rajpura BO,,,Fazilka,Punjab,30.9265596,74.6135171
Punjab,Tibbi Khurd BO,,,Firozepur,Punjab,30.84315,74.39662
Punjab,Chak Badhoke BO,,,Fazilka,Punjab,30.97996,74.6816
Punjab,Bhangar Khera BO,,,Fazilka,Punjab,30.04488,73.98143
Punjab,Dalmir Khera BO,,,Fazilka,Punjab,30.04488,73.98143
Punjab,Kot Karor Kalan BO,,,Firozepur,Punjab,30.84315,74.39662
Punjab,Loham BO,,,Firozepur,Punjab,30.918105,74.616137
Punjab,Faridewala BO,,,Firozepur,Punjab,29.97117,74.57624
Punjab,Lohgarh Thakran BO,,,Firozepur,Punjab,30.918107,74.616135
Punjab,Sandhe Hasham BO,,,Firozepur,Punjab,29.97117,74.57624
Punjab,Dhanna Shahid BO,,,Firozepur,Punjab,30.85535,74.94099
Punjab,Haraj BO,,,Firozepur,Punjab,30.918105,74.616137
Punjab,Kassoana BO,,,Firozepur,Punjab,30.85535,74.94099
Punjab,Lalle BO,,,Firozepur,Punjab,30.918105,74.616137
Punjab,Pheroke BO,,,Firozepur,Punjab,30.968536,74.991058
Punjab,Santuwala BO,,,Firozepur,Punjab,30.94655,74.9391
Punjab,Shahwala BO,,,Firozepur,Punjab,30.94655,74.9391
Punjab,Raipura BO,,,Fazilka,Punjab,30.9265596,74.6135171
Punjab,Sherewala BO,,,Fazilka,Punjab,30.15515,74.2034
Punjab,Bainka BO,,,Tarn Taran,Punjab,31.34,74.71
Punjab,Maluwal BO,,,Tarn Taran,Punjab,31.43,74.77
Punjab,Dhundhai Wala BO,,,Tarn Taran,Punjab,31.26,75
Punjab,Gharka Buwala BO,,,Tarn Taran,Punjab,31.26,75
Punjab,Ruriwala BO,,,Tarn Taran,Punjab,31.26,75
Punjab,Banwalipur BO,,,Tarn Taran,Punjab,31.37,74.95
Punjab,Kot MohdKhan BO,,,Tarn Taran,Punjab,31.37,74.95
Punjab,Behal BO,,,Tarn Taran,Punjab,31.37,75.09
Punjab,Khawaspur BO,,,Tarn Taran,Punjab,31.38,75.09
Punjab,Jhandher M Purkhan BO,,,Tarn Taran,Punjab,31.34,75.12
Punjab,Jaunke BO,,,Tarn Taran,Punjab,31.19,74.96
Punjab,Bhagwanpura BO,,,Tarn Taran,Punjab,31.3,74.68
Punjab,Makhi Kalan BO,,,Tarn Taran,Punjab,31.3,74.71
Punjab,Manakpura BO,,,Tarn Taran,Punjab,31.28,74.76
Punjab,Galalipur BO,,,Tarn Taran,Punjab,31.36,74.8
Punjab,Sakhira BO,,,Tarn Taran,Punjab,31.38,74.88
Punjab,Sheikh BO,,,Tarn Taran,Punjab,31.39,74.8
Punjab,Bath BO,,,Tarn Taran,Punjab,31.34,74.79
Punjab,Banian BO,,,Tarn Taran,Punjab,31.45,75.07
Punjab,Basarke BO,,,Tarn Taran,Punjab,31.3,74.6
Punjab,Narli BO,,,Tarn Taran,Punjab,31.41,74.64
Punjab,Rajoke BO,,,Tarn Taran,Punjab,31.28,74.55
Punjab,Bhandal Bet BO,,,Kapurthala,Punjab,31.51712,75.34815
Punjab,Butala BO,,,Kapurthala,Punjab,31.51712,75.34815
Punjab,Dhaliwal Bet BO,,,Kapurthala,Punjab,31.1684383,75.5938799
Punjab,Kapur Pind BO,,,Jalandhar,Punjab,31.3835,75.6386
Punjab,Khambra BO,,,Jalandhar,Punjab,31.3534,75.6171
Punjab,Lohar Partapura BO,,,Jalandhar,Punjab,31.3524,75.6171
Punjab,Malko Tarar BO,,,Jalandhar,Punjab,31.3524,75.6171
Punjab,Phoolpur Dhanal BO,,,Jalandhar,Punjab,31.3524,75.6171
Punjab,Talhan BO,,,Jalandhar,Punjab,31.3404,75.6717
Punjab,Kang Saboo BO,,,Jalandhar,Punjab,31.11101,75.7386
Punjab,Mundh BO,,,Jalandhar,Punjab,31.374925,75.384211
Punjab,Rasulpur Kalan BO,,,Jalandhar,Punjab,31.11101,75.7386
Punjab,Sainiwal BO,,,Jalandhar,Punjab,31.374928,75.384208
Punjab,Kahlwan BO,,,Jalandhar,Punjab,31.3260222,75.5761759
Punjab,Sarai Khas BO,,,Jalandhar,Punjab,31.48444,75.27555
Punjab,Khiwa BO,,,Jalandhar,Punjab,31.374925,75.384211
Punjab,Nijjran BO,,,Jalandhar,Punjab,31.26957,75.40631
Punjab,Rahimpur BO,,,Jalandhar,Punjab,31.374928,75.384208
Punjab,Talwandi Saleem BO,,,Jalandhar,Punjab,31.26957,75.40631
Punjab,Jandiala Cb BO,,,Amritsar,Punjab,31.57,75.07
Punjab,Jethuwal BO,,,Amritsar,Punjab,31.69,74.99
Punjab,Dhulka BO,,,Amritsar,Punjab,31.58,75.18
Punjab,Lohgarh BO,,,Amritsar,Punjab,31.56,75.21
Punjab,Arjan Manga BO,,,Amritsar,Punjab,31.7,75.21
Punjab,Khabe Rajputana BO,,,Amritsar,Punjab,31.67,75.28
Punjab,Harsha Chhina BO,,,Amritsar,Punjab,31.75,74.79
Punjab,Jagdev Kalan BO,,,Amritsar,Punjab,31.77,74.86
Punjab,Thoba BO,,,Amritsar,Punjab,31.94,74.85
Punjab,Uppal BO,,,Amritsar,Punjab,31.5,75.18
Punjab,Nangli BO,,,Amritsar,Punjab,31.68,74.87
Punjab,Naushehra Nangli BO,,,Amritsar,Punjab,31.71,75.04
Punjab,Kot Khera BO,,,Amritsar,Punjab,31.63,75.11
Punjab,Fatehgarh Shukarchack BO,,,Amritsar,Punjab,31.66,74.98
Punjab,Makhanwindi BO,,,Amritsar,Punjab,31.67,75.01
Delhi NCR,Hatizar,,,Bharatpur,Rajasthan,27.099,77.246
Delhi NCR,Jahangirpur,,,Bharatpur,Rajasthan,27.074,77.312
Delhi NCR,Ajau,,,Bharatpur,Rajasthan,27.243,77.335
Delhi NCR,Bansi Khurd,,,Bharatpur,Rajasthan,27.168,77.335
Delhi NCR,Bhont,,,Bharatpur,Rajasthan,27.17,77.339
Delhi NCR,Nagla Tehriyan,,,Bharatpur,Rajasthan,27.35,77.189
Delhi NCR,Sehna,,,Bharatpur,Rajasthan,27.399,77.582
Delhi NCR,Veerampura,,,Bharatpur,Rajasthan,27.031748,77.343957
Delhi NCR,Guhana,,,Bharatpur,Rajasthan,27.535233,77.285052
Delhi NCR,Padakchapli,,,Alwar,Rajasthan,27.293666,76.169679
Delhi NCR,Ballupura,,,Alwar,Rajasthan,27.795704,76.023959
Delhi NCR,Thana,,,Alwar,Rajasthan,27.239171,76.602518
Delhi NCR,Sakat,,,Alwar,Rajasthan,27.146377,76.509079
Delhi NCR,Motiwara,,,Alwar,Rajasthan,27.175763,76.551713
Delhi NCR,Alaora,,,Alwar,Rajasthan,27.220732,77.480505
Delhi NCR,Peproli,,,Alwar,Rajasthan,27.578243,76.783072
Delhi NCR,Matalwas,,,Alwar,Rajasthan,28.072058,76.728336
Delhi NCR,Palpur,,,Alwar,Rajasthan,27.933893,76.707677
Delhi NCR,Barodakan,,,Alwar,Rajasthan,27.36739,76.97547
Delhi NCR,Harsana,,,Alwar,Rajasthan,27.315666,76.843987
Delhi NCR,Leeli,,,Alwar,Rajasthan,27.407375,76.64752
Delhi NCR,Karoda,,,Alwar,Rajasthan,27.866026,76.391943
Delhi NCR,Jatiyana,,,Alwar,Rajasthan,27.628297,76.612388
Delhi NCR,Mirjapur,,,Alwar,Rajasthan,27.990807,76.483781
Delhi NCR,Babari,,,Alwar,Rajasthan,27.551921,76.603152
Delhi NCR,Bamanwas,,,Alwar,Rajasthan,27.748993,76.464985
Delhi NCR,Anantpura,,,Alwar,Rajasthan,27.95446,76.204285
Delhi NCR,Jasai,,,Alwar,Rajasthan,27.925462,76.505465
Delhi NCR,Sodawas,,,Alwar,Rajasthan,27.857211,76.413603
Delhi NCR,Bahroj,,,Alwar,Rajasthan,27.879994,76.279998
Delhi NCR,Jindoli,,,Alwar,Rajasthan,27.734117,76.561828
Delhi NCR,Santo,,,Alwar,Rajasthan,28.123574,76.476552
Delhi NCR,Doomroli,,,Alwar,Rajasthan,28.038513,76.230531
Delhi NCR,Kanhawas,,,Alwar,Rajasthan,28.170462,76.703347
Delhi NCR,Balluwas,,,Alwar,Rajasthan,27.901311,76.551713
Delhi NCR,Giglana,,,Alwar,Rajasthan,28.102302,76.436062
Delhi NCR,Kathoowas,,,Alwar,Rajasthan,28.137101,76.347086
Delhi NCR,Khoondrot,,,Alwar,Rajasthan,28.094294,76.333499
Delhi NCR,Naghori,,,Alwar,Rajasthan,28.021874,76.378198
Delhi NCR,Chaubara,,,Alwar,Rajasthan,27.992952,76.462093
Delhi NCR,Pholadpur,,,Alwar,Rajasthan,28.499169,77.311689
Delhi NCR,Sainthli,,,Alwar,Rajasthan,27.327398,76.519256
Delhi NCR,Bulari,,,Alwar,Rajasthan,27.162832,76.671591
Delhi NCR,Tehtra,,,Alwar,Rajasthan,27.421024,77.062577
Delhi NCR,Pasta,,,Bharatpur,Rajasthan,27.557833,77.326699
Delhi NCR,Au,,,Bharatpur,Rajasthan,27.432954,77.349671
Delhi NCR,Samai Kheda,,,Bharatpur,Rajasthan,27.438999,77.399905
Delhi NCR,Bedham,,,Bharatpur,Rajasthan,27.454022,77.209527
Delhi NCR,Jateri,,,Bharatpur,Rajasthan,27.511499,77.200274
Delhi NCR,Syorawali,,,Bharatpur,Rajasthan,27.419224,77.23953
Delhi NCR,Piprau,,,Bharatpur,Rajasthan,27.192278,77.151392
Delhi NCR,Jasupura,,,Bharatpur,Rajasthan,26.868442,77.119752
Delhi NCR,Kalsada,,,Bharatpur,Rajasthan,26.876835,77.086378
Delhi NCR,Karawali,,,Bharatpur,Rajasthan,26.8768355,77.186378
Delhi NCR,Mainapura,,,Bharatpur,Rajasthan,26.930448,77.070837
Delhi NCR,Randhirgarh,,,Bharatpur,Rajasthan,27.010752,77.001746
Delhi NCR,Saindhli,,,Bharatpur,Rajasthan,27.015752,77.031746
Delhi NCR,Suhari,,,Bharatpur,Rajasthan,26.996196,77.093858
Delhi NCR,Bahtana,,,Bharatpur,Rajasthan,27.480088,77.234769
Delhi NCR,Bahaj,,,Bharatpur,Rajasthan,27.469705,77.372638
Punjab,Jhita Kalan BO,,,Amritsar,Punjab,31.44,74.84
Punjab,Takhutuchak BO,,,Amritsar,Punjab,31.16,75.61
Punjab,Kadiana BO,,,Jalandhar,Punjab,31.0368,75.8228
Punjab,Khaira BO,,,Jalandhar,Punjab,31.0256,75.8236
Punjab,Dhina BO,,,Jalandhar,Punjab,31.300299,75.630428
Punjab,Dhingrian BO,,,Jalandhar,Punjab,31.3874,75.2456
Punjab,Haripur Sirowal BO,,,Jalandhar,Punjab,31.388,75.2455
Punjab,Kotla BO,,,Jalandhar,Punjab,31.4736,75.7578
Punjab,Manko BO,,,Jalandhar,Punjab,31.4736,75.7678
Punjab,Sarobad BO,,,Jalandhar,Punjab,31.4735,75.7576
Punjab,Hellor BO,,,Jalandhar,Punjab,31.2136,75.5923
Punjab,Dhaliwal BO,,,Jalandhar,Punjab,31.37426,75.512
Punjab,Kohala BO,,,Jalandhar,Punjab,31.3742,75.5122
Punjab,Dolike Sunderpur BO,,,Jalandhar,Punjab,30.9987,75.1651
Punjab,Kishanpur BO,,,Jalandhar,Punjab,30.9987,75.1652
Punjab,Behram Sarista BO,,,Jalandhar,Punjab,31.326,75.5761
Punjab,Bhatnura Lubana BO,,,Jalandhar,Punjab,31.3262,75.57623
Punjab,Binpalke BO,,,Jalandhar,Punjab,31.3263,75.5762
Punjab,Kalia Sanktra BO,,,Tarn Taran,Punjab,31.15549,74.55
Punjab,Mahmoodpura BO,,,Tarn Taran,Punjab,31.15549,74.55
Punjab,Manawan BO,,,Tarn Taran,Punjab,31.15549,74.55
Punjab,Sangatpura BO,,,Tarn Taran,Punjab,31.8,74.91
Punjab,Warrian BO,,,Tarn Taran,Punjab,32.13839,75.32315
Punjab,Barwala BO,,,Tarn Taran,Punjab,31.22,74.78
Punjab,Bhangala BO,,,Tarn Taran,Punjab,31.15,74.71
Punjab,Dhariwal BO,,,Tarn Taran,Punjab,31.67,74.54
Punjab,Gharyala BO,,,Tarn Taran,Punjab,31.23,74.73
Punjab,Sabhra BO,,,Tarn Taran,Punjab,31.243508,74.88
Punjab,Chuhar Chak Khurd BO,,,Moga,Punjab,31.896945,75.255189
Punjab,Karnana BO,,,Shahid Bhagat Singh Nagar,Punjab,31.1343,76.046
Punjab,Rasulpur BO,,,Shahid Bhagat Singh Nagar,Punjab,31.1343,76.046
Punjab,Allachaur BO,,,Shahid Bhagat Singh Nagar,Punjab,31.0567,76.1557
Punjab,Kariam BO,,,Shahid Bhagat Singh Nagar,Punjab,31.0667,76.1667
Punjab,Miani Bakerpur BO,,,Kapurthala,Punjab,31.51712,75.34815
Punjab,Bharoli BO,,,Shahid Bhagat Singh Nagar,Punjab,31.2222,75.8846
Punjab,Ghuman BO,,,Shahid Bhagat Singh Nagar,Punjab,31.2222,75.8846
Punjab,Kangroor BO,,,Shahid Bhagat Singh Nagar,Punjab,31.2222,75.8846
Punjab,Kahlon BO,,,Shahid Bhagat Singh Nagar,Punjab,31.300299,75.630428
Punjab,Kot Ranjha BO,,,Shahid Bhagat Singh Nagar,Punjab,31.0532,76.1193
Punjab,Dakala BO,,,Patiala,Punjab,30.22,76.35
Punjab,Gulhar BO,,,Patiala,Punjab,29.86,76.07
Punjab,Gulzarpura BO,,,Patiala,Punjab,29.85,76.17
Punjab,Harayu Khurd BO,,,Patiala,Punjab,29.92,76.01
Punjab,Jogewal BO,,,Patiala,Punjab,29.86,76.1
Punjab,Behmna BO,,,Patiala,Punjab,30.17,76.12
Punjab,Hansron BO,,,Shahid Bhagat Singh Nagar,Punjab,31.1005,76.0379
Punjab,Mehmoodpur BO,,,Shahid Bhagat Singh Nagar,Punjab,31.1005,76.0368
Punjab,Nainkalan BO,,,Patiala,Punjab,30.24,76.42
Punjab,Jhandi BO,,,Patiala,Punjab,30.24,76.37
Punjab,Akbarpur BO,,,Kapurthala,Punjab,31.5423317,75.5058241
Punjab,Muddowal BO,,,Kapurthala,Punjab,31.5423317,75.5058241
Punjab,Ramidi BO,,,Kapurthala,Punjab,31.4770717,75.3944033
Punjab,Subhanpur BO,,,Kapurthala,Punjab,31.5424156,75.4355317
Punjab,Kanjli BO,,,Kapurthala,Punjab,31.3909666,75.3910154
Punjab,Jandir BO,,,Jalandhar,Punjab,31.3263,75.5768
Punjab,Loharan BO,,,Jalandhar,Punjab,31.3262,75.5796
Punjab,Randhawa Masanda BO,,,Jalandhar,Punjab,31.3215,75.5925
Punjab,Raipur Rasulpur BO,,,Jalandhar,Punjab,31.3215,75.5915
Punjab,Tehang BO,,,Jalandhar,Punjab,31.0213,75.8231
Punjab,Mithapur BO,,,Jalandhar,Punjab,31.3261,75.5768
Punjab,Kandola BO,,,Jalandhar,Punjab,31.4236,75.7569
Punjab,Isherwal BO,,,Jalandhar,Punjab,31.3875,75.2455
Punjab,Mohaddipur BO,,,Jalandhar,Punjab,31.3875,75.2456
Punjab,Chuharwali BO,,,Jalandhar,Punjab,31.3875,75.2456
Punjab,Chukhiara BO,,,Jalandhar,Punjab,31.4735,75.7575
Punjab,Jalbhe BO,,,Jalandhar,Punjab,31.4736,75.7577
Punjab,Athola BO,,,Jalandhar,Punjab,31.3743,75.5116
Punjab,Gakhlan BO,,,Jalandhar,Punjab,31.375,75.5112
Punjab,Duhre BO,,,Jalandhar,Punjab,31.1141,75.1652
Punjab,Cholang BO,,,Jalandhar,Punjab,31.3262,75.5769
Punjab,Kingra Chowala BO,,,Jalandhar,Punjab,31.3262,75.5768
Punjab,Laroi BO,,,Jalandhar,Punjab,31.3265,75.5769
Punjab,Madhopur Jhander BO,,,Jalandhar,Punjab,31.327,75.5777
Punjab,Pachranga BO,,,Jalandhar,Punjab,31.3266,75.5778
Punjab,Daroli Khurd BO,,,Jalandhar,Punjab,31.4031,75.756
Punjab,Nussi BO,,,Jalandhar,Punjab,31.3256,75.5915
Punjab,Bal BO,,,Jalandhar,Punjab,31.325,75.5982
Punjab,Budhiana BO,,,Jalandhar,Punjab,31.3832,75.6384
Delhi NCR,Bhanokhar,,,Alwar,Rajasthan,27.253746,76.944141
Delhi NCR,Jatwara,,,Alwar,Rajasthan,27.263897,76.880791
Delhi NCR,Salwari,,,Alwar,Rajasthan,27.212886,76.970067
Delhi NCR,Bhonker,,,Alwar,Rajasthan,28.056862,76.805896
Delhi NCR,Dariba Project,,,Alwar,Rajasthan,27.1717,76.384301
Delhi NCR,Gordhanpura,,,Alwar,Rajasthan,27.187545,76.436062
Delhi NCR,Syaluta,,,Alwar,Rajasthan,27.097387,76.369517
Delhi NCR,Khera,,,Alwar,Rajasthan,27.673058,76.307127
Punjab,Madar BO,,,Jalandhar,Punjab,31.3835,75.6358
Punjab,Jallowal BO,,,Jalandhar,Punjab,31.4328,75.6508
Punjab,Rohjari BO,,,Jalandhar,Punjab,31.4325,75.6508
Punjab,Sadana BO,,,Jalandhar,Punjab,31.4228,75.6508
Punjab,Tajpur BO,,,Jalandhar,Punjab,31.3524,75.6171
Punjab,Khurla BO,,,Jalandhar,Punjab,31.3384,75.3531
Punjab,Longodeva BO,,,Moga,Punjab,30.968538,74.991056
Punjab,Malpur BO,,,Shahid Bhagat Singh Nagar,Punjab,31.300299,75.630428
Punjab,Kulam BO,,,Shahid Bhagat Singh Nagar,Punjab,31.0667,76.1667
Punjab,Saloh BO,,,Shahid Bhagat Singh Nagar,Punjab,31.6656,76.1667
Punjab,Katarian BO,,,Shahid Bhagat Singh Nagar,Punjab,31.2222,75.8846
Punjab,Maqsoodpur BO,,,Shahid Bhagat Singh Nagar,Punjab,31.2324,75.8936
Punjab,Hiala BO,,,Shahid Bhagat Singh Nagar,Punjab,31.0436,76.1123
Punjab,Kotli Than Singh BO,,,Jalandhar,Punjab,31.3404,75.6717
Punjab,Gohir BO,,,Jalandhar,Punjab,31.1743,75.4817
Punjab,Adhi BO,,,Jalandhar,Punjab,31.26957,75.40631
Delhi NCR,Panhori,,,Bharatpur,Rajasthan,27.44757,77.249855
Delhi NCR,Didawali,,,Bharatpur,Rajasthan,27.503517,77.308749
Delhi NCR,Iklera,,,Bharatpur,Rajasthan,27.503517,77.378749
Delhi NCR,Utarda,,,Bharatpur,Rajasthan,27.167031,77.128382
Delhi NCR,Baroli,,,Bharatpur,Rajasthan,26.993394,77.507477
Delhi NCR,Faizpur Ninana BO,,,Baghpat,Uttar Pradesh,29.01,77.08
Delhi NCR,Gauripur BO,,,Baghpat,Uttar Pradesh,28.9883,77.22147
Punjab,Bazidpur BO,,,Fatehgarh Sahib,Punjab,30.72,76.42
Punjab,Ghumandgarh BO,,,Fatehgarh Sahib,Punjab,30.68,76.44
Punjab,Khalaspur BO,,,Fatehgarh Sahib,Punjab,30.7,76.37
Punjab,Nandpur Kalaur BO,,,Fatehgarh Sahib,Punjab,30.7,76.5
Punjab,Nogawan BO,,,Fatehgarh Sahib,Punjab,30.73,76.44
Punjab,Barwali Khurd BO,,,Fatehgarh Sahib,Punjab,30.78,76.27
Punjab,Fatehgarh Niwan BO,,,Fatehgarh Sahib,Punjab,30.7,76.31
Punjab,Kheri Noudh Singh BO,,,Fatehgarh Sahib,Punjab,30.73,76.35
Punjab,Lohar Majra Kalan BO,,,Fatehgarh Sahib,Punjab,30.69,76.33
Punjab,Pharaur BO,,,Fatehgarh Sahib,Punjab,30.8,76.31
Punjab,Shahpur BO,,,Fatehgarh Sahib,Punjab,30.66,76.23
Punjab,Bhamarsibuland BO,,,Fatehgarh Sahib,Punjab,30.56,76.31
Punjab,Sainipur BO,,,Fatehgarh Sahib,Punjab,30.6,76.37
Punjab,Amrala BO,,,Fatehgarh Sahib,Punjab,30.82,76.38
Punjab,Nangal Khunga BO,,,Hoshiarpur,Punjab,31.24,76.22
Punjab,Argowal BO,,,Hoshiarpur,Punjab,31.42,75.89
Punjab,Saggran BO,,,Hoshiarpur,Punjab,31.02,75.45
Punjab,Nangal Bihalan BO,,,Hoshiarpur,Punjab,31.52,75.89
Punjab,Bhagran BO,,,Hoshiarpur,Punjab,31.26,75.64
Punjab,Bariana BO,,,Hoshiarpur,Punjab,31.84,75.84
Punjab,Bassi Ballo BO,,,Hoshiarpur,Punjab,31.02,75.69
Punjab,Chowki Patiari BO,,,Hoshiarpur,Punjab,30.23,74.12
Punjab,Dandoh BO,,,Hoshiarpur,Punjab,31.24,74.56
Punjab,Patial BO,,,Hoshiarpur,Punjab,31.25,75.23
Punjab,Behlakhan BO,,,Hoshiarpur,Punjab,31.46,74.13
Punjab,Dadial BO,,,Hoshiarpur,Punjab,31.15,74.89
Punjab,Narangpur BO,,,Hoshiarpur,Punjab,31.74,75.24
Punjab,Rampur Haler BO,,,Hoshiarpur,Punjab,30.13,74.27
Punjab,Ghorewaha BO,,,Hoshiarpur,Punjab,31.12,75.13
Punjab,Dhugga Kalan BO,,,Hoshiarpur,Punjab,31.62,74.13
Punjab,Safdarpur BO,,,Hoshiarpur,Punjab,31.45,74.15
Punjab,Bodal Garna Sahib BO,,,Hoshiarpur,Punjab,31.26,75.15
Punjab,Jalalpur BO,,,Hoshiarpur,Punjab,31.46,75.36
Punjab,Hoshiarpur Kalota BO,,,Hoshiarpur,Punjab,31.5143178,75.911483
Punjab,Mansoorpur BO,,,Hoshiarpur,Punjab,31.5143178,75.911483
Punjab,Musahibpur BO,,,Hoshiarpur,Punjab,31.5143178,75.911483
Punjab,Baja Chak BO,,,Hoshiarpur,Punjab,30.84,75.12
Punjab,Dhanoa BO,,,Hoshiarpur,Punjab,30.56,75.14
Punjab,Terkiana BO,,,Hoshiarpur,Punjab,30.45,75.14
Punjab,Bassi Jalal Khan BO,,,Hoshiarpur,Punjab,30.56,74.12
Punjab,Jaura BO,,,Hoshiarpur,Punjab,31.95,75.42
Punjab,SHERGARH BO,,,Hoshiarpur,Punjab,31.24,75.91
Punjab,Rattangarh BO,,,Fatehgarh Sahib,Punjab,30.94,76.07
Punjab,Raipur Majri BO,,,Fatehgarh Sahib,Punjab,30.72,76.33
Punjab,Shamaspur Singhan BO,,,Fatehgarh Sahib,Punjab,30.87,76.36
Punjab,Maneli BO,,,Fatehgarh Sahib,Punjab,30.85,76.35
Punjab,Bhagrana BO,,,Fatehgarh Sahib,Punjab,30.6,76.57
Punjab,Buras BO,,,Fatehgarh Sahib,Punjab,30.42,76.48
Punjab,Dadu Majra BO,,,Fatehgarh Sahib,Punjab,30.75,76.72
Punjab,Pola BO,,,Fatehgarh Sahib,Punjab,30.53,76.5
Punjab,Dulwan BO,,,Fatehgarh Sahib,Punjab,30.75,76.34
Punjab,Lohar Majra Khurd BO,,,Fatehgarh Sahib,Punjab,30.76,76.4
Punjab,Khant BO,,,Fatehgarh Sahib,Punjab,30.78,76.42
Punjab,Jaja BO,,,Hoshiarpur,Punjab,31.63,75.84
Punjab,Kandhali Narangpur BO,,,Hoshiarpur,Punjab,31.59,75.88
Punjab,Bhagowal BO,,,Hoshiarpur,Punjab,31.515963,75.91
Punjab,Lambra Kangri BO,,,Hoshiarpur,Punjab,31.58,75.75
Punjab,Pandori Bawa Dass BO,,,Hoshiarpur,Punjab,31.59,75.88
Punjab,Lachowal BO,,,Hoshiarpur,Punjab,31.46,75.48
Punjab,Fatehpur BO,,,Hoshiarpur,Punjab,31.45,75.45
Punjab,Handwal BO,,,Hoshiarpur,Punjab,31.25,75.45
Punjab,Karari BO,,,Hoshiarpur,Punjab,31.85,75.45
Punjab,Kukanet BO,,,Hoshiarpur,Punjab,31.56,75.46
Punjab,Jandaur BO,,,Hoshiarpur,Punjab,31.12,75.42
Punjab,Kurala Kalan BO,,,Hoshiarpur,Punjab,31.52,75.84
Punjab,Nadalon BO,,,Hoshiarpur,Punjab,31.72,75.85
Punjab,Panjaura BO,,,Hoshiarpur,Punjab,31.53,75.81
Punjab,Bombeli BO,,,Hoshiarpur,Punjab,31.06,75.84
Punjab,Manolian BO,,,Hoshiarpur,Punjab,31.56,75.42
Punjab,Nangal Khurd BO,,,Hoshiarpur,Punjab,31.56,75.84
Punjab,Bachhohi BO,,,Hoshiarpur,Punjab,31.02,75.96
Punjab,Bahadarpur Bahian BO,,,Hoshiarpur,Punjab,31.46,75.83
Punjab,Chabbewal BO,,,Hoshiarpur,Punjab,31.42,75.84
Punjab,Jandoli BO,,,Hoshiarpur,Punjab,31.46,75.42
Punjab,Maili BO,,,Hoshiarpur,Punjab,31.43,75.65
Punjab,Garhi Mansowal BO,,,Hoshiarpur,Punjab,31.42,75.84
Punjab,Kotmaira BO,,,Hoshiarpur,Punjab,31.05,75.11
Punjab,Dhada Kalan BO,,,Hoshiarpur,Punjab,31.58,75.84
Punjab,Pandori Ladha Singh BO,,,Hoshiarpur,Punjab,31.25,75.84
Punjab,Suni BO,,,Hoshiarpur,Punjab,31.45,75.96
Punjab,Lalwan BO,,,Hoshiarpur,Punjab,31.08,75.84
Punjab,Bohara BO,,,Shahid Bhagat Singh Nagar,Punjab,31.1005,76.0377
Punjab,Mirpur Lakha BO,,,Shahid Bhagat Singh Nagar,Punjab,31.1056,76.0374
Punjab,Chak Dana BO,,,Shahid Bhagat Singh Nagar,Punjab,31.0536,75.9645
Punjab,Bibipur BO,,,Patiala,Punjab,29.24,76.28
Punjab,Kulburchan BO,,,Patiala,Punjab,30.22,76.14
Punjab,Kutbanpur BO,,,Patiala,Punjab,30.18,76.19
Punjab,Marori BO,,,Patiala,Punjab,30.07,76.22
Punjab,Panjola BO,,,Patiala,Punjab,30.18,76.37
Punjab,Gajjumajra BO,,,Patiala,Punjab,30.26,76.19
Punjab,Allowal BO,,,Patiala,Punjab,30.43,76.28
Punjab,Ajrawar BO,,,Patiala,Punjab,30.37,76.54
Punjab,Bhatmajra BO,,,Patiala,Punjab,30.35,76.54
Punjab,Gopalpur BO,,,Patiala,Punjab,30.45,76.51
Punjab,Kotla BO,,,Patiala,Punjab,30.54,76.59
Punjab,Nanhera BO,,,Patiala,Punjab,30.46,76.7
Punjab,Sandharsi BO,,,Patiala,Punjab,30.39,76.66
Punjab,Shambu Kalan BO,,,Patiala,Punjab,30.44,76.7
Punjab,Tepla BO,,,Patiala,Punjab,30.48,76.59
Punjab,Garhi Qanogaon BO,,,Shahid Bhagat Singh Nagar,Punjab,31.05,75.41
Punjab,Garlon Bet BO,,,Shahid Bhagat Singh Nagar,Punjab,31.04,75.84
Punjab,Nighi BO,,,Shahid Bhagat Singh Nagar,Punjab,31.25,75.81
Delhi NCR,Chhapraula BO,,,Gautam Buddha Nagar,Uttar Pradesh,28.61779,77.477367
Punjab,Badwala BO,,,Fatehgarh Sahib,Punjab,30.83,76.52
Punjab,Hargana BO,,,Fatehgarh Sahib,Punjab,30.74,76.36
Punjab,Kotla Badla BO,,,Fatehgarh Sahib,Punjab,30.75,76.31
Punjab,Jatana Ucha BO,,,Fatehgarh Sahib,Punjab,30.82,76.29
Punjab,Manela BO,,,Fatehgarh Sahib,Punjab,30.84,76.34
Punjab,Salana BO,,,Fatehgarh Sahib,Punjab,30.67,76.21
Punjab,Budhabar BO,,,Hoshiarpur,Punjab,31.82,75.65
Punjab,Dhamian BO,,,Hoshiarpur,Punjab,31.45,75.84
Punjab,Gera BO,,,Hoshiarpur,Punjab,31.82,75.84
Punjab,Sariana BO,,,Hoshiarpur,Punjab,31.8,75.12
Punjab,Bhikhowal BO,,,Hoshiarpur,Punjab,31.25,75.83
Punjab,Baghpur BO,,,Hoshiarpur,Punjab,30.12,74.85
Punjab,Kakkon BO,,,Hoshiarpur,Punjab,30.25,74.13
Punjab,Alampur BO,,,Hoshiarpur,Punjab,31.12,74.63
Punjab,Bains Awan BO,,,Hoshiarpur,Punjab,31.42,74.45
Punjab,Sango Katrala BO,,,Hoshiarpur,Punjab,31.5143178,75.911483
Punjab,Mundian Jattan BO,,,Hoshiarpur,Punjab,31.45,75.42
Punjab,Begumpur Jandiala BO,,,Hoshiarpur,Punjab,31.25,74.89
Punjab,Kalubahar BO,,,Hoshiarpur,Punjab,31.25,75.89
Punjab,Umarpur BO,,,Hoshiarpur,Punjab,31.15,75.12
Punjab,Manak Dheri BO,,,Hoshiarpur,Punjab,31.72,75.63
Punjab,Saidpur BO,,,Hoshiarpur,Punjab,31.45,75.75
Punjab,Munak Kalan BO,,,Hoshiarpur,Punjab,31.42,75.42
Punjab,Chagran BO,,,Hoshiarpur,Punjab,31.25,75.52
Punjab,Nangal Shahidan BO,,,Hoshiarpur,Punjab,31.24,74.63
Punjab,Sarangwal BO,,,Hoshiarpur,Punjab,31.42,75.84
Punjab,Bhilowal BO,,,Hoshiarpur,Punjab,31.12,75.84
Punjab,Bohan BO,,,Hoshiarpur,Punjab,31.42,75.86
Punjab,Jallowal Khanoor BO,,,Hoshiarpur,Punjab,31.42,75.84
Punjab,Lehli Kalan BO,,,Hoshiarpur,Punjab,31.02,75.46
Punjab,Nainwan BO,,,Hoshiarpur,Punjab,31.46,75.45
Punjab,Thowana BO,,,Hoshiarpur,Punjab,30.04,74.56
Punjab,Chohal BO,,,Hoshiarpur,Punjab,31.84,74.13
Delhi NCR,Gunta,,,Alwar,Rajasthan,27.752706,76.35794
Delhi NCR,Hazipur,,,Alwar,Rajasthan,27.687672,76.448355
Delhi NCR,Lakkakanagal,,,Alwar,Rajasthan,27.782805,76.285563
Delhi NCR,Bachhamdi Noh,,,Bharatpur,Rajasthan,27.204,77.557
Delhi NCR,Undra,,,Bharatpur,Rajasthan,27.197,77.634
Delhi NCR,Chiksana,,,Bharatpur,Rajasthan,27.184,77.639
Delhi NCR,Barso,,,Bharatpur,Rajasthan,27.18,77.53
Delhi NCR,Barakhur,,,Bharatpur,Rajasthan,27.262,77.526
Delhi NCR,Hatheni,,,Bharatpur,Rajasthan,27.228,77.504
Delhi NCR,Madhoni,,,Bharatpur,Rajasthan,27.216,77.409
Delhi NCR,Atari,,,Bharatpur,Rajasthan,27.11,77.329
Delhi NCR,Mai,,,Bharatpur,Rajasthan,27.092,77.292
Delhi NCR,Shekhpur,,,Bharatpur,Rajasthan,27.07,77.287
Delhi NCR,Bareh Mafi,,,Bharatpur,Rajasthan,27.085,77.464
Delhi NCR,Jatoli Rathbhan,,,Bharatpur,Rajasthan,27.282,77.591
Delhi NCR,Takha,,,Bharatpur,Rajasthan,27.344,77.521
Delhi NCR,Gagwana,,,Bharatpur,Rajasthan,27.136,77.342
Delhi NCR,Jharoli,,,Bharatpur,Rajasthan,27.194,77.351
Delhi NCR,Mahua,,,Bharatpur,Rajasthan,27.161,77.386
Punjab,Bharial BO,,,Gurdaspur,Punjab,32.2,75.33
Punjab,Hayat Nagar BO,,,Gurdaspur,Punjab,32.04,75.36
Delhi NCR,Ladpur,,,Alwar,Rajasthan,28.554617,76.781981
Delhi NCR,Nangalkhanjadi,,,Alwar,Rajasthan,27.399413,76.898037
Delhi NCR,Mahanpur,,,Alwar,Rajasthan,27.736989,76.30149
Delhi NCR,Dooghera,,,Alwar,Rajasthan,27.937995,76.343468
Delhi NCR,Budhwal,,,Alwar,Rajasthan,27.960283,76.279771
Delhi NCR,Khanpur Ahir,,,Alwar,Rajasthan,27.984943,76.686027
Delhi NCR,Babaria,,,Alwar,Rajasthan,27.788354,76.369517
Delhi NCR,Bhagukawas,,,Alwar,Rajasthan,27.243334,76.618346
Delhi NCR,Shamda,,,Alwar,Rajasthan,27.817123,76.427384
Delhi NCR,Padmara Khurd,,,Alwar,Rajasthan,27.895571,76.436062
Delhi NCR,Rajwara,,,Alwar,Rajasthan,27.912247,76.488118
Delhi NCR,Ismailpur,,,Alwar,Rajasthan,27.765181,76.695409
Delhi NCR,Mator,,,Alwar,Rajasthan,27.774553,76.600111
Delhi NCR,Aklimpur,,,Alwar,Rajasthan,28.04882,76.197935
Delhi NCR,Dosod,,,Alwar,Rajasthan,27.55004,76.352652
Delhi NCR,Basmenpur,,,Alwar,Rajasthan,27.664535,76.152015
Delhi NCR,Chandpur,,,Alwar,Rajasthan,27.89673,76.505465
Delhi NCR,Dabarwas,,,Alwar,Rajasthan,28.079439,76.394114
Delhi NCR,Huria Kalan,,,Alwar,Rajasthan,28.157588,76.336955
Delhi NCR,Mehtawas,,,Alwar,Rajasthan,28.134411,76.41292
Delhi NCR,Partapur,,,Alwar,Rajasthan,28.155243,76.313795
Delhi NCR,Gheelot,,,Alwar,Rajasthan,28.043646,76.40207
Delhi NCR,Pratapsinghpura,,,Alwar,Rajasthan,27.974197,76.360834
Delhi NCR,Sakatpura (Bawad),,,Alwar,Rajasthan,28.019212,76.496104
Delhi NCR,Par,,,Bharatpur,Rajasthan,27.15,77.415
Delhi NCR,Milakpur,,,Bharatpur,Rajasthan,27.016,77.381
Delhi NCR,Badangarh,,,Bharatpur,Rajasthan,28.291999,75.559693
Delhi NCR,Parmadra,,,Bharatpur,Rajasthan,27.435954,77.349675
Delhi NCR,Moroli,,,Bharatpur,Rajasthan,27.406063,77.214648
Delhi NCR,Nayabas,,,Bharatpur,Rajasthan,27.223736,77.116875
Delhi NCR,Gogera,,,Bharatpur,Rajasthan,26.913629,77.076593
Delhi NCR,Salempur Kalan,,,Bharatpur,Rajasthan,26.922393,77.01236
Delhi NCR,Diwali,,,Bharatpur,Rajasthan,27.047584,77.024781
Delhi NCR,Narharpur,,,Bharatpur,Rajasthan,27.031955,77.105367
Delhi NCR,Bijwari,,,Bharatpur,Rajasthan,27.123218,77.08055
Punjab,Khojepur BO,,,Gurdaspur,Punjab,32.07,75.45
Punjab,Dabhanwala Kalan BO,,,Gurdaspur,Punjab,31.84,75.14
Punjab,Mehngarwal BO,,,Hoshiarpur,Punjab,31.63,75.46
Punjab,Degham BO,,,Hoshiarpur,Punjab,31.25,75.41
Punjab,Garhi Matton BO,,,Hoshiarpur,Punjab,30.84,74.51
Punjab,Gogon BO,,,Hoshiarpur,Punjab,31.25,74.96
Punjab,Khanpur BO,,,Hoshiarpur,Punjab,31.25,74.89
Punjab,Arno BO,,,Patiala,Punjab,29.85,76.21
Punjab,Duggal BO,,,Patiala,Punjab,29.98,76.03
Punjab,Shutrana BO,,,Patiala,Punjab,29.9,76.11
Punjab,Kularan BO,,,Patiala,Punjab,30.13,76.11
Punjab,Ramgarh BO,,,Patiala,Punjab,30.64,76.88
Punjab,Lachru Kalan BO,,,Patiala,Punjab,30.15,76.63
Punjab,Marru BO,,,Patiala,Punjab,30.34,76.43
Punjab,Sarala Kalan BO,,,Patiala,Punjab,30.3,76.64
Punjab,Lohsimbly BO,,,Patiala,Punjab,30.36,76.36
Punjab,Manhota BO,,,Hoshiarpur,Punjab,31.8,75.81
Punjab,Sansarpur BO,,,Hoshiarpur,Punjab,31.77,75.85
Punjab,Hazara Singh Wala BO,,,Firozepur,Punjab,30.84315,74.39662
Punjab,Khunder Uttar BO,,,Firozepur,Punjab,30.8285864,74.3994182
Punjab,Awan BO,,,Firozepur,Punjab,30.79,74.37
Punjab,Mansoor Deva BO,,,Firozepur,Punjab,30.50978,74.3699
Punjab,Chak Janisar BO,,,Fazilka,Punjab,30.97996,74.6816
Punjab,Khuranj BO,,,Fazilka,Punjab,30.4598942,74.2876132
Delhi NCR,Dundaheda BO,,,Ghaziabad,Uttar Pradesh,28.631247,77.437208
Delhi NCR,Galand BO,,,Hapur,Uttar Pradesh,28.684006,77.587732
Delhi NCR,Jindal Nagar BO,,,Ghaziabad,Uttar Pradesh,28.735949,77.268414
Delhi NCR,Kushlia BO,,,Ghaziabad,Uttar Pradesh,28.669156,77.453758
Delhi NCR,Ingrahm Institute BO,,,Ghaziabad,Uttar Pradesh,28.674348,77.454218
Delhi NCR,Behta Hazipur BO,,,Ghaziabad,Uttar Pradesh,28.727002,77.31234
Delhi NCR,Mandola BO,,,Ghaziabad,Uttar Pradesh,28.794585,77.277287
Punjab,Dhigan Wali BO,,,Fazilka,Punjab,30.04488,73.98143
Punjab,Gumjal BO,,,Fazilka,Punjab,30.9265586,74.6135181
Punjab,Tootwala BO,,,Fazilka,Punjab,30.04488,73.98143
Punjab,Kabbar Wacha BO,,,Firozepur,Punjab,30.78484,74.8603
Punjab,Bazidpur Kattianwali BO,,,Fazilka,Punjab,30.2451,74.12985
Punjab,Danger Khera BO,,,Fazilka,Punjab,30.2451,74.12985
Punjab,Muradwala Dal Singh BO,,,Fazilka,Punjab,30.2666216,74.2516604
Punjab,Nurpur Sethan BO,,,Firozepur,Punjab,29.97117,74.57624
Punjab,Toot BO,,,Firozepur,Punjab,29.97117,74.57624
Punjab,Chugatte Wala BO,,,Firozepur,Punjab,30.82655,74.5765
Punjab,Khosa Dal Singh BO,,,Firozepur,Punjab,30.7499537,75.4126063
Punjab,Sodhi Nagar BO,,,Firozepur,Punjab,30.7456,75.30656
Punjab,Sekhwan BO,,,Firozepur,Punjab,30.968536,74.991058
Punjab,Sulhani BO,,,Firozepur,Punjab,30.918107,74.616135
Punjab,Wara Waryam Singh BO,,,Firozepur,Punjab,30.85535,74.94099
Punjab,Malloke BO,,,Firozepur,Punjab,30.968536,74.991058
Punjab,Mehar Singh Wala BO,,,Firozepur,Punjab,30.94655,74.9391
Punjab,Shazada Sant Singh BO,,,Firozepur,Punjab,30.94655,74.9391
Punjab,Valtoha BO,,,Firozepur,Punjab,30.94655,74.9391
Punjab,Himatpura BO,,,Fazilka,Punjab,30.9265616,74.6135151
Punjab,Khairpur BO,,,Fazilka,Punjab,30.15515,74.2034
Punjab,Dodewala BO,,,Fazilka,Punjab,30.9265606,74.6135161
Punjab,Haripur Khalsa BO,,,Jalandhar,Punjab,31.0325,75.8225
Punjab,Shahpur Bhattian BO,,,Jalandhar,Punjab,31.0369,75.8239
Punjab,Ganna Pind BO,,,Jalandhar,Punjab,31.02039,75.754592
Punjab,Damunda BO,,,Jalandhar,Punjab,31.422,75.7564
Punjab,Khurdpur BO,,,Jalandhar,Punjab,31.3875,75.2459
Punjab,Najka BO,,,Jalandhar,Punjab,31.3876,75.2456
Punjab,Ghurial BO,,,Jalandhar,Punjab,31.4738,75.7576
Punjab,Chamiara BO,,,Jalandhar,Punjab,31.3745,75.5118
Punjab,Ladhra BO,,,Jalandhar,Punjab,31.3263,75.5769
Punjab,Laroya BO,,,Jalandhar,Punjab,31.3262,75.5769
Punjab,Manakrai BO,,,Jalandhar,Punjab,31.3265,75.5765
Punjab,Patial BO,,,Jalandhar,Punjab,31.3278,75.5769
Punjab,Lallian BO,,,Jalandhar,Punjab,31.3524,75.6171
Punjab,Lidhran BO,,,Jalandhar,Punjab,31.3203,75.5908
Punjab,Sheikhe Pind BO,,,Jalandhar,Punjab,31.3835,75.639
Punjab,Kandhala Guru BO,,,Jalandhar,Punjab,31.4328,75.6508
Punjab,Kalyanpur BO,,,Jalandhar,Punjab,31.3524,75.6171
Punjab,Samipur BO,,,Jalandhar,Punjab,31.3524,75.6171
Punjab,Wadala BO,,,Jalandhar,Punjab,31.3384,75.3531
Punjab,Kalra BO,,,Jalandhar,Punjab,31.4087,75.8055
Punjab,Bhojowal BO,,,Jalandhar,Punjab,31.3404,75.6717
Punjab,Bolina Doaba BO,,,Jalandhar,Punjab,31.3404,75.6717
Punjab,Parasrampur BO,,,Jalandhar,Punjab,31.3404,75.6717
Punjab,Herran BO,,,Jalandhar,Punjab,31.374926,75.38421
Punjab,Talwandi Bhairon BO,,,Jalandhar,Punjab,31.11101,75.7386
Punjab,Narru BO,,,Patiala,Punjab,29.68,76.99
Punjab,Sehra BO,,,Patiala,Punjab,30.46,76.49
Punjab,Pabri BO,,,Patiala,Punjab,30.46,76.52
Punjab,Basantpura BO,,,Patiala,Punjab,30.53,76.5
Punjab,Dhankansu Kalan BO,,,Patiala,Punjab,30.5,76.6
Punjab,Shamdoo BO,,,Patiala,Punjab,30.49,76.62
Punjab,Untsar BO,,,Patiala,Punjab,30.36,76.68
Punjab,Ghamaur BO,,,Shahid Bhagat Singh Nagar,Punjab,31.02,75.45
Punjab,Kangna Bet BO,,,Shahid Bhagat Singh Nagar,Punjab,31.06,75.84
Punjab,Rattewal BO,,,Shahid Bhagat Singh Nagar,Punjab,31.23,75.96
Punjab,Takarala BO,,,Shahid Bhagat Singh Nagar,Punjab,31.04,75.85
Punjab,Bagowal BO,,,Shahid Bhagat Singh Nagar,Punjab,31.25,75.84
Punjab,Bhamme Kalan BO,,,Mansa,Punjab,29.8774,75.3514
Punjab,Kot Lallu BO,,,Mansa,Punjab,29.9948,75.452
Punjab,Lakhmir Wala BO,,,Mansa,Punjab,29.8602,75.393
Punjab,Mian BO,,,Mansa,Punjab,29.8554,75.2384
Punjab,Udit Bhagat Ram BO,,,Mansa,Punjab,29.9034,75.331
Punjab,Burj Sema BO,,,Bathinda,Punjab,30.0316,75.2401
Punjab,Ghuman Kalan BO,,,Bathinda,Punjab,30.0814,75.2814
Punjab,Raj Garh Kubbe BO,,,Bathinda,Punjab,30.0316,75.2401
Punjab,Sukha Nand BO,,,Moga,Punjab,30.78605,75.205
Punjab,Kapure BO,,,Moga,Punjab,30.8127248,75.1664797
Punjab,Awan Bikeshah BO,,,Kapurthala,Punjab,31.61279,75.52751
Punjab,Jaid BO,,,Kapurthala,Punjab,31.5423277,75.5058281
Punjab,Nurpur Lubana BO,,,Kapurthala,Punjab,31.51712,75.34815
Punjab,Sangojla BO,,,Kapurthala,Punjab,31.5423317,75.5058241
Punjab,Lakhan Ke Padde BO,,,Kapurthala,Punjab,31.43295,75.24975
Punjab,Kokri Heron BO,,,Moga,Punjab,30.85355,75.32305
Punjab,Kokri Khurd BO,,,Moga,Punjab,30.85355,75.32305
Punjab,Badochikalan BO,,,Fatehgarh Sahib,Punjab,30.55,76.37
Punjab,Bariar BO,,,Kapurthala,Punjab,31.61279,75.52751
Punjab,Saiflabad BO,,,Kapurthala,Punjab,31.5423327,75.5058231
Punjab,Surkhpur BO,,,Kapurthala,Punjab,31.51712,75.34815
Punjab,Dina BO,,,Moga,Punjab,30.5186108,75.2347756
Punjab,Jallah BO,,,Fatehgarh Sahib,Punjab,30.58,76.32
Punjab,Panjokha BO,,,Fatehgarh Sahib,Punjab,30.76,76.43
Punjab,Adampur BO,,,Fatehgarh Sahib,Punjab,30.57,76.4
Punjab,Jhawan BO,,,Hoshiarpur,Punjab,31.67,75.66
Punjab,Rajpur Gahot BO,,,Hoshiarpur,Punjab,31.24,75.84
Delhi NCR,Holawas,,,Alwar,Rajasthan,27.63799,76.341588
Punjab,Kalyan Sukha BO,,,Bathinda,Punjab,30.3753,75.1151
Punjab,Poohla BO,,,Bathinda,Punjab,30.2982,75.1064
Punjab,Alike BO,,,Bathinda,Punjab,30.3383,75.3208
Punjab,Malkana BO,,,Bathinda,Punjab,29.9372,75.0334
Punjab,Bhagwan Garh BO,,,Bathinda,Punjab,30.0662,74.9231
Punjab,Bhunder BO,,,Bathinda,Punjab,30.2086,75.2217
Punjab,Bassian Brahman BO,,,S.A.S Nagar,Punjab,30.9666111,76.3715277
Punjab,Marauli Kalan BO,,,S.A.S Nagar,Punjab,30.9666111,76.3715277
Punjab,Sakrulapur BO,,,S.A.S Nagar,Punjab,30.9666111,76.3715277
Punjab,Daun Majra BO,,,S.A.S Nagar,Punjab,30.9666111,76.3715277
Punjab,Jandpur BO,,,S.A.S Nagar,Punjab,30.9666111,76.3715277
Punjab,Naya Shehar BO,,,S.A.S Nagar,Punjab,30.9666111,76.3715277
Punjab,Palheri BO,,,S.A.S Nagar,Punjab,30.9666111,76.3715277
Punjab,Kubaheri BO,,,S.A.S Nagar,Punjab,30.9666111,76.3715277
Punjab,Mundhon Kalan BO,,,S.A.S Nagar,Punjab,30.9666111,76.3715277
Punjab,Singhpura BO,,,S.A.S Nagar,Punjab,30.9666111,76.3715277
Punjab,Geega Majra BO,,,S.A.S Nagar,Punjab,30.9666111,76.3715277
Punjab,Jhanjeri BO,,,S.A.S Nagar,Punjab,30.9666111,76.3715277
Punjab,Majatri BO,,,S.A.S Nagar,Punjab,30.9666111,76.3715277
Punjab,Khai BO,,,Moga,Punjab,30.5598021,75.226024
Punjab,Baggakhurd BO,,,Ludhiana,Punjab,30.95,75.77
Delhi NCR,Khori,,,Alwar,Rajasthan,28.201261,76.485949
Punjab,Gignowal BO,,,Hoshiarpur,Punjab,31.59,75.88
Punjab,Sikri BO,,,Hoshiarpur,Punjab,31.53,75.55
Punjab,Bhagowal BO,,,Hoshiarpur,Punjab,31.515963,75.904004
Punjab,Agampur BO,,,Rupnagar,Punjab,30.692051,76.69841
Punjab,Hafizabad BO,,,Rupnagar,Punjab,30.692051,76.69841
Punjab,Jatana BO,,,Rupnagar,Punjab,30.7573,76.3715277
Punjab,Ghiala BO,,,Pathankot,Punjab,32.16,75.65
Punjab,Gurrah BO,,,Pathankot,Punjab,32.13,75.64
Punjab,Kaunterpur BO,,,Pathankot,Punjab,32.16,75.61
Punjab,Badhani BO,,,Pathankot,Punjab,32.33,75.76
Punjab,Chakkar BO,,,Pathankot,Punjab,32.33,75.77
Punjab,Dharkalan BO,,,Pathankot,Punjab,32.41,75.79
Punjab,Uchathara BO,,,Pathankot,Punjab,32.44,75.76
Punjab,Panjore BO,,,Pathankot,Punjab,32.29,75.56
Punjab,Ranipur BO,,,Pathankot,Punjab,32.35,75.65
Punjab,Kheri Salabatpur BO,,,Rupnagar,Punjab,30.9666111,76.3715277
Punjab,Jhallian Khurd BO,,,Rupnagar,Punjab,30.9666111,76.3715277
Punjab,Phool Khurd BO,,,Rupnagar,Punjab,30.9666111,76.3715277
Punjab,Daroli BO,,,Rupnagar,Punjab,30.9666111,76.3715277
Punjab,Dher BO,,,Rupnagar,Punjab,30.9666111,76.3715277
Punjab,Kalitran BO,,,Rupnagar,Punjab,30.9666111,76.3715277
Punjab,Katlaur BO,,,Rupnagar,Punjab,30.9666111,76.3715277
Punjab,Sandhwan BO,,,Rupnagar,Punjab,30.9666111,76.3715277
Punjab,Newkiri Afgana BO,,,Rupnagar,Punjab,32.054937,75.4541
Punjab,Swamipur BO,,,Rupnagar,Punjab,30.9666111,76.3715277
Punjab,Thaluh BO,,,Rupnagar,Punjab,30.9666111,76.3715277
Punjab,Lodhi Majra BO,,,Rupnagar,Punjab,30.9666111,76.3715277
Punjab,Massewal BO,,,Rupnagar,Punjab,30.3876944,76.5883888
Punjab,Jhinjari BO,,,Rupnagar,Punjab,30.9666111,76.3715277
Punjab,Barsalpur BO,,,Rupnagar,Punjab,30.9666111,76.3715277
Punjab,Chaklan BO,,,Rupnagar,Punjab,30.9666111,76.3715277
Punjab,Dumna BO,,,Rupnagar,Punjab,30.9666111,76.3715277
Punjab,Pathreri Jattan BO,,,Rupnagar,Punjab,30.692051,76.69841
Punjab,Purkhali BO,,,Rupnagar,Punjab,30.692051,76.69841
Punjab,Rangilpur BO,,,Rupnagar,Punjab,30.692051,76.69841
Punjab,Sainfalpur BO,,,Rupnagar,Punjab,30.692051,76.69841
Punjab,Nangal Talwara BO,,,Rupnagar,Punjab,30.692051,76.69841
Punjab,Katta Sabour,,,Rupnagar,Punjab,30.9666111,76.3715277
Punjab,Daddar BO,,,Hoshiarpur,Punjab,31.45,75.64
Punjab,Ghogra BO,,,Hoshiarpur,Punjab,31.89,75.84
Punjab,Gobindpur Khun Khun BO,,,Hoshiarpur,Punjab,31.02,75.64
Punjab,Sataur BO,,,Hoshiarpur,Punjab,30.45,75.89
Punjab,Behkushala BO,,,Hoshiarpur,Punjab,31.15,75.85
Punjab,Badla BO,,,Hoshiarpur,Punjab,30.78,75.13
Punjab,Sarhala Mundian BO,,,Hoshiarpur,Punjab,31.42,75.85
Punjab,Khunkhun Kalan BO,,,Hoshiarpur,Punjab,31.24,75.14
Punjab,Berchha BO,,,Hoshiarpur,Punjab,31.15,75.48
Punjab,Nathupur BO,,,Hoshiarpur,Punjab,31.25,74.63
Punjab,Saleempur BO,,,Hoshiarpur,Punjab,31.25,75.45
Punjab,Tahli BO,,,Hoshiarpur,Punjab,31.74,75.12
Punjab,Khanpur Latifpur BO,,,Hoshiarpur,Punjab,31.5143178,75.911483
Punjab,Naushera Pattan BO,,,Hoshiarpur,Punjab,31.813226,75.6637375
Punjab,Abdulapur BO,,,Hoshiarpur,Punjab,30.24,75.89
Punjab,Lamin Pandori BO,,,Hoshiarpur,Punjab,31.74,75.23
Punjab,Talwandi Dadian BO,,,Hoshiarpur,Punjab,31.42,75.85
Punjab,Todarpur BO,,,Hoshiarpur,Punjab,31.02,75.46
Punjab,Mehtiana BO,,,Hoshiarpur,Punjab,31.23,75.42
Punjab,Dihana BO,,,Hoshiarpur,Punjab,30.45,75.42
Punjab,Ram Colony Camp BO,,,Hoshiarpur,Punjab,31.42,75.46
Punjab,Kalewal Bhagtan BO,,,Hoshiarpur,Punjab,31.69,75.54
Punjab,Naru Nangal BO,,,Hoshiarpur,Punjab,31.52,75.62
Punjab,Singhpur BO,,,Hoshiarpur,Punjab,31.52,75.96
Punjab,Jangliana BO,,,Hoshiarpur,Punjab,31.21,75.45
Punjab,Bajrawar BO,,,Hoshiarpur,Punjab,31.02,75.42
Punjab,Patti BO,,,Hoshiarpur,Punjab,31.06,75.42
Punjab,Bhawanipur BO,,,Hoshiarpur,Punjab,31.21,75.84
Punjab,Kalewal BO,,,Hoshiarpur,Punjab,31.56,75.11
Punjab,Mehand Wani BO,,,Hoshiarpur,Punjab,31.16,75.84
Punjab,Aiman Jattan BO,,,Hoshiarpur,Punjab,31.03,75.81
Punjab,Mustapur BO,,,Hoshiarpur,Punjab,31.25,74.89
Punjab,Manguawal Nari BO,,,Hoshiarpur,Punjab,31.25,74.12
Punjab,Basiala BO,,,Hoshiarpur,Punjab,31.25,74.56
Punjab,Gajjar BO,,,Hoshiarpur,Punjab,31.69,75.81
Punjab,Rampur Jhanjowal BO,,,Hoshiarpur,Punjab,31.56,75.84
Punjab,Ramgarh BO,,,Patiala,Punjab,30.52,76.24
Punjab,Rohta BO,,,Patiala,Punjab,30.38,76.18
Punjab,Sular BO,,,Patiala,Punjab,30.34,76.35
Punjab,Saphera BO,,,Patiala,Punjab,30.25,76.39
Punjab,Beharjach BO,,,Patiala,Punjab,29.86,76.23
Punjab,Kartarpur BO,,,Patiala,Punjab,30.31,76.48
Punjab,Nial BO,,,Patiala,Punjab,29.97,76.06
Punjab,Balbera BO,,,Patiala,Punjab,30.17,76.42
Punjab,Dhainthal BO,,,Patiala,Punjab,30.23,76.23
Punjab,Gajewas BO,,,Patiala,Punjab,30.2,76.1
Punjab,Kamalpur BO,,,Patiala,Punjab,30.13,76.28
Punjab,Talwandi Malik BO,,,Patiala,Punjab,30.17,76.06
Punjab,Bhankher BO,,,Patiala,Punjab,30.27,76.52
Punjab,Lang BO,,,Patiala,Punjab,30.41,76.35
Punjab,Bakshiwala BO,,,Patiala,Punjab,30.52,76.54
Punjab,Karala BO,,,Patiala,Punjab,30.5,76.8
Punjab,Khanpur BO,,,Patiala,Punjab,30.48,76.54
Punjab,Dhuman BO,,,Patiala,Punjab,30.56,76.6
Punjab,Kudowal BO,,,Jalandhar,Punjab,31.4927899,75.4620901
Punjab,Jallowal Madhopur BO,,,Jalandhar,Punjab,31.26957,75.40631
Delhi NCR,Kaila BO,,,Ghaziabad,Uttar Pradesh,28.661737,77.417878
Delhi NCR,Nasratpura BO,,,Ghaziabad,Uttar Pradesh,28.658369,77.42627
Delhi NCR,Nahal BO,,,Ghaziabad,Uttar Pradesh,28.715237,77.5533344
Delhi NCR,Udai Rampur Nangla BO,,,Hapur,Uttar Pradesh,28.637565,77.582001
Delhi NCR,Rajapur BO,,,Ghaziabad,Uttar Pradesh,28.736544,77.352542
Delhi NCR,Sadarpur BO,,,Ghaziabad,Uttar Pradesh,28.704469,77.486547
Delhi NCR,Shahpur Bamheta BO,,,Ghaziabad,Uttar Pradesh,28.649885,77.483103
Delhi NCR,Badshahpur Siroli BO,,,Ghaziabad,Uttar Pradesh,28.78861,77.342493
Delhi NCR,Chirori BO,,,Ghaziabad,Uttar Pradesh,28.768557,77.328976
Delhi NCR,Jaoli BO,,,Ghaziabad,Uttar Pradesh,28.669156,77.453758
Punjab,Binjal BO,,,Ludhiana,Punjab,30.687615,75.532037
Punjab,Jhorran BO,,,Ludhiana,Punjab,30.640137,75.485447
Punjab,Nathowal BO,,,Ludhiana,Punjab,30.612156,75.511656
Punjab,Nanaksar BO,,,Ludhiana,Punjab,30.801516,75.421362
Punjab,Kailey BO,,,Ludhiana,Punjab,30.709309,75.674628
Punjab,Rajoana Kalan BO,,,Ludhiana,Punjab,30.725007,75.595347
Punjab,Lakha BO,,,Ludhiana,Punjab,30.640218,75.449039
Punjab,Dhaipai BO,,,Ludhiana,Punjab,30.779544,75.724065
Punjab,Dholan Kalan BO,,,Ludhiana,Punjab,30.801989,75.786565
Punjab,Mansuran BO,,,Ludhiana,Punjab,30.80594,75.758952
Punjab,Hans Kalan BO,,,Ludhiana,Punjab,30.760554,75.555327
Punjab,Lalton Khurd BO,,,Ludhiana,Punjab,30.853737,75.758952
Punjab,Thakarwal BO,,,Ludhiana,Punjab,30.842513,75.795889
Punjab,Malakpur BO,,,Ludhiana,Punjab,30.928116,75.739329
Punjab,Pamali BO,,,Ludhiana,Punjab,30.824324,75.747324
Punjab,Raqba BO,,,Ludhiana,Punjab,30.813234,75.648448
Punjab,Mandiani BO,,,Ludhiana,Punjab,30.842512,75.633902
Punjab,Mullanpur BO,,,Ludhiana,Punjab,30.799324,76.742344
Punjab,Bhanohar BO,,,Ludhiana,Punjab,30.84853,75.712434
Punjab,Chalheri BO,,,Patiala,Punjab,30.49,76.68
Punjab,Suhron BO,,,Patiala,Punjab,30.43,76.6
Punjab,Khadauli BO,,,Patiala,Punjab,30.45,76.56
Punjab,Bhedwal BO,,,Patiala,Punjab,30.49,76.51
Punjab,Ugani BO,,,Patiala,Punjab,30.53,76.54
Punjab,Gadapur BO,,,Patiala,Punjab,30.4,76.7
Punjab,Kheri Gurna BO,,,Patiala,Punjab,30.48,76.72
Punjab,Thuha BO,,,Patiala,Punjab,30.5,76.66
Punjab,Aduana BO,,,Shahid Bhagat Singh Nagar,Punjab,31.42,75.84
Punjab,Mehatpur Oladini BO,,,Shahid Bhagat Singh Nagar,Punjab,31.42,75.06
Punjab,Udhanwal BO,,,Shahid Bhagat Singh Nagar,Punjab,31.42,75.54
Punjab,Banah BO,,,Shahid Bhagat Singh Nagar,Punjab,31.25,75.14
Punjab,Majara Jattan BO,,,Shahid Bhagat Singh Nagar,Punjab,31.04,75.96
Punjab,Chhatt BO,,,S.A.S Nagar,Punjab,30.692051,76.69841
Punjab,Dayalpur Sodhian BO,,,S.A.S Nagar,Punjab,30.692051,76.69841
Punjab,Jhingran Kalan BO,,,S.A.S Nagar,Punjab,30.7573,76.4225
Punjab,Kaishanpura BO,,,S.A.S Nagar,Punjab,30.9666111,76.3715277
Punjab,Kalewal BO,,,S.A.S Nagar,Punjab,30.9666111,76.3715277
Punjab,Dewatwal BO,,,Ludhiana,Punjab,30.889768,75.716796
Punjab,Fatehgarh Siwian BO,,,Ludhiana,Punjab,30.96905,75.05768
Punjab,Chak Kalan BO,,,Ludhiana,Punjab,31.177035,75.534221
Punjab,Dholan BO,,,Ludhiana,Punjab,30.750641,75.517479
Punjab,Chachrari BO,,,Ludhiana,Punjab,31.162336,75.775666
Punjab,Khera Kalmout,,,Rupnagar,Punjab,30.9666111,76.3715277
Punjab,Behrampur BO,,,Rupnagar,Punjab,30.692051,76.69841
Punjab,Manakpur BO,,,Rupnagar,Punjab,30.692051,76.69841
Punjab,Jhakholari BO,,,Pathankot,Punjab,32.26,75.59
Punjab,Kiri Khurd BO,,,Pathankot,Punjab,32.28,75.5
Punjab,Narot Mehra BO,,,Pathankot,Punjab,32.27,75.56
Punjab,Syonti BO,,,Pathankot,Punjab,32.3,75.69
Punjab,Baknaur BO,,,Pathankot,Punjab,32.2,75.44
Punjab,Kathlaur BO,,,Pathankot,Punjab,32.24,75.44
Punjab,Saidipur BO,,,Pathankot,Punjab,32.17,75.47
Punjab,Shankarpura BO,,,Gurdaspur,Punjab,31.91092,74.73776
Punjab,Bhandal BO,,,Gurdaspur,Punjab,31.97,75.2
Punjab,Mirzajan BO,,,Gurdaspur,Punjab,31.89,75.13
Punjab,Rai Chak BO,,,Gurdaspur,Punjab,31.92,75.12
Punjab,Jaura Singha BO,,,Gurdaspur,Punjab,31.89,75.2
Punjab,Bhagthana Tulian BO,,,Gurdaspur,Punjab,31.59935,75.19825
Punjab,Shahpur Jajan BO,,,Gurdaspur,Punjab,31.96,75.01
Punjab,Shahzada BO,,,Gurdaspur,Punjab,32.02,74.97
Punjab,Kotli Surat Malhi BO,,,Gurdaspur,Punjab,31.93,75.09
Punjab,Shikar BO,,,Gurdaspur,Punjab,31.91,75.18
Punjab,Bhago Majra BO,,,S.A.S Nagar,Punjab,30.9666111,76.3715277
Punjab,Chudiala Sudan BO,,,S.A.S Nagar,Punjab,30.9666111,76.3715277
Punjab,Siswan BO,,,S.A.S Nagar,Punjab,30.692051,76.69841
Punjab,Hoshiarpur Taqipur BO,,,S.A.S Nagar,Punjab,30.692051,76.69841
Punjab,Kansala BO,,,S.A.S Nagar,Punjab,30.692051,76.69841
Punjab,Mauli Baidwan BO,,,S.A.S Nagar,Punjab,30.692051,76.69841
Punjab,Bhallian BO,,,Rupnagar,Punjab,30.692051,76.69841
Punjab,Bhoje Majra BO,,,Rupnagar,Punjab,30.692051,76.69841
Punjab,Bhattia BO,,,Ludhiana,Punjab,30.96,75.83
Punjab,Karyana Kalan BO,,,Ludhiana,Punjab,30.96,75.92
Punjab,Mattewara BO,,,Ludhiana,Punjab,30.98,75.98
Punjab,Noorwala BO,,,Ludhiana,Punjab,30.96,75.86
Punjab,Nurpurbet BO,,,Ludhiana,Punjab,30.95,75.72
Punjab,Dangian BO,,,Ludhiana,Punjab,30.735696,75.386395
Delhi NCR,Kandaula BO,,,Hapur,Uttar Pradesh,28.661662,77.656476
Delhi NCR,Parpa BO,,,Hapur,Uttar Pradesh,28.566166,77.695126
Delhi NCR,Saulana BO,,,Hapur,Uttar Pradesh,28.632433,77.650749
Delhi NCR,Roja Yakoobpur BO,,,Ghaziabad,Uttar Pradesh,28.603403,77.461592
Delhi NCR,Adhyatmik Nagar BO,,,Ghaziabad,Uttar Pradesh,28.676666,77.500784
Delhi NCR,Dasna BO,,,Ghaziabad,Uttar Pradesh,28.68075,77.521813
Delhi NCR,Aurangabad Ristal BO,,,Ghaziabad,Uttar Pradesh,28.750722,77.381249
Delhi NCR,BubKheri BO,,,Ghaziabad,Uttar Pradesh,28.683288,77.427947
Punjab,Dhundan BO,,,Fatehgarh Sahib,Punjab,31.15,76.94
Punjab,Kotla Ajner BO,,,Fatehgarh Sahib,Punjab,30.72,76.28
Punjab,Chari BO,,,Fatehgarh Sahib,Punjab,30.78,76.3
Punjab,Kumbh BO,,,Fatehgarh Sahib,Punjab,30.63,76.28
Punjab,Mullepur Kalan BO,,,Fatehgarh Sahib,Punjab,30.61,76.31
Punjab,Sidhpur kalan BO,,,Fatehgarh Sahib,Punjab,30.81,76.41
Punjab,Hawara Kalan BO,,,Fatehgarh Sahib,Punjab,30.83,76.37
Punjab,Harsipind BO,,,Hoshiarpur,Punjab,31.63,75.84
Punjab,Kandhala Sheikhan BO,,,Hoshiarpur,Punjab,31.59,75.88
Punjab,Maseet Pal Kot BO,,,Hoshiarpur,Punjab,31.68,75.66
Punjab,Dhade Fateh Singh BO,,,Hoshiarpur,Punjab,31.94,75.79
Punjab,Khadiala BO,,,Hoshiarpur,Punjab,31.64,75.71
Punjab,Nainowal Jattan BO,,,Hoshiarpur,Punjab,31.53,75.54
Punjab,Hardokhanpur BO,,,Hoshiarpur,Punjab,31.55,75.56
Punjab,Deopur BO,,,Hoshiarpur,Punjab,31.78,75.63
Punjab,Bahera BO,,,Hoshiarpur,Punjab,30.96,75.23
Punjab,Khosa Randhir BO,,,Moga,Punjab,30.893749,75.126809
Punjab,Bains BO,,,Shahid Bhagat Singh Nagar,Punjab,31.300299,75.630428
Punjab,Kariha BO,,,Shahid Bhagat Singh Nagar,Punjab,31.300299,75.630428
Punjab,Barnala Kalan BO,,,Shahid Bhagat Singh Nagar,Punjab,31.0667,76.1667
Punjab,Mahalon BO,,,Shahid Bhagat Singh Nagar,Punjab,31.0667,76.1667
Punjab,Mahalon BO,,,Shahid Bhagat Singh Nagar,Punjab,31.2222,75.8846
Punjab,Sandhwan BO,,,Shahid Bhagat Singh Nagar,Punjab,31.2341,75.8912
Punjab,Behloor Kalan BO,,,Shahid Bhagat Singh Nagar,Punjab,31.0526,76.1192
Punjab,Bairsian BO,,,Shahid Bhagat Singh Nagar,Punjab,31.0528,76.1134
Punjab,Dagon BO,,,Hoshiarpur,Punjab,31.82,75.64
Punjab,Ghagwal BO,,,Hoshiarpur,Punjab,31.33,75.64
Punjab,Seeprian BO,,,Hoshiarpur,Punjab,31.8,75.45
Punjab,Bassi Wazid BO,,,Hoshiarpur,Punjab,31.27,75.28
Punjab,Kotlanaudh Singh BO,,,Hoshiarpur,Punjab,31.08,75.64
Punjab,Hardo Neknama BO,,,Hoshiarpur,Punjab,31.42,74.89
Punjab,Muradpur Naryal BO,,,Hoshiarpur,Punjab,31.46,74.75
Punjab,Johal BO,,,Hoshiarpur,Punjab,31.42,75.63
Punjab,Jhingar Kalan BO,,,Hoshiarpur,Punjab,30.84,74.45
Punjab,Ranipind BO,,,Hoshiarpur,Punjab,31.42,75.69
Punjab,Parika BO,,,Hoshiarpur,Punjab,31.5143178,75.911483
Punjab,Tranglian BO,,,Hoshiarpur,Punjab,31.5143178,75.911483
Punjab,Khanpur BO,,,Hoshiarpur,Punjab,31.45,75.48
Punjab,Rajwal BO,,,Hoshiarpur,Punjab,31.15,75.15
Punjab,Changala BO,,,Hoshiarpur,Punjab,31.07,75.45
Punjab,Baich BO,,,Hoshiarpur,Punjab,30.85,75.63
Punjab,Talwandi Sallan BO,,,Hoshiarpur,Punjab,31.42,75.42
Punjab,Zahura BO,,,Hoshiarpur,Punjab,31.42,74.12
Punjab,Phuglana BO,,,Hoshiarpur,Punjab,31.24,75.84
Punjab,Parsowal BO,,,Hoshiarpur,Punjab,31.45,75.84
Punjab,Thakrowal BO,,,Hoshiarpur,Punjab,31.52,75.45
Punjab,Sasoli BO,,,Hoshiarpur,Punjab,31.12,75.86
Punjab,Haibowal BO,,,Hoshiarpur,Punjab,31.56,75.45
Punjab,Adamwal BO,,,Hoshiarpur,Punjab,31.48,75.84
Punjab,Bora BO,,,Hoshiarpur,Punjab,31.05,75.14
Punjab,Denowal Kalan BO,,,Hoshiarpur,Punjab,31.25,74.51
Punjab,Ibrahimpur BO,,,Hoshiarpur,Punjab,31.05,74.62
Punjab,Ror Mazara BO,,,Hoshiarpur,Punjab,31.41,75.96
Punjab,Fateh Pur Kothi BO,,,Hoshiarpur,Punjab,31.65,75.84
Punjab,Bhallan,,,Rupnagar,Punjab,30.9666111,76.3715277
Punjab,Bhallari,,,Rupnagar,Punjab,30.9666111,76.8066
Punjab,Bhanam,,,Rupnagar,Punjab,30.9666111,76.3715277
Punjab,Gohlani BO,,,Rupnagar,Punjab,30.9666111,76.3715277
Punjab,Jhaj,,,Rupnagar,Punjab,30.9666111,76.3715277
Punjab,Makari BO,,,Rupnagar,Punjab,30.9666111,76.3715277
Punjab,Rauli Jhinjri BO,,,Rupnagar,Punjab,30.9666111,76.3715277
Punjab,Jhandian BO,,,Rupnagar,Punjab,30.692051,76.69841
Punjab,Tibba Taparian BO,,,Rupnagar,Punjab,30.692051,76.69841
Punjab,Naushehra Nal Bandan BO,,,Pathankot,Punjab,32.21,75.62
Punjab,Sarna BO,,,Pathankot,Punjab,32.26,75.57
Punjab,Sunder Chak BO,,,Pathankot,Punjab,32.28,75.54
Punjab,Habit Pindi e BO,,,Pathankot,Punjab,32.2,75.42
Punjab,Nangal BO,,,Pathankot,Punjab,32.12009,75.59708
Punjab,Datial BO,,,Pathankot,Punjab,32.24,75.41
Punjab,Hara BO,,,Pathankot,Punjab,32.33,75.8
Punjab,Jandwal BO,,,Pathankot,Punjab,32.29,75.74
Punjab,Mamoon BO,,,Pathankot,Punjab,32.28,75.7
Punjab,Trihari BO,,,Pathankot,Punjab,32.36,75.75
Punjab,Shahpur Kandi BO,,,Pathankot,Punjab,32.39,75.69
Punjab,Gho BO,,,Pathankot,Punjab,32.32,75.7
Punjab,Rattangarh BO,,,Pathankot,Punjab,32.21,75.47
Punjab,Jhabkra BO,,,Gurdaspur,Punjab,32.16,75.36
Punjab,Bhopar Saidan BO,,,Gurdaspur,Punjab,32.04,75.27
Punjab,Chore Sidhwan BO,,,Gurdaspur,Punjab,32.05,75.32
Punjab,Saidowal Kalan BO,,,Gurdaspur,Punjab,31.98,75.51
Punjab,Thathi Bhai BO,,,Moga,Punjab,30.78605,75.205
Punjab,Chugawan BO,,,Moga,Punjab,30.85355,75.32305
Punjab,Kishan Garh BO,,,Moga,Punjab,30.83555,75.04759
Punjab,Rauli BO,,,Moga,Punjab,30.8392181,75.2180675
Punjab,Saidoke BO,,,Moga,Punjab,30.526565,75.291646
Punjab,Ramgarh Sikri BO,,,Hoshiarpur,Punjab,31.16,76.11
Punjab,Bariowal BO,,,Hoshiarpur,Punjab,31.95,75.65
Punjab,Kotli Khas BO,,,Hoshiarpur,Punjab,31.59,75.88
Punjab,Fatehpur Bhattlan BO,,,Hoshiarpur,Punjab,31.94,75.13
Punjab,Koi BO,,,Hoshiarpur,Punjab,31.8,75.81
Punjab,Dhoot Kalan BO,,,Hoshiarpur,Punjab,31.67,75.78
Punjab,Khiala Bulanda BO,,,Hoshiarpur,Punjab,31.53,75.91
Punjab,Ghataron BO,,,Shahid Bhagat Singh Nagar,Punjab,31.1005,76.0377
Punjab,Bhakhlaur BO,,,Shahid Bhagat Singh Nagar,Punjab,31.0527,75.9633
Punjab,New Rakhra BO,,,Patiala,Punjab,30.35,76.36
Punjab,Rajgarh BO,,,Patiala,Punjab,30.44,76.33
Punjab,Thuhi BO,,,Patiala,Punjab,30.33,76.15
Punjab,Wazidpur BO,,,Patiala,Punjab,30.44,76.13
Punjab,Passiana BO,,,Patiala,Punjab,30.29,76.32
Punjab,Daftari Wala BO,,,Patiala,Punjab,30,76.06
Punjab,Duttal BO,,,Patiala,Punjab,29.92,76.09
Punjab,Khanewal BO,,,Patiala,Punjab,29.88,76.01
Punjab,Shergarh BO,,,Patiala,Punjab,29.87,75.97
Punjab,Taipur BO,,,Patiala,Punjab,30.35,76.5
Punjab,Charaso Kartarpur BO,,,Patiala,Punjab,30.15,76.38
Punjab,Dhanetha BO,,,Patiala,Punjab,30.1,76.19
Punjab,Karhali BO,,,Patiala,Punjab,30.14,76.33
Punjab,Rajla BO,,,Patiala,Punjab,30.16,76.25
Punjab,Sidhuwal BO,,,Patiala,Punjab,30.37,76.34
Punjab,Chalela BO,,,Patiala,Punjab,30.44,76.36
Punjab,Jhansla BO,,,Patiala,Punjab,30.53,76.66
Punjab,Nagal Charbar BO,,,S.A.S Nagar,Punjab,30.55,76.69
Punjab,Harpalpur BO,,,Patiala,Punjab,30.39,76.59
Punjab,Mandauli BO,,,Patiala,Punjab,30.08,77.32
Punjab,Khera Gajju BO,,,Patiala,Punjab,30.58,76.63
Punjab,Gaznipur e BO,,,Gurdaspur,Punjab,32.02,75.31
Punjab,Jaura Chhattran BO,,,Gurdaspur,Punjab,32.02,75.3
Punjab,Pakhariwal BO,,,Gurdaspur,Punjab,32.01,75.29
Punjab,Babri BO,,,Gurdaspur,Punjab,32.01,75.37
Punjab,Bhumbli BO,,,Gurdaspur,Punjab,31.94,75.38
Punjab,Babehali BO,,,Gurdaspur,Punjab,32.01,75.42
Punjab,Chhalle BO,,,Gurdaspur,Punjab,32,75.51
Punjab,Gazikot BO,,,Gurdaspur,Punjab,32.04,75.48
Punjab,Kotli Sainian BO,,,Gurdaspur,Punjab,31.96,75.45
Delhi NCR,Dehra BO,,,Hapur,Uttar Pradesh,28.649002,77.602748
Delhi NCR,Samana BO,,,Hapur,Uttar Pradesh,28.588352,77.686538
Delhi NCR,Chipiana BO,,,Ghaziabad,Uttar Pradesh,28.625284,77.450118
Delhi NCR,Dasna Gate BO,,,Ghaziabad,Uttar Pradesh,28.664212,77.429318
Delhi NCR,Dasna RS BO,,,Ghaziabad,Uttar Pradesh,28.689691,77.434571
Delhi NCR,Hasanpur BO,,,Hapur,Uttar Pradesh,28.723781,78.28463
Delhi NCR,Hasanpur Bhowapur BO,,,Ghaziabad,Uttar Pradesh,28.641309,77.318734
Punjab,Bhagoo BO,,,Fazilka,Punjab,30.03,74.23
Punjab,Rajanwali BO,,,Fazilka,Punjab,30.07,74.26
Punjab,Waryam Khera BO,,,Fazilka,Punjab,30.9633257,72.2548723
Punjab,Jandwala Bhimeshah BO,,,Fazilka,Punjab,30.2052103,74.5331275
Punjab,Jhottianwali BO,,,Fazilka,Punjab,30.403733,74.025531
Punjab,Mahuana Bodla BO,,,Fazilka,Punjab,30.1073691,74.5624261
Punjab,Channaur BO,,,Hoshiarpur,Punjab,31.95,75.61
Punjab,Dhola Khera BO,,,Hoshiarpur,Punjab,31.91,76.11
Punjab,Hardo Khund Pur BO,,,Hoshiarpur,Punjab,31.91,76.11
Punjab,Harse Mansar BO,,,Hoshiarpur,Punjab,31.99,75.62
Punjab,Chak Ladhian BO,,,Hoshiarpur,Punjab,31.31,75.54
Punjab,Chautala BO,,,Hoshiarpur,Punjab,29.55,75.02
Punjab,Darapur BO,,,Hoshiarpur,Punjab,31.67,75.79
Punjab,Cholta Khurd BO,,,S.A.S Nagar,Punjab,30.9666111,76.3715277
Punjab,Radiala BO,,,S.A.S Nagar,Punjab,30.9666111,76.3715277
Punjab,TCKharar BO,,,S.A.S Nagar,Punjab,30.9666111,76.5883888
Punjab,Allahpur BO,,,S.A.S Nagar,Punjab,30.9666111,76.3715277
Punjab,Chintgarh BO,,,S.A.S Nagar,Punjab,30.3876944,76.3715277
Punjab,Dhanauri BO,,,S.A.S Nagar,Punjab,30.9666111,76.3715277
Punjab,Rasanheri BO,,,S.A.S Nagar,Punjab,30.9666111,76.3715277
Punjab,Dharamgarh BO,,,S.A.S Nagar,Punjab,30.692051,76.69841
Punjab,Mote Majra BO,,,S.A.S Nagar,Punjab,30.692051,76.69841
Punjab,Parol BO,,,S.A.S Nagar,Punjab,30.9666111,76.69841
Punjab,Kuda Jassu BO,,,S.A.S Nagar,Punjab,30.692051,76.69841
Punjab,Baraudi BO,,,S.A.S Nagar,Punjab,30.692051,76.69841
Punjab,Phatwan BO,,,S.A.S Nagar,Punjab,30.692051,76.69841
Punjab,Kumbra BO,,,S.A.S Nagar,Punjab,30.692051,76.69841
Punjab,Bazidpur BO,,,Rupnagar,Punjab,30.692051,76.69841
Punjab,Behrampur Bet BO,,,Rupnagar,Punjab,30.692051,76.69841
Punjab,Khamera BO,,,Rupnagar,Punjab,30.9666111,76.3715277
Punjab,Bharatgarh Canal Colony BO,,,Rupnagar,Punjab,30.9666111,76.3715277
Punjab,Bhaku Majra BO,,,Rupnagar,Punjab,30.9666111,76.3715277
Punjab,Bass Bhabour BO,,,Rupnagar,Punjab,30.9666111,76.3715277
Punjab,Jita Singh Wala BO,,,Moga,Punjab,30.57719,75.07864
Punjab,Sangatpura BO,,,Moga,Punjab,30.5986754,75.1005244
Punjab,Mojowal BO,,,Rupnagar,Punjab,30.9666111,76.3715277
Punjab,Malikpur BO,,,Rupnagar,Punjab,30.9666111,76.3715277
Punjab,Paharpur Samloh BO,,,Rupnagar,Punjab,30.9666111,76.3715277
Punjab,Ballamgarh BO,,,Rupnagar,Punjab,30.692051,76.69841
Punjab,Kotla Nihang BO,,,Rupnagar,Punjab,30.692051,76.69841
Punjab,Bhamnara BO,,,Rupnagar,Punjab,30.692051,76.69841
Punjab,Rattangarh Ii BO,,,Rupnagar,Punjab,30.692051,76.69841
Punjab,Dhobeta BO,,,Rupnagar,Punjab,30.692051,76.69841
Punjab,Barwa BO,,,Rupnagar,Punjab,30.9666111,76.3715277
Punjab,Basali BO,,,Rupnagar,Punjab,30.9666111,76.3715277
Punjab,Jatauli BO,,,Rupnagar,Punjab,30.9666111,76.3715277
Punjab,Kalwan,,,Rupnagar,Punjab,30.9666111,76.3715277
Punjab,Thana BO,,,Rupnagar,Punjab,30.9666111,76.3715277
Punjab,Ajauli BO,,,Rupnagar,Punjab,30.692051,76.69841
Punjab,Abiana BO,,,Rupnagar,Punjab,30.692051,76.69841
Punjab,Dhamana BO,,,Rupnagar,Punjab,30.692051,76.69841
Delhi NCR,Hamirpur,,,Alwar,Rajasthan,27.719366,76.485226
Punjab,Aminwala BO,,,Moga,Punjab,30.934187,75.225006
Punjab,Fatehgarh Korotana BO,,,Moga,Punjab,30.94345,75.2365
Punjab,Karyal BO,,,Moga,Punjab,30.934185,75.225008
Punjab,Kot Sadar Khan BO,,,Moga,Punjab,30.94345,75.2365
Punjab,Sherpur Tiaba BO,,,Moga,Punjab,30.8164693,75.1717003
Punjab,Guddar Dhandi BO,,,Firozepur,Punjab,30.6863,74.38541
Punjab,Jandwala BO,,,Firozepur,Punjab,30.6413719,74.406386
Punjab,Jhariwala BO,,,Firozepur,Punjab,30.6413719,74.4063861
Punjab,Azamwala BO,,,Fazilka,Punjab,30.6874513,74.3172287
Punjab,Katehra BO,,,Fazilka,Punjab,30.403728,74.025536
Punjab,Koil Khera BO,,,Fazilka,Punjab,30.1417,74.01125
Punjab,Panjkosi BO,,,Fazilka,Punjab,30.9265606,74.6135161
Punjab,Sappanwali BO,,,Fazilka,Punjab,30.9265626,74.6135141
Punjab,Sayadwala BO,,,Fazilka,Punjab,30.1417,74.01125
Punjab,Behak Gujjaran BO,,,Firozepur,Punjab,31.09945,74.93417
Punjab,Shianpari BO,,,Firozepur,Punjab,31.09945,74.93417
Punjab,Rukne Wala BO,,,Firozepur,Punjab,30.82655,74.5765
Punjab,Sudh Singh Wala BO,,,Firozepur,Punjab,30.82655,74.5765
Punjab,Chhanga Khurd BO,,,Firozepur,Punjab,30.84315,74.39662
Punjab,Indergarh BO,,,Moga,Punjab,30.9075131,75.3104495
Punjab,Datewala BO,,,Moga,Punjab,30.8164683,75.1717013
Punjab,Fateh Garh Panjtoor BO,,,Moga,Punjab,31.05585,75.13277
Punjab,Shah Abu Bakkar BO,,,Moga,Punjab,30.59428,75.36167
Punjab,Urdan BO,,,Patiala,Punjab,30.79,76.89
Punjab,Chamaru BO,,,Patiala,Punjab,30.47,76.74
Punjab,Jandmangoli BO,,,Patiala,Punjab,30.36,76.67
Punjab,Bhaddi BO,,,Shahid Bhagat Singh Nagar,Punjab,31.42,75.96
Punjab,Nawanpind Tapprian BO,,,Shahid Bhagat Singh Nagar,Punjab,31.45,75.04
Punjab,Rakkar Bet BO,,,Shahid Bhagat Singh Nagar,Punjab,31.45,75.41
Punjab,Thopia BO,,,Shahid Bhagat Singh Nagar,Punjab,31.04,75.96
Punjab,Bhainidarera BO,,,Ludhiana,Punjab,30.664546,75.676173
Punjab,Leel BO,,,Ludhiana,Punjab,31.150573,75.578612
Punjab,Nangal Kalan BO,,,Ludhiana,Punjab,29.921601,75.39224
Punjab,Bhaini Baringa BO,,,Ludhiana,Punjab,30.642549,75.643282
Punjab,Gondwal BO,,,Ludhiana,Punjab,30.664886,75.604805
Punjab,Jalaldiwal BO,,,Ludhiana,Punjab,30.614679,75.571336
Punjab,Gidderwindi BO,,,Ludhiana,Punjab,30.930017,75.419896
Punjab,Junetpura BO,,,Ludhiana,Punjab,30.907085,75.435929
Punjab,Leelan BO,,,Ludhiana,Punjab,30.874916,75.473797
Punjab,Sidhwan Kalan BO,,,Ludhiana,Punjab,30.828837,75.53786
Punjab,Bhundri BO,,,Ludhiana,Punjab,30.942665,75.575702
Punjab,Talwandi Khurd BO,,,Ludhiana,Punjab,30.965002,75.786565
Punjab,Bhourla BO,,,Ludhiana,Punjab,30.761482,76.128371
Punjab,Bharthala BO,,,Shahid Bhagat Singh Nagar,Punjab,31.25,75.84
Punjab,Mutton BO,,,Shahid Bhagat Singh Nagar,Punjab,31.25,75.84
Punjab,Boothgarh BO,,,Ludhiana,Punjab,30.98,75.95
Punjab,Mangat BO,,,Ludhiana,Punjab,30.98,75.91
Punjab,Rupalon BO,,,Ludhiana,Punjab,30.784777,76.109525
Punjab,Paddi BO,,,Ludhiana,Punjab,30.792141,75.932534
Punjab,Dhandran BO,,,Ludhiana,Punjab,30.835284,75.833059
Punjab,Rohno Kalan BO,,,Ludhiana,Punjab,30.65419,76.124402
Punjab,Gaddowal BO,,,Ludhiana,Punjab,30.924561,76.030487
Punjab,Ber Khurd BO,,,Ludhiana,Punjab,30.657558,75.976077
Punjab,Barmalipur BO,,,Ludhiana,Punjab,30.753299,76.07255
Punjab,Ghudani Khurd BO,,,Ludhiana,Punjab,30.716097,76.032046
Punjab,Pamal BO,,,Ludhiana,Punjab,30.837477,75.739537
Punjab,Pherurain BO,,,Ludhiana,Punjab,30.617164,75.483023
Punjab,Hissowal BO,,,Ludhiana,Punjab,30.803952,75.665902
Punjab,Dhatt BO,,,Ludhiana,Punjab,29.72456,75.6697667
Punjab,Gahaur BO,,,Ludhiana,Punjab,30.869803,75.720431
Punjab,Issewal BO,,,Ludhiana,Punjab,30.897481,75.697895
Punjab,Sherpur Kalan BO,,,Ludhiana,Punjab,30.8426,75.449039
Punjab,Barhmi BO,,,Ludhiana,Punjab,30.675492,75.621161
Punjab,Purain BO,,,Ludhiana,Punjab,30.9192,75.616444
Punjab,Chajjewal BO,,,Ludhiana,Punjab,30.73079,75.540771
Punjab,Akalgarh BO,,,Ludhiana,Punjab,30.758898,75.652812
Punjab,Sudhar BO,,,Ludhiana,Punjab,31.88727,74.877028
Punjab,Dallah BO,,,Ludhiana,Punjab,32.73453,73.908793
Punjab,Chak Kannian Kalan BO,,,Moga,Punjab,30.79727,75.32054
Punjab,Lohara BO,,,Moga,Punjab,30.8608995,75.1908913
Punjab,Mandar Kalan BO,,,Moga,Punjab,30.95245,75.13675
Punjab,Qadarwala BO,,,Moga,Punjab,30.95245,75.13675
Punjab,Chanan Khera BO,,,Fazilka,Punjab,30.1576,74.33157
Punjab,Gaddan Dob BO,,,Fazilka,Punjab,30.1576,74.33157
Punjab,Kera Khera BO,,,Fazilka,Punjab,30.1576,74.33157
Punjab,Khai Pheme Ki BO,,,Firozepur,Punjab,30.99155,74.6133
Punjab,Chak Banwala BO,,,Fazilka,Punjab,30.37395,74.03525
Punjab,Kirianwali BO,,,Fazilka,Punjab,30.403731,74.025533
Punjab,Mandi Ladhuka BO,,,Fazilka,Punjab,30.37395,74.03525
Punjab,Mehma BO,,,Firozepur,Punjab,31.00523,74.59755
Punjab,Bare Ke BO,,,Firozepur,Punjab,31.00523,74.59755
Punjab,Bhangali Kalan BO,,,Firozepur,Punjab,30.7456,75.30656
Punjab,Mana Singh Wala BO,,,Firozepur,Punjab,30.7456,75.30656
Punjab,Shakur BO,,,Firozepur,Punjab,30.8333048,74.7585775
Punjab,Wara Bhai Ka BO,,,Firozepur,Punjab,30.92545,75.30656
Punjab,Ahmad Dhandi BO,,,Firozepur,Punjab,30.6863,74.38541
Delhi NCR,Raispur BO,,,Ghaziabad,Uttar Pradesh,28.691818,77.463744
Delhi NCR,Teela Shahbazpur BO,,,Ghaziabad,Uttar Pradesh,28.714208,77.317409
Delhi NCR,Atore Nangla BO,,,Ghaziabad,Uttar Pradesh,28.727872,77.404928
Punjab,Sharienwala BO,,,Firozepur,Punjab,30.6863,74.38541
Punjab,Sohangarh Thakkran BO,,,Firozepur,Punjab,30.6863,74.38541
Punjab,Bahamni Wala BO,,,Fazilka,Punjab,30.56734,74.24597
Punjab,Bsf Campus Chak Araian BO,,,Fazilka,Punjab,30.56734,74.24597
Punjab,Chak Gulam Rasool Wala BO,,,Fazilka,Punjab,30.56734,74.24597
Punjab,Chak Saidoke BO,,,Fazilka,Punjab,30.56734,74.24597
Punjab,Shatirwala BO,,,Fazilka,Punjab,30.32155,74.05224
Punjab,Kabul Shah Khuban BO,,,Fazilka,Punjab,30.3,74.09
Punjab,Bakainwala BO,,,Fazilka,Punjab,30.403731,74.025533
Punjab,Dharampura BO,,,Fazilka,Punjab,30.9265626,74.6135141
Punjab,Jandwala Mira Sangla BO,,,Fazilka,Punjab,30.2052123,74.5331255
Punjab,Killianwali BO,,,Fazilka,Punjab,30.9265636,74.6135131
Punjab,Gurreh BO,,,Ludhiana,Punjab,30.833127,75.575702
Punjab,Khaira BO,,,Gurdaspur,Punjab,31.86,74.96
Punjab,Man BO,,,Gurdaspur,Punjab,31.85,75.02
Punjab,Paracha BO,,,Gurdaspur,Punjab,31.92,74.96
Punjab,Bolewal BO,,,Gurdaspur,Punjab,31.64,75.32
Punjab,Batala Sugar Mills BO,,,Gurdaspur,Punjab,31.7345,75.2818
Punjab,G S T C Batala BO,,,Gurdaspur,Punjab,31.8186,75.2028
Punjab,Massania BO,,,Gurdaspur,Punjab,31.79,75.26
Punjab,Udhanwal BO,,,Gurdaspur,Punjab,31.73,75.37
Punjab,Chahal BO,,,Gurdaspur,Punjab,31.7658,75.2217
Punjab,Bhole Ke BO,,,Gurdaspur,Punjab,31.90225,75.05125
Punjab,Dalla Chak BO,,,Gurdaspur,Punjab,31.9,75.08
Punjab,Ghanie Ke Banger BO,,,Gurdaspur,Punjab,31.9099,75.0159
Punjab,Villa Teja BO,,,Gurdaspur,Punjab,31.85,75.45
Punjab,Khokhar Faujjian BO,,,Gurdaspur,Punjab,31.88,75.27
Punjab,Naurangpur BO,,,Pathankot,Punjab,32.1,75.46
Punjab,Fatehpur BO,,,Pathankot,Punjab,32.29,75.45
Punjab,Haryal BO,,,Pathankot,Punjab,32.33,75.8
Punjab,Karoli BO,,,Pathankot,Punjab,32.32,75.71
Punjab,Sarchur BO,,,Gurdaspur,Punjab,31.82,75.05
Punjab,Ladha Mundha BO,,,Gurdaspur,Punjab,31.71,75.34
Punjab,Villa Baijju BO,,,Gurdaspur,Punjab,31.66,75.34
Punjab,Bodhe Di Khui BO,,,Gurdaspur,Punjab,31.7345,75.2818
Punjab,Ranger Nangal BO,,,Gurdaspur,Punjab,31.71,75.24
Punjab,Barila Kalan BO,,,Gurdaspur,Punjab,32.05,75.14
Punjab,Bishankot BO,,,Gurdaspur,Punjab,32.02,75.19
Punjab,Buchenangal BO,,,Gurdaspur,Punjab,31.98,75.22
Punjab,Dalelpur BO,,,Gurdaspur,Punjab,31.98,75.14
Punjab,Ghuman Kalan BO,,,Gurdaspur,Punjab,31.91,75.23
Punjab,Dhapai BO,,,Gurdaspur,Punjab,31.78,75.4
Punjab,Kandila BO,,,Gurdaspur,Punjab,31.77,75.35
Punjab,Cheema Khudi BO,,,Gurdaspur,Punjab,31.7212,75.4359
Punjab,Kishankot BO,,,Gurdaspur,Punjab,31.69,75.42
Punjab,Machrai BO,,,Gurdaspur,Punjab,31.68,75.44
Punjab,Mari Buchian BO,,,Gurdaspur,Punjab,31.65,75.44
Punjab,Ghorewah BO,,,Gurdaspur,Punjab,31.83,75.47
Punjab,Kotli Harchandan BO,,,Gurdaspur,Punjab,31.88,75.49
Punjab,Mullanwal BO,,,Gurdaspur,Punjab,31.84,75.54
Punjab,Nanowal Jinder BO,,,Gurdaspur,Punjab,31.84,75.5
Punjab,Galhri BO,,,Gurdaspur,Punjab,32.033858,75.407121
Punjab,Magar Mudian BO,,,Gurdaspur,Punjab,32.09,75.37
Punjab,Hemrajpur BO,,,Gurdaspur,Punjab,32.06,75.37
Punjab,Aulakh Kalan BO,,,Gurdaspur,Punjab,31.79,75.5
Delhi NCR,Nayagaom Khalsa,,,Bharatpur,Rajasthan,26.991921,77.047811
Delhi NCR,Chentoli,,,Bharatpur,Rajasthan,27.128218,77.08255
Punjab,Kot BO,,,Pathankot,Punjab,32.4,75.72
Punjab,Bhabber BO,,,Pathankot,Punjab,32.35,75.7
Punjab,Chak Sharif BO,,,Gurdaspur,Punjab,31.92,75.5
Punjab,Kala Bala e BO,,,Gurdaspur,Punjab,31.19,75.45
Punjab,Passanwal BO,,,Gurdaspur,Punjab,31.91,75.37
Punjab,Babri Jiwan Wal BO,,,Gurdaspur,Punjab,32.01,75.37
Punjab,Gurdas Nangal BO,,,Gurdaspur,Punjab,32,75.34
Punjab,Sidhwan BO,,,Gurdaspur,Punjab,31.94,75.41
Punjab,Ghot BO,,,Gurdaspur,Punjab,32.03,75.46
Punjab,Lakhanpal BO,,,Gurdaspur,Punjab,32.04,75.47
Punjab,Lehroon BO,,,Pathankot,Punjab,32.2643445,75.6421051
Punjab,Kular BO,,,Ludhiana,Punjab,31.225925,75.350692
Punjab,Meerpur Hans BO,,,Ludhiana,Punjab,30.789704,75.521119
Punjab,Pabbian BO,,,Ludhiana,Punjab,30.789654,75.564059
Punjab,Nangal Khurd BO,,,Ludhiana,Punjab,31.357485,76.005099
Punjab,Johalan BO,,,Ludhiana,Punjab,30.604724,75.645539
Punjab,Talwandi Rai BO,,,Ludhiana,Punjab,30.698179,75.575702
Punjab,Ramgarh Bhullar BO,,,Ludhiana,Punjab,30.857824,75.483991
Punjab,Raowal BO,,,Ludhiana,Punjab,30.907153,75.534948
Punjab,Sadarpura BO,,,Ludhiana,Punjab,30.902947,75.467244
Punjab,Bodalwala BO,,,Ludhiana,Punjab,30.836713,75.477438
Punjab,Bharowal BO,,,Ludhiana,Punjab,31.394128,75.074256
Punjab,New Rajguru Nagar BO,,,Ludhiana,Punjab,30.877874,75.780026
Punjab,Bahomajra BO,,,Ludhiana,Punjab,30.716863,76.182878
Punjab,Bhamaddi BO,,,Ludhiana,Punjab,30.716109,76.145041
Punjab,Butaheri BO,,,Ludhiana,Punjab,30.681861,75.82877
Punjab,Bowani BO,,,Ludhiana,Punjab,30.762707,75.984784
Punjab,Doburji BO,,,Ludhiana,Punjab,30.77938,75.95721
Punjab,Jaspalon BO,,,Ludhiana,Punjab,30.786001,76.081976
Punjab,Ghangas BO,,,Ludhiana,Punjab,30.732413,75.93326
Punjab,Jassowal BO,,,Ludhiana,Punjab,30.793602,75.598985
Punjab,Sarih BO,,,Ludhiana,Punjab,31.139843,75.558238
Punjab,Maksudran BO,,,Ludhiana,Punjab,30.736708,76.013453
Punjab,Rukanpura BO,,,Fazilka,Punjab,30.9265616,74.6135151
Punjab,Aslamwala BO,,,Fazilka,Punjab,30.54705,74.596
Punjab,Bahawal Bassi BO,,,Fazilka,Punjab,30.1576,74.33157
Punjab,Bhungal BO,,,Fazilka,Punjab,30.9265596,74.6135171
Punjab,Kundal BO,,,Fazilka,Punjab,30.215825,74.2687424
Punjab,Mallukpur BO,,,Fazilka,Punjab,30.9265616,74.6135151
Punjab,Ramgarh BO,,,Fazilka,Punjab,30.9265596,74.6135171
Punjab,Dhira Patra BO,,,Firozepur,Punjab,30.99155,74.6133
Punjab,Fatttuwala BO,,,Firozepur,Punjab,30.99155,74.6133
Punjab,Chimnewala BO,,,Fazilka,Punjab,30.403731,74.025533
Punjab,Hasta Kalan BO,,,Fazilka,Punjab,30.37395,74.03525
Punjab,Jandwala Kharta BO,,,Fazilka,Punjab,30.6413719,74.4063861
Punjab,Jaurki Andhewali BO,,,Fazilka,Punjab,30.37395,74.03525
Punjab,Mauzam BO,,,Fazilka,Punjab,30.403727,74.025537
Punjab,Rana BO,,,Fazilka,Punjab,30.403725,74.025539
Punjab,Sabuana BO,,,Fazilka,Punjab,30.403728,74.025536
Punjab,Chak Haraj BO,,,Firozepur,Punjab,31.00523,74.59755
Punjab,Dulchike BO,,,Firozepur,Punjab,31.00523,74.59755
Punjab,Jhok Tehal Singh BO,,,Firozepur,Punjab,31.00523,74.59755
Punjab,Ghall Khurd BO,,,Firozepur,Punjab,30.7456,75.30656
Punjab,Kalal Majra BO,,,Ludhiana,Punjab,30.566094,75.552416
Punjab,Kotla Bhari BO,,,Ludhiana,Punjab,30.753943,76.293527
Punjab,Goslan BO,,,Ludhiana,Punjab,30.767668,76.283823
Punjab,Sahibana BO,,,Ludhiana,Punjab,30.897719,75.971724
Punjab,Bhagwanpura BO,,,Ludhiana,Punjab,29.941096,77.812426
Punjab,Bharthala BO,,,Ludhiana,Punjab,30.857693,76.171853
Punjab,Bondli BO,,,Ludhiana,Punjab,30.836281,76.214596
Punjab,Dhindsa BO,,,Ludhiana,Punjab,30.425324,76.535095
Punjab,Neelon Kalan BO,,,Ludhiana,Punjab,30.852261,76.118586
Punjab,Ballowal BO,,,Ludhiana,Punjab,30.770893,75.747324
Punjab,Chakohi BO,,,Ludhiana,Punjab,30.700591,76.138772
Punjab,Nasrali BO,,,Ludhiana,Punjab,30.661603,76.084151
Punjab,Govt Seed Form BO,,,Fazilka,Punjab,30.14,74.2
Punjab,Jhurar Khera BO,,,Fazilka,Punjab,30.01,74.13
Punjab,Kandwala Amarkot BO,,,Fazilka,Punjab,30.06,74.16
Punjab,Dharampur BO,,,Hoshiarpur,Punjab,30.14,75.18
Punjab,Behbalmanj BO,,,Hoshiarpur,Punjab,32.02,75.61
Punjab,Jandwal BO,,,Hoshiarpur,Punjab,32.05,75.61
Punjab,Mehtabpur BO,,,Hoshiarpur,Punjab,31.59,75.88
Punjab,Hussain Pur Lalowal BO,,,Hoshiarpur,Punjab,31.3,75.33
Punjab,Itanwali BO,,,Firozepur,Punjab,30.918108,74.616134
Punjab,Karmuwala BO,,,Firozepur,Punjab,30.918109,74.616133
Punjab,Chhanga Rai Uttar BO,,,Firozepur,Punjab,30.6863,74.38541
Punjab,Datta BO,,,Moga,Punjab,30.92545,75.32885
Punjab,Talwandi Mallian BO,,,Moga,Punjab,30.90989,74.1386607
Punjab,Lohgarh BO,,,Moga,Punjab,30.9290353,75.261632
Punjab,Pandori Arian BO,,,Moga,Punjab,30.94345,75.2365
Punjab,Kamaal Ke BO,,,Moga,Punjab,30.93,75.23
Punjab,Varoke BO,,,Moga,Punjab,30.78605,75.205
Punjab,Raunta BO,,,Moga,Punjab,30.5601446,75.1924695
Punjab,Dhalleke BO,,,Moga,Punjab,30.9893805,74.8585625
Punjab,Ransih Khurd BO,,,Moga,Punjab,30.57603,75.2785
Punjab,Takhtupura BO,,,Moga,Punjab,30.5905802,75.3067038
Punjab,Didarewala BO,,,Moga,Punjab,30.6024453,75.2055956
Punjab,Budh Singh Wala BO,,,Moga,Punjab,30.70515,75.03696
Punjab,Chand Nau BO,,,Moga,Punjab,30.86255,75.1945
Punjab,Tarewala BO,,,Moga,Punjab,30.7789065,75.1486355
Punjab,Bharthala Randhawa BO,,,Ludhiana,Punjab,30.569922,76.078307
Punjab,Jargari BO,,,Ludhiana,Punjab,30.634941,76.033389
Punjab,Sirthala BO,,,Ludhiana,Punjab,30.59675,76.05152
Punjab,Nanowal Kalan BO,,,Ludhiana,Punjab,31.852939,75.499644
Punjab,Jandiali BO,,,Ludhiana,Punjab,31.216609,75.629537
Punjab,Barundi BO,,,Ludhiana,Punjab,30.666999,75.724065
Punjab,Punjgarain BO,,,Ludhiana,Punjab,31.15889,75.565515
Punjab,Takhran BO,,,Ludhiana,Punjab,30.884555,76.13417
Punjab,Mehma Singh Wala BO,,,Ludhiana,Punjab,30.749327,75.787292
Punjab,Begowal BO,,,Ludhiana,Punjab,31.61009,75.520829
Punjab,Kubba BO,,,Ludhiana,Punjab,30.834016,76.089951
Punjab,Muskabad BO,,,Ludhiana,Punjab,30.865993,76.229082
Punjab,Otalan BO,,,Ludhiana,Punjab,30.816728,76.196486
Punjab,Nandpur BO,,,Ludhiana,Punjab,30.700901,76.50402
Punjab,Tibba BO,,,Ludhiana,Punjab,31.311716,75.210711
Punjab,Jhamat BO,,,Ludhiana,Punjab,30.904886,75.744767
Punjab,Kikar Khera BO,,,Fazilka,Punjab,30.08,74.17
Punjab,Dabwala Kalan BO,,,Fazilka,Punjab,30.54705,74.596
Punjab,Dhippanwali BO,,,Fazilka,Punjab,30.54705,74.596
Punjab,Ghattianwali Jattan BO,,,Fazilka,Punjab,30.54705,74.596
Punjab,Mullianwali BO,,,Fazilka,Punjab,30.403732,74.025532
Punjab,Pakkan BO,,,Fazilka,Punjab,30.403727,74.025537
Punjab,Tahliwal Bodla BO,,,Fazilka,Punjab,30.54705,74.596
Punjab,Dhab Kokerian BO,,,Fazilka,Punjab,30.1576,74.33157
Punjab,Jodhpur BO,,,Fazilka,Punjab,30.9265596,74.6135171
Punjab,Palla Megha BO,,,Firozepur,Punjab,31.00523,74.59755
Punjab,Machhi Bugra BO,,,Firozepur,Punjab,30.7456,75.30656
Punjab,Ratta Khera Pb Singh BO,,,Firozepur,Punjab,30.7456,75.30656
Punjab,Shahzadi BO,,,Firozepur,Punjab,30.848204,74.7775858
Punjab,Ferozepur Kalan BO,,,Pathankot,Punjab,32.33,75.58
Punjab,Lahri Gujran BO,,,Pathankot,Punjab,32.19,75.49
Punjab,Parmanand BO,,,Pathankot,Punjab,32.17,75.5
Punjab,Sahaura Khurd BO,,,Pathankot,Punjab,32.25,75.48
Punjab,Baddi Jhallian BO,,,Rupnagar,Punjab,30.692051,76.69841
Punjab,Bhairon Majra BO,,,Rupnagar,Punjab,30.9666111,76.3715277
Punjab,Jandbari BO,,,Rupnagar,Punjab,30.9666111,76.3715277
Punjab,Gardley BO,,,Rupnagar,Punjab,30.9666111,76.3715277
Punjab,Bassi Gujran BO,,,Rupnagar,Punjab,30.9666111,76.3715277
Punjab,Sukhshal BO,,,Rupnagar,Punjab,30.9666111,76.3715277
Punjab,Mangewal BO,,,Rupnagar,Punjab,30.9666111,76.3715277
Punjab,Nangal Sirsa BO,,,Rupnagar,Punjab,30.9666111,76.3715277
Punjab,Kainaur BO,,,Rupnagar,Punjab,30.9666111,76.3715277
Punjab,Makrauna Kalan BO,,,Rupnagar,Punjab,30.9666111,76.3715277
Punjab,Chak Bahi Ke BO,,,Ludhiana,Punjab,30.583021,75.50292
Punjab,Sheikh Daulat BO,,,Ludhiana,Punjab,30.869129,75.437379
Punjab,Attiana BO,,,Ludhiana,Punjab,30.752087,75.858119
Punjab,Burj Hakima BO,,,Ludhiana,Punjab,30.688635,75.665902
Punjab,Nurpur BO,,,Ludhiana,Punjab,32.300134,75.885346
Punjab,Bassian Bet BO,,,Ludhiana,Punjab,30.900198,75.622264
Punjab,Roomi BO,,,Ludhiana,Punjab,30.727489,75.511656
Punjab,Ghuman BO,,,Ludhiana,Punjab,31.989502,75.045052
Punjab,Hamaunpura BO,,,Ludhiana,Punjab,28.89904,76.814214
Punjab,Balbawa BO,,,Amritsar,Punjab,31.84,74.94
Punjab,Kasail BO,,,Amritsar,Punjab,31.54,74.75
Punjab,Kathania BO,,,Amritsar,Punjab,31.62,74.77
Punjab,Khaper Kheri BO,,,Amritsar,Punjab,31.6,74.8
Punjab,Brar BO,,,Amritsar,Punjab,31.67,74.68
Punjab,Chawinda BO,,,Amritsar,Punjab,32.00115,75.2
Punjab,Khiala Kalan BO,,,Amritsar,Punjab,31.67,74.71
Punjab,Manawala BO,,,Amritsar,Punjab,31.74,74.69
Punjab,Bhindi Saydan BO,,,Amritsar,Punjab,31.81,74.63
Punjab,Sarangra BO,,,Amritsar,Punjab,31.71,74.57
Punjab,Samana Kalan BO,,,Rupnagar,Punjab,30.692051,76.69841
Punjab,Behrampur Zimidari BO,,,Rupnagar,Punjab,30.692051,76.69841
Punjab,Singh Bhagwantpur BO,,,Rupnagar,Punjab,30.692051,76.69841
Punjab,Dhangrali BO,,,Rupnagar,Punjab,30.692051,76.69841
Punjab,Saheri BO,,,Rupnagar,Punjab,30.692051,76.69841
Punjab,Tajpura BO,,,Rupnagar,Punjab,30.692051,76.69841
Punjab,Nangal Nikku BO,,,Rupnagar,Punjab,30.692051,76.69841
Punjab,Chanauli BO,,,Rupnagar,Punjab,30.9666111,76.3715277
Punjab,Kahanpur Khui,,,Rupnagar,Punjab,30.9666111,76.3715277
Punjab,Bandelhari BO,,,Rupnagar,Punjab,30.692051,76.69841
Punjab,Bajrur BO,,,Rupnagar,Punjab,30.692051,76.69841
Punjab,Bhaowal BO,,,Rupnagar,Punjab,30.692051,76.69841
Punjab,Pabhat BO,,,S.A.S Nagar,Punjab,30.692051,76.69841
Punjab,Bajheri BO,,,S.A.S Nagar,Punjab,30.9666111,76.3715277
Punjab,Garangan BO,,,S.A.S Nagar,Punjab,30.9666111,76.3715277
Punjab,Roorkee Pukhta BO,,,S.A.S Nagar,Punjab,30.9666111,76.3715277
Punjab,Tewar BO,,,S.A.S Nagar,Punjab,30.9666111,76.3715277
Punjab,Burmajra BO,,,S.A.S Nagar,Punjab,30.9666111,76.3715277
Punjab,Sahauran BO,,,S.A.S Nagar,Punjab,30.9666111,76.3715277
Punjab,Sihon Majra BO,,,S.A.S Nagar,Punjab,30.9666111,76.3715277
Punjab,Sotal BO,,,S.A.S Nagar,Punjab,30.9666111,76.3715277
Punjab,Machhlikalan BO,,,S.A.S Nagar,Punjab,30.9666111,76.3715277
Punjab,Dhurali BO,,,S.A.S Nagar,Punjab,30.692051,76.69841
Punjab,Raipur Kalan BO,,,S.A.S Nagar,Punjab,30.9666111,76.69841
Punjab,Jayanti Devi BO,,,S.A.S Nagar,Punjab,30.692051,76.69841
Punjab,Bharowal BO,,,Tarn Taran,Punjab,31.44645,74.94355
Punjab,Kokri Wehniwal BO,,,Moga,Punjab,30.92545,75.32885
Punjab,Nurpur Hakkiman BO,,,Moga,Punjab,30.94345,75.2365
Punjab,Dholewala BO,,,Moga,Punjab,30.934188,75.225005
Punjab,Jalalabad East BO,,,Moga,Punjab,30.94345,75.2365
Punjab,Kaila BO,,,Moga,Punjab,30.9744817,75.223835
Punjab,Surapur BO,,,Shahid Bhagat Singh Nagar,Punjab,31.1869,75.9922
Punjab,Chahal Kalan BO,,,Shahid Bhagat Singh Nagar,Punjab,31.1186,75.9558
Punjab,Hakimpur BO,,,Shahid Bhagat Singh Nagar,Punjab,31.1186,75.9558
Punjab,Purane Wala BO,,,Moga,Punjab,30.85355,75.32305
Punjab,Dosanjh BO,,,Moga,Punjab,30.86255,75.1945
Punjab,Landeke BO,,,Moga,Punjab,30.86255,75.1945
Punjab,Dhurkot Ransih BO,,,Moga,Punjab,30.57603,75.2785
Punjab,Gaziana BO,,,Moga,Punjab,30.57603,75.2785
Punjab,Madheke BO,,,Moga,Punjab,30.57603,75.2785
Punjab,Jaimal Wala BO,,,Moga,Punjab,30.86255,75.1945
Punjab,Charik BO,,,Moga,Punjab,30.86255,75.1945
Punjab,Singhe Wala BO,,,Moga,Punjab,30.86255,75.1945
Punjab,Khote BO,,,Moga,Punjab,30.5705,75.2155
Punjab,Ganji Gulab Singh BO,,,Moga,Punjab,30.57719,75.07864
Punjab,Kotla Rai Ka BO,,,Moga,Punjab,30.5450048,76.5986547
Punjab,Maur Nau Abad BO,,,Moga,Punjab,30.57719,75.07864
Punjab,Tharaj BO,,,Moga,Punjab,30.5429558,75.107006
Punjab,Alamgarh BO,,,Fazilka,Punjab,30.12,74.16
Punjab,Burj Mohar BO,,,Fazilka,Punjab,30.19,74.19
Punjab,Patti Sadiq BO,,,Fazilka,Punjab,29.99,74.11
Punjab,Ramsara BO,,,Fazilka,Punjab,30.9265596,74.6135171
Punjab,Wahabwala BO,,,Fazilka,Punjab,30.15515,74.2034
Punjab,Kandwala Hazarkhan BO,,,Fazilka,Punjab,30.1210277,74.1886181
Punjab,Tahliwala Jattan BO,,,Fazilka,Punjab,30.54705,74.596
Punjab,Bahadur Khera BO,,,Fazilka,Punjab,30.1576,74.33157
Punjab,Gobindgarh BO,,,Fazilka,Punjab,30.9265626,74.6135141
Punjab,Jhoke Harihar BO,,,Firozepur,Punjab,30.99155,74.6133
Punjab,Behak BO,,,Fazilka,Punjab,30.4,74.02
Punjab,Chak Sotrian BO,,,Fazilka,Punjab,30.37395,74.03525
Punjab,Karni Khera BO,,,Fazilka,Punjab,30.37395,74.03525
Punjab,Ladhuka BO,,,Fazilka,Punjab,30.6874503,74.3172297
Punjab,Dod RS BO,,,Firozepur,Punjab,31.00523,74.59755
Punjab,Kohar Singh Wala BO,,,Firozepur,Punjab,31.00523,74.59755
Punjab,Maste Ke BO,,,Firozepur,Punjab,31.00523,74.59755
Punjab,Khushhal Singh Wala,,,Firozepur,Punjab,30.965,74.6378
Punjab,Bhanger BO,,,Firozepur,Punjab,30.7456,75.30656
Punjab,Dhindsa BO,,,Firozepur,Punjab,30.7456,75.30656
Punjab,Piareana BO,,,Firozepur,Punjab,30.918108,75.30656
Punjab,Thethar Kalan BO,,,Firozepur,Punjab,30.7456,75.30656
Punjab,Chak Mahantan Wala BO,,,Firozepur,Punjab,30.6863,74.38541
Punjab,Ranjitgarh BO,,,Firozepur,Punjab,30.614647,74.4400957
Punjab,Bagge Ke Uttar BO,,,Fazilka,Punjab,30.56734,74.24597
Punjab,Ghubaya BO,,,Fazilka,Punjab,30.56734,74.24597
Punjab,Ladhuwala Uttar BO,,,Fazilka,Punjab,30.56734,74.24597
Punjab,Lamochar Kalan BO,,,Fazilka,Punjab,30.6,74.25
Punjab,Panje Ke Uttar BO,,,Fazilka,Punjab,30.56734,74.24597
Punjab,Khippanwali BO,,,Fazilka,Punjab,30.403732,74.025532
Punjab,Shajrana BO,,,Fazilka,Punjab,30.403729,74.025535
Punjab,Danewala BO,,,Fazilka,Punjab,30.9265606,74.6135161
Punjab,Haripura BO,,,Fazilka,Punjab,30.9265606,74.6135161
Punjab,Roop Nagar BO,,,Fazilka,Punjab,30.1417,74.01125
Punjab,Fatehgarh Sabrah BO,,,Firozepur,Punjab,31.09945,74.93417
Punjab,Pir Mohamad BO,,,Firozepur,Punjab,31.09945,74.93417
Punjab,Arif Ke BO,,,Firozepur,Punjab,30.82655,74.5765
Punjab,Malluwalia Wala BO,,,Firozepur,Punjab,30.82655,74.5765
Punjab,Dhade BO,,,Amritsar,Punjab,31.71625,75.09
Punjab,Kotli Dhole Shah BO,,,Amritsar,Punjab,31.74,75.1
Punjab,Leharka BO,,,Amritsar,Punjab,31.74,75.1
Punjab,Ram Diwali Hinduan BO,,,Amritsar,Punjab,31.7,75.05
Punjab,Madhu Chhanga BO,,,Amritsar,Punjab,31.88,74.91
Punjab,Mohan Bhandari BO,,,Amritsar,Punjab,31.86,74.91
Punjab,Sangatpura BO,,,Amritsar,Punjab,31.8,74.91
Punjab,Vachhoa BO,,,Amritsar,Punjab,31.85,74.89
Punjab,Mahal BO,,,Amritsar,Punjab,31.65,74.82
Punjab,Vanike BO,,,Amritsar,Punjab,32.00115,75.23
Punjab,Ranian BO,,,Amritsar,Punjab,31.7,74.51
Punjab,Rani Majra BO,,,S.A.S Nagar,Punjab,30.692051,76.69841
Punjab,Manakpur Sharif BO,,,S.A.S Nagar,Punjab,30.692051,76.69841
Punjab,Hawas BO,,,Ludhiana,Punjab,30.96,75.95
Punjab,Khwajke BO,,,Ludhiana,Punjab,30.96,75.92
Punjab,Lodhowal BO,,,Ludhiana,Punjab,30.98,75.79
Punjab,Panjawa BO,,,Sri Muktsar Sahib,Punjab,30.060956,74.612824
Punjab,Sikh Wala BO,,,Sri Muktsar Sahib,Punjab,30.0665,74.61906
Punjab,Jhingran BO,,,Shahid Bhagat Singh Nagar,Punjab,31.1186,75.9558
Punjab,Kamam BO,,,Shahid Bhagat Singh Nagar,Punjab,31.1343,76.046
Punjab,Pandori BO,,,Kapurthala,Punjab,31.2587,75.8292
Punjab,Singhewala BO,,,Sri Muktsar Sahib,Punjab,30.060959,74.612821
Punjab,Chappianwali BO,,,Sri Muktsar Sahib,Punjab,30.1891849,74.505304
Punjab,Dabwali Rahurianwali BO,,,Sri Muktsar Sahib,Punjab,30.23285,74.45763
Punjab,Virk Khera BO,,,Sri Muktsar Sahib,Punjab,30.8642113,75.5524057
Punjab,Lakhewali BO,,,Sri Muktsar Sahib,Punjab,30.468448,74.51747
Punjab,Lubanianwali BO,,,Sri Muktsar Sahib,Punjab,30.5431,74.45196
Punjab,Udekaran BO,,,Sri Muktsar Sahib,Punjab,30.4952966,74.5492496
Punjab,Bhaloor BO,,,Moga,Punjab,30.666707,74.749993
Punjab,Chak Duhe Wala BO,,,Sri Muktsar Sahib,Punjab,30.36775,74.46007
Punjab,Chak Gilze Wala BO,,,Sri Muktsar Sahib,Punjab,30.36775,74.46007
Punjab,Dhaula Kingra BO,,,Sri Muktsar Sahib,Punjab,30.0665,74.47692
Punjab,Ghanianwala BO,,,Faridkot,Punjab,30.4170762,75.0326278
Punjab,Momara BO,,,Faridkot,Punjab,30.14212,75.18981
Punjab,Ghaloti BO,,,Moga,Punjab,30.8164673,75.1717023
Punjab,Karahewala BO,,,Moga,Punjab,31.051566,75.061892
Delhi NCR,Bigraou BO,,,Bulandshahr,Uttar Pradesh,28.5902528,78.0737511
Delhi NCR,Barhpura BO,,,Bulandshahr,Uttar Pradesh,28.4440078,78.1763937
Delhi NCR,Darawer BO,,,Bulandshahr,Uttar Pradesh,28.4675614,78.210386
Delhi NCR,Narsena BO,,,Bulandshahr,Uttar Pradesh,28.4768525,78.2154108
Delhi NCR,Shikoi BO,,,Bulandshahr,Uttar Pradesh,28.4229575,78.222742
Delhi NCR,Bhatwara BO,,,Bulandshahr,Uttar Pradesh,28.2877164,77.9024219
Delhi NCR,Seekri BO,,,Bulandshahr,Uttar Pradesh,28.2408839,77.8102827
Delhi NCR,Bagrai  Khurd BO,,,Bulandshahr,Uttar Pradesh,28.2468572,77.8951692
Delhi NCR,Shahbaz Pur BO,,,Bulandshahr,Uttar Pradesh,28.2149073,77.9312181
Delhi NCR,Bada Gaon BO,,,Bulandshahr,Uttar Pradesh,28.2041357,77.9053182
Delhi NCR,Kirra BO,,,Bulandshahr,Uttar Pradesh,28.2837971,77.8647025
Delhi NCR,Pindrawal BO,,,Bulandshahr,Uttar Pradesh,28.1131334,78.1976795
Delhi NCR,Sahar BO,,,Bulandshahr,Uttar Pradesh,28.1037078,78.115797
Delhi NCR,Tyore  Buzurg BO,,,Bulandshahr,Uttar Pradesh,28.0960939,78.1586185
Delhi NCR,Bhikampur BO,,,Bulandshahr,Uttar Pradesh,28.2034036,78.1250848
Delhi NCR,Chehla BO,,,Bulandshahr,Uttar Pradesh,28.2675696,78.1835179
Delhi NCR,Indoure  Khera BO,,,Bulandshahr,Uttar Pradesh,28.2487474,78.2108116
Delhi NCR,Keeratpur BO,,,Bulandshahr,Uttar Pradesh,28.1762522,78.142147
Delhi NCR,Muradpur BO,,,Bulandshahr,Uttar Pradesh,28.2179203,78.1592935
Delhi NCR,Poothery  Kalan BO,,,Bulandshahr,Uttar Pradesh,28.2620537,78.1365251
Delhi NCR,Runsi BO,,,Bulandshahr,Uttar Pradesh,28.2006323,78.1592935
Delhi NCR,Dogawan BO,,,Bulandshahr,Uttar Pradesh,28.2233561,78.3216329
Punjab,Fatehpur Minian BO,,,Sri Muktsar Sahib,Punjab,30.0665,74.47692
Punjab,Kuttianwali BO,,,Sri Muktsar Sahib,Punjab,30.0665,74.47692
Delhi NCR,Pilkhana BO,,,Bulandshahr,Uttar Pradesh,28.1968096,78.3311003
Delhi NCR,Uamrara BO,,,Bulandshahr,Uttar Pradesh,28.1591518,78.2974577
Delhi NCR,Gwarauly BO,,,Bulandshahr,Uttar Pradesh,28.1708235,77.9480838
Delhi NCR,Nagliya  Udaibhan BO,,,Bulandshahr,Uttar Pradesh,28.1698966,77.9364538
Delhi NCR,Raipur Palda BO,,,Bulandshahr,Uttar Pradesh,28.2292387,77.9595422
Delhi NCR,Rampur  Manpur BO,,,Bulandshahr,Uttar Pradesh,28.2369519,77.9825449
Delhi NCR,Sonda  Habibpur BO,,,Bulandshahr,Uttar Pradesh,28.1886975,77.7968072
Delhi NCR,Kunwarpur BO,,,Bulandshahr,Uttar Pradesh,28.1799595,78.1060552
Delhi NCR,Lalner BO,,,Bulandshahr,Uttar Pradesh,28.2212414,78.0621686
Delhi NCR,Jargawan BO,,,Bulandshahr,Uttar Pradesh,28.1259267,78.3831167
Delhi NCR,Lalkuan BO,,,Bulandshahr,Uttar Pradesh,28.4059108,77.8609979
Delhi NCR,Mirjapur BO,,,Bulandshahr,Uttar Pradesh,28.3860014,77.8901481
Delhi NCR,Mukeempur BO,,,Bulandshahr,Uttar Pradesh,28.3607401,77.9167985
Delhi NCR,Ghunghraoli Banwaripur BO,,,Bulandshahr,Uttar Pradesh,28.3360332,77.899604
Delhi NCR,Luharaly Ludhiyana BO,,,Bulandshahr,Uttar Pradesh,28.4897402,77.866888
Delhi NCR,Dhamraoli BO,,,Bulandshahr,Uttar Pradesh,28.3356615,77.8373622
Delhi NCR,Malakpur BO,,,Bulandshahr,Uttar Pradesh,28.3381821,78.2006142
Delhi NCR,Parly BO,,,Bulandshahr,Uttar Pradesh,28.22,77.96
Delhi NCR,Roopwas BO,,,Bulandshahr,Uttar Pradesh,28.3190473,78.2330182
Delhi NCR,Siraura Bangar BO,,,Bulandshahr,Uttar Pradesh,28.4133114,78.2533102
Delhi NCR,Surajpur  Makhena BO,,,Bulandshahr,Uttar Pradesh,28.2894547,78.2503795
Delhi NCR,Banhpur BO,,,Bulandshahr,Uttar Pradesh,28.6869421,77.9668774
Delhi NCR,Benipur BO,,,Bulandshahr,Uttar Pradesh,28.6730275,77.9710098
Delhi NCR,Kuchesar BO,,,Bulandshahr,Uttar Pradesh,28.685364,77.9400801
Delhi NCR,Lad Pur BO,,,Bulandshahr,Uttar Pradesh,28.6902015,78.0024134
Delhi NCR,Madona Jafara Bad BO,,,Bulandshahr,Uttar Pradesh,28.6113496,77.952032
Delhi NCR,Sathala BO,,,Bulandshahr,Uttar Pradesh,28.6327833,77.9867127
Delhi NCR,Barhana BO,,,Bulandshahr,Uttar Pradesh,28.5873857,78.1393146
Delhi NCR,Bharkau BO,,,Bulandshahr,Uttar Pradesh,28.5558616,78.1236592
Delhi NCR,Asawar BO,,,Bulandshahr,Uttar Pradesh,28.5875371,77.8510213
Delhi NCR,Til BegumPur BO,,,Bulandshahr,Uttar Pradesh,28.4767528,77.6374978
Delhi NCR,Darora BO,,,Bulandshahr,Uttar Pradesh,28.5481499,78.3004188
Delhi NCR,Guraoli BO,,,Bulandshahr,Uttar Pradesh,28.4684649,78.0624103
Delhi NCR,Jakheta BO,,,Bulandshahr,Uttar Pradesh,28.3408665,78.0509282
Punjab,Sheikhupur BO,,,Jalandhar,Punjab,31.0855,75.9167
Delhi NCR,Dabka BO,,,Meerut,Uttar Pradesh,29.02,77.65
Delhi NCR,Phalauda BO,,,Meerut,Uttar Pradesh,29.19,77.83
Delhi NCR,Kastla Shamshernagar BO,,,Meerut,Uttar Pradesh,29.0187,77.83191
Punjab,Mahuana BO,,,Sri Muktsar Sahib,Punjab,30.060956,74.612824
Punjab,Badhni Khurd BO,,,Moga,Punjab,30.68715,75.3063
Punjab,Mour Sohag BO,,,Faridkot,Punjab,30.54205,74.78335
Punjab,Sivian BO,,,Faridkot,Punjab,30.666706,74.749994
Punjab,Bihle Wala BO,,,Faridkot,Punjab,30.6740961,74.600503
Punjab,Deep Singh Wala BO,,,Faridkot,Punjab,30.14212,75.18981
Punjab,Machaki Kalan BO,,,Faridkot,Punjab,30.14212,75.18981
Punjab,Dhimanwali BO,,,Faridkot,Punjab,30.581829,74.832054
Punjab,Machaki Mal Singh BO,,,Faridkot,Punjab,30.6185,74.7489
Punjab,Sikhanwala BO,,,Faridkot,Punjab,30.6391,74.8295
Punjab,Wander Jatana BO,,,Faridkot,Punjab,30.6185,74.7489
Delhi NCR,Rajpura BO,,,Meerut,Uttar Pradesh,29.01,77.77
Delhi NCR,Abdullapur BO,,,Meerut,Uttar Pradesh,28.9907,77.76523
Delhi NCR,Incholi BO,,,Meerut,Uttar Pradesh,29.05,77.81
Delhi NCR,Chaubli BO,,,Baghpat,Uttar Pradesh,29.12,77.21
Delhi NCR,Gurana BO,,,Baghpat,Uttar Pradesh,29.0814,77.29761
Delhi NCR,Basaudh BO,,,Baghpat,Uttar Pradesh,28.98268,77.3246
Delhi NCR,Daula BO,,,Baghpat,Uttar Pradesh,28.95647,77.3312
Delhi NCR,Garhi BO,,,Baghpat,Uttar Pradesh,28.99,77.29
Delhi NCR,Tera BO,,,Baghpat,Uttar Pradesh,29.02604,77.3586
Delhi NCR,Bijrol BO,,,Baghpat,Uttar Pradesh,29.12,77.31
Delhi NCR,Barnawa BO,,,Baghpat,Uttar Pradesh,29.11,77.43
Delhi NCR,Chandyan BO,,,Baghpat,Uttar Pradesh,29.14,77.42
Delhi NCR,Badarkha BO,,,Baghpat,Uttar Pradesh,29.19,77.15
Delhi NCR,Jatpura BO,,,Bulandshahr,Uttar Pradesh,28.4133835,78.1799558
Delhi NCR,Raghunathpur BO,,,Bulandshahr,Uttar Pradesh,28.5154797,78.1225829
Delhi NCR,Sonjhana Jhaya BO,,,Bulandshahr,Uttar Pradesh,28.5067162,78.0395149
Delhi NCR,Katiyawali BO,,,Bulandshahr,Uttar Pradesh,28.3465397,78.1377697
Delhi NCR,Khelia Kalyanpur BO,,,Bulandshahr,Uttar Pradesh,28.2987068,78.1279359
Delhi NCR,Mundi Bakapur BO,,,Bulandshahr,Uttar Pradesh,28.5238993,77.9581602
Delhi NCR,Nimchana BO,,,Bulandshahr,Uttar Pradesh,28.5519533,77.9024611
Delhi NCR,Parwana BO,,,Bulandshahr,Uttar Pradesh,28.4828941,78.0008053
Delhi NCR,Sega Jagatpur BO,,,Bulandshahr,Uttar Pradesh,28.5789625,77.959231
Delhi NCR,Parsol BO,,,Gautam Buddha Nagar,Uttar Pradesh,28.3048341,77.5991821
Delhi NCR,Chiti BO,,,Gautam Buddha Nagar,Uttar Pradesh,28.4191078,77.6598215
Delhi NCR,Rasool pur  Rithaury BO,,,Gautam Buddha Nagar,Uttar Pradesh,28.3482661,77.7402009
Delhi NCR,Wair BO,,,Gautam Buddha Nagar,Uttar Pradesh,28.34503,77.6985059
Delhi NCR,Bilaspur BO,,,Gautam Buddha Nagar,Uttar Pradesh,28.391959,77.6237131
Delhi NCR,Bhunna  Jattan BO,,,Gautam Buddha Nagar,Uttar Pradesh,28.1543465,77.7256965
Delhi NCR,Chingrawly BO,,,Gautam Buddha Nagar,Uttar Pradesh,28.2175582,77.6956558
Delhi NCR,Firoujpur BO,,,Gautam Buddha Nagar,Uttar Pradesh,28.1704641,77.7536344
Delhi NCR,Hasanpur BO,,,Gautam Buddha Nagar,Uttar Pradesh,28.1933878,77.6751422
Delhi NCR,Mangrauli BO,,,Gautam Buddha Nagar,Uttar Pradesh,28.1143447,77.5882387
Delhi NCR,Sabota Zafrabad BO,,,Gautam Buddha Nagar,Uttar Pradesh,28.1478382,77.5786256
Delhi NCR,Mahmoodpur Jadon BO,,,Gautam Buddha Nagar,Uttar Pradesh,28.2596723,77.6344156
Delhi NCR,Salempur  Jat BO,,,Gautam Buddha Nagar,Uttar Pradesh,28.3159798,77.6846265
Delhi NCR,Wailana BO,,,Gautam Buddha Nagar,Uttar Pradesh,28.3081212,77.6380205
Delhi NCR,Ahamedpur  Chauroli BO,,,Gautam Buddha Nagar,Uttar Pradesh,28.119833,77.6207256
Delhi NCR,Runhera BO,,,Gautam Buddha Nagar,Uttar Pradesh,28.1825696,77.6269912
Delhi NCR,Sehra BO,,,Bulandshahr,Uttar Pradesh,28.6357042,77.9192453
Delhi NCR,Gajipur BO,,,Bulandshahr,Uttar Pradesh,28.5051425,77.7184205
Delhi NCR,Ishmail Pur BO,,,Bulandshahr,Uttar Pradesh,28.4652911,77.7547636
Delhi NCR,Kanwra BO,,,Bulandshahr,Uttar Pradesh,28.482394,77.7065554
Delhi NCR,Doulatpur   Kala BO,,,Bulandshahr,Uttar Pradesh,28.5340586,78.1535928
Delhi NCR,Ghungharwaly BO,,,Bulandshahr,Uttar Pradesh,28.5626624,78.1693124
Delhi NCR,Muni BO,,,Bulandshahr,Uttar Pradesh,28.1141176,77.9342651
Delhi NCR,Roop  Wash Pachgain BO,,,Bulandshahr,Uttar Pradesh,28.3109549,77.7983951
Delhi NCR,Agaura  Hameerpur BO,,,Bulandshahr,Uttar Pradesh,28.2199539,77.9131747
Delhi NCR,Jawal BO,,,Bulandshahr,Uttar Pradesh,28.1596436,77.8847408
Delhi NCR,Choundhera BO,,,Bulandshahr,Uttar Pradesh,28.1525732,78.1725784
Delhi NCR,Dangarh BO,,,Bulandshahr,Uttar Pradesh,28.1673866,78.2077368
Delhi NCR,Satwara BO,,,Bulandshahr,Uttar Pradesh,28.285619,78.173604
Delhi NCR,Karanbash BO,,,Bulandshahr,Uttar Pradesh,28.2669675,78.3247089
Delhi NCR,Kaser  Kalan BO,,,Bulandshahr,Uttar Pradesh,28.1976239,78.284583
Delhi NCR,Kaser  Khurd BO,,,Bulandshahr,Uttar Pradesh,28.2015574,78.2940673
Delhi NCR,Asgarpur BO,,,Bulandshahr,Uttar Pradesh,28.2015952,77.8452158
Delhi NCR,Nangal BO,,,Baghpat,Uttar Pradesh,29.25817,77.1633
Delhi NCR,Rathaura BO,,,Baghpat,Uttar Pradesh,29.20856,77.2096
Delhi NCR,Hisawda BO,,,Baghpat,Uttar Pradesh,28.97,77.36
Delhi NCR,Khatta Prahladpur BO,,,Baghpat,Uttar Pradesh,28.91,77.32
Delhi NCR,Lalyana BO,,,Baghpat,Uttar Pradesh,28.85889,77.3905
Delhi NCR,Bharal BO,,,Baghpat,Uttar Pradesh,29.22294,77.4298
Delhi NCR,Jhundpur BO,,,Baghpat,Uttar Pradesh,29.18553,77.4577
Delhi NCR,Kanhar BO,,,Baghpat,Uttar Pradesh,29.18858,77.3919
Delhi NCR,Muzaffarpur Kanwara BO,,,Baghpat,Uttar Pradesh,29.17905,77.4267
Delhi NCR,Pusar BO,,,Baghpat,Uttar Pradesh,29.16627,77.3831
Delhi NCR,Daha BO,,,Baghpat,Uttar Pradesh,29.20254,77.411
Delhi NCR,Bhagot BO,,,Baghpat,Uttar Pradesh,28.8047,77.35886
Delhi NCR,Fakharpur BO,,,Baghpat,Uttar Pradesh,28.8402,77.29751
Delhi NCR,Garhi Kalanjiri BO,,,Baghpat,Uttar Pradesh,28.7869,77.39331
Delhi NCR,Khera Hatana BO,,,Baghpat,Uttar Pradesh,29.0451,77.18598
Delhi NCR,Gangnauli BO,,,Baghpat,Uttar Pradesh,29.20414,77.3275
Punjab,Badal BO,,,Sri Muktsar Sahib,Punjab,30.0889272,74.6515554
Punjab,Banwala BO,,,Sri Muktsar Sahib,Punjab,30.0665,74.61906
Punjab,Bhitti Wala BO,,,Sri Muktsar Sahib,Punjab,30.0665,74.61906
Punjab,Mehna BO,,,Sri Muktsar Sahib,Punjab,30.060954,74.612826
Punjab,Bhagwanpura BO,,,Sri Muktsar Sahib,Punjab,30.23285,74.45763
Delhi NCR,Jawan BO,,,Gautam Buddha Nagar,Uttar Pradesh,28.1363721,77.7045822
Delhi NCR,Lodana BO,,,Gautam Buddha Nagar,Uttar Pradesh,28.1225203,77.7256536
Delhi NCR,Narmohamadpur BO,,,Gautam Buddha Nagar,Uttar Pradesh,28.203751,77.72089
Delhi NCR,Ram  Garhi BO,,,Gautam Buddha Nagar,Uttar Pradesh,28.1644865,77.7695131
Delhi NCR,Shahpur  Kala BO,,,Gautam Buddha Nagar,Uttar Pradesh,28.1375831,77.7488279
Delhi NCR,Dayanatpur BO,,,Gautam Buddha Nagar,Uttar Pradesh,28.1738594,77.5762331
Delhi NCR,Banchaoli BO,,,Gautam Buddha Nagar,Uttar Pradesh,28.3401187,77.7617025
Delhi NCR,Bichhat Sujanpur BO,,,Gautam Buddha Nagar,Uttar Pradesh,28.2657201,77.7252244
Delhi NCR,Biraundi Tajpur BO,,,Gautam Buddha Nagar,Uttar Pradesh,28.3573828,77.7779674
Delhi NCR,Ronija BO,,,Gautam Buddha Nagar,Uttar Pradesh,28.275041,77.560509
Delhi NCR,Tirthaly BO,,,Gautam Buddha Nagar,Uttar Pradesh,28.2218842,77.5856852
Delhi NCR,Bankapur BO,,,Gautam Buddha Nagar,Uttar Pradesh,28.155633,77.6470756
Delhi NCR,Chanchali BO,,,Gautam Buddha Nagar,Uttar Pradesh,28.1398159,77.6786613
Delhi NCR,Belon BO,,,Bulandshahr,Uttar Pradesh,28.1777076,78.3506488
Delhi NCR,Rampur BO,,,Bulandshahr,Uttar Pradesh,28.1616111,78.3755207
Delhi NCR,GangaGarhi BO,,,Bulandshahr,Uttar Pradesh,28.1381129,78.0921506
Delhi NCR,Chiroury BO,,,Bulandshahr,Uttar Pradesh,28.1124142,78.4097242
Punjab,Burj Sidhwan BO,,,Sri Muktsar Sahib,Punjab,30.23285,74.45763
Punjab,Bring Khera BO,,,Sri Muktsar Sahib,Punjab,30.14212,75.18981
Punjab,Middu Khera BO,,,Sri Muktsar Sahib,Punjab,30.14212,75.18981
Punjab,Ballamgarh BO,,,Sri Muktsar Sahib,Punjab,30.471323,74.501843
Punjab,Thandewala BO,,,Sri Muktsar Sahib,Punjab,30.468449,74.517469
Punjab,Badian BO,,,Sri Muktsar Sahib,Punjab,30.1891829,74.505306
Punjab,Bhullerian BO,,,Sri Muktsar Sahib,Punjab,30.1891869,74.505302
Punjab,Bhunder BO,,,Sri Muktsar Sahib,Punjab,30.189183,74.505305
Punjab,Ena Khera BO,,,Sri Muktsar Sahib,Punjab,30.4853,74.08622
Punjab,Khunan Kalan BO,,,Sri Muktsar Sahib,Punjab,30.4853,74.08622
Punjab,Mahbadhar BO,,,Sri Muktsar Sahib,Punjab,30.36775,74.46007
Punjab,Sotha BO,,,Sri Muktsar Sahib,Punjab,30.4718283,74.5122871
Delhi NCR,Guthaoli BO,,,Bulandshahr,Uttar Pradesh,28.4785373,77.863841
Delhi NCR,Naya  Gaon BO,,,Bulandshahr,Uttar Pradesh,28.4140877,77.8762006
Delhi NCR,Rangpur BO,,,Bulandshahr,Uttar Pradesh,28.3300709,77.9746055
Delhi NCR,Dhamera  Keerat BO,,,Bulandshahr,Uttar Pradesh,28.445783,77.864598
Delhi NCR,Bagsara BO,,,Bulandshahr,Uttar Pradesh,28.3056857,78.2077368
Delhi NCR,Paswasara BO,,,Bulandshahr,Uttar Pradesh,28.5148577,77.8840541
Delhi NCR,Visundhara BO,,,Bulandshahr,Uttar Pradesh,28.504176,77.896285
Delhi NCR,Chandiyana BO,,,Bulandshahr,Uttar Pradesh,28.5623121,78.1478918
Delhi NCR,Kisola BO,,,Bulandshahr,Uttar Pradesh,28.6296156,78.1044117
Delhi NCR,Baghwala BO,,,Bulandshahr,Uttar Pradesh,28.5588077,77.8510213
Delhi NCR,Bhatauna BO,,,Bulandshahr,Uttar Pradesh,28.5620216,77.7598571
Delhi NCR,Chaprawat BO,,,Bulandshahr,Uttar Pradesh,28.5375563,77.7894687
Delhi NCR,Ginora Shekh BO,,,Bulandshahr,Uttar Pradesh,28.4879297,77.8282642
Delhi NCR,Harchana BO,,,Bulandshahr,Uttar Pradesh,28.5248879,77.7938461
Delhi NCR,Isapur BO,,,Bulandshahr,Uttar Pradesh,28.5129722,77.7877521
Delhi NCR,Kurli BO,,,Bulandshahr,Uttar Pradesh,28.5450226,77.7466387
Delhi NCR,Mohana BO,,,Bulandshahr,Uttar Pradesh,28.5133046,77.7667163
Delhi NCR,Oledha BO,,,Bulandshahr,Uttar Pradesh,28.5277912,77.775135
Delhi NCR,Pitubash BO,,,Bulandshahr,Uttar Pradesh,28.4949452,77.7826881
Delhi NCR,Senta BO,,,Bulandshahr,Uttar Pradesh,28.5441161,77.8219986
Delhi NCR,Bansuri BO,,,Bulandshahr,Uttar Pradesh,28.4371845,78.0338078
Delhi NCR,Navi Nagar BO,,,Bulandshahr,Uttar Pradesh,28.4162873,78.0252466
Delhi NCR,Sankhani BO,,,Bulandshahr,Uttar Pradesh,28.4117278,78.1364889
Delhi NCR,Tauli BO,,,Bulandshahr,Uttar Pradesh,28.3791921,78.1592935
Delhi NCR,Titauta Veer BO,,,Bulandshahr,Uttar Pradesh,28.4260117,78.0669601
Delhi NCR,Amarpur BO,,,Bulandshahr,Uttar Pradesh,28.5437941,78.1052
Delhi NCR,Chathera BO,,,Bulandshahr,Uttar Pradesh,28.5013035,78.100134
Delhi NCR,Ginaura Nangali BO,,,Bulandshahr,Uttar Pradesh,28.5642157,78.0395149
Punjab,Nasirewala BO,,,Moga,Punjab,30.8164703,75.1716993
Punjab,Gargrah BO,,,Moga,Punjab,30.8164673,75.1717023
Punjab,Janer BO,,,Moga,Punjab,30.9010984,75.1596406
Delhi NCR,Nirpura BO,,,Baghpat,Uttar Pradesh,29.231,77.3979
Delhi NCR,Lohadda BO,,,Baghpat,Uttar Pradesh,29.1048,77.29055
Delhi NCR,Shahpur Badholi BO,,,Baghpat,Uttar Pradesh,29.07,77.25
Delhi NCR,Hilwari BO,,,Baghpat,Uttar Pradesh,29.06,77.28
Delhi NCR,Khwaja Nagla BO,,,Baghpat,Uttar Pradesh,29.16,77.2
Delhi NCR,Rajpur Khampur BO,,,Baghpat,Uttar Pradesh,29.06,77.19
Delhi NCR,Luhari BO,,,Baghpat,Uttar Pradesh,29.07,77.19
Delhi NCR,Malakpur BO,,,Baghpat,Uttar Pradesh,29.12,77.23
Delhi NCR,Bali BO,,,Baghpat,Uttar Pradesh,28.97,77.29
Delhi NCR,Bilochpura BO,,,Baghpat,Uttar Pradesh,29.00412,77.3385
Delhi NCR,Gwali Khera BO,,,Baghpat,Uttar Pradesh,29.01,77.34
Delhi NCR,Ram Nagar BO,,,Baghpat,Uttar Pradesh,29.02366,77.3812
Delhi NCR,Saidbhar BO,,,Baghpat,Uttar Pradesh,28.98,77.4222
Delhi NCR,Baghpat Sugar Mill BO,,,Baghpat,Uttar Pradesh,28.96,77.23
Delhi NCR,Sisana BO,,,Baghpat,Uttar Pradesh,28.94,77.22
Delhi NCR,Barwala BO,,,Baghpat,Uttar Pradesh,29.16,77.25
Delhi NCR,Gunga Kheri BO,,,Baghpat,Uttar Pradesh,29.15,77.29
Delhi NCR,Jalalpur BO,,,Baghpat,Uttar Pradesh,29.12,77.29
Delhi NCR,Johri BO,,,Baghpat,Uttar Pradesh,29.10174,77.3353
Delhi NCR,Soop BO,,,Baghpat,Uttar Pradesh,29.2,77.27
Delhi NCR,Sabga BO,,,Baghpat,Uttar Pradesh,29.1504,77.1659
Delhi NCR,Sherpur Luhari BO,,,Baghpat,Uttar Pradesh,29.16976,77.2205
Delhi NCR,Chamrawal BO,,,Baghpat,Uttar Pradesh,28.87,77.38
Delhi NCR,Azampur Mulsam BO,,,Baghpat,Uttar Pradesh,29.16771,77.42
Delhi NCR,Pali Partapur BO,,,Bulandshahr,Uttar Pradesh,28.5219371,78.0166847
Delhi NCR,Andhiyar BO,,,Bulandshahr,Uttar Pradesh,28.3686166,78.1208079
Delhi NCR,Shekhpur Gadwa BO,,,Bulandshahr,Uttar Pradesh,28.552287,78.0024134
Delhi NCR,Agauta BO,,,Bulandshahr,Uttar Pradesh,28.5412901,77.8785605
Delhi NCR,Ahmadanagar BO,,,Bulandshahr,Uttar Pradesh,28.6376721,77.8495921
Delhi NCR,AkapurTiyana BO,,,Bulandshahr,Uttar Pradesh,28.6317674,77.8791618
Delhi NCR,Barkatpur BO,,,Bulandshahr,Uttar Pradesh,28.6630268,77.9067564
Delhi NCR,Nisurkha BO,,,Bulandshahr,Uttar Pradesh,28.5910814,77.9381689
Delhi NCR,Maithna  Jagatpur BO,,,Bulandshahr,Uttar Pradesh,28.4615082,77.9196023
Delhi NCR,Utrouly BO,,,Bulandshahr,Uttar Pradesh,28.40697,77.8498222
Delhi NCR,Ashwari BO,,,Bulandshahr,Uttar Pradesh,28.3571257,78.0395149
Delhi NCR,Bhudhana BO,,,Bulandshahr,Uttar Pradesh,28.3777516,78.0068779
Delhi NCR,Jugsana  Kalan BO,,,Bulandshahr,Uttar Pradesh,28.404047,78.0124139
Delhi NCR,Manglore BO,,,Bulandshahr,Uttar Pradesh,28.350732,77.9715156
Delhi NCR,Shiwaly BO,,,Bulandshahr,Uttar Pradesh,28.3966574,77.9950869
Delhi NCR,Sarawa BO,,,Bulandshahr,Uttar Pradesh,28.3420828,77.9994964
Delhi NCR,Aurangabad Aheer BO,,,Bulandshahr,Uttar Pradesh,28.5304138,77.7372439
Delhi NCR,Begmabad Garhi BO,,,Baghpat,Uttar Pradesh,29.1464,77.4041
Delhi NCR,Gauna BO,,,Baghpat,Uttar Pradesh,28.8371,77.38472
Delhi NCR,Ibrahimpur Mazra BO,,,Baghpat,Uttar Pradesh,29.2039,77.31636
Delhi NCR,Jiwana BO,,,Baghpat,Uttar Pradesh,29.1642,77.28792
Delhi NCR,Kakripur BO,,,Baghpat,Uttar Pradesh,29.2536,77.27597
Delhi NCR,Kasimpur Khari BO,,,Baghpat,Uttar Pradesh,29.1844,77.29167
Delhi NCR,Lumb BO,,,Baghpat,Uttar Pradesh,29.26,77.22
Delhi NCR,Kirthal BO,,,Baghpat,Uttar Pradesh,29.24,77.24
Punjab,Bhamipura BO,,,Ludhiana,Punjab,30.900974,75.8572668
Punjab,Andlu BO,,,Ludhiana,Punjab,30.673706,75.683353
Punjab,Dadahur BO,,,Ludhiana,Punjab,30.781449,75.030448
Punjab,Lohat baddi BO,,,Ludhiana,Punjab,30.620006,75.706619
Punjab,Rattowal BO,,,Ludhiana,Punjab,30.745553,75.671719
Punjab,Barsal BO,,,Ludhiana,Punjab,31.225227,75.569881
Punjab,Sangatpura BO,,,Ludhiana,Punjab,29.958461,75.755319
Punjab,Chimna BO,,,Ludhiana,Punjab,30.842961,75.501464
Punjab,Khanjarwal BO,,,Ludhiana,Punjab,30.879331,75.630265
Punjab,Talwandi Kalan BO,,,Ludhiana,Punjab,30.851961,75.593164
Punjab,Sherpur Bet BO,,,Ludhiana,Punjab,30.938202,76.305109
Punjab,Bija Kalan BO,,,Ludhiana,Punjab,29.262503,75.366177
Punjab,Jagatpur BO,,,Shahid Bhagat Singh Nagar,Punjab,31.1186,75.9558
Punjab,Laroya BO,,,Shahid Bhagat Singh Nagar,Punjab,31.1186,75.9558
Punjab,Malo Mazara BO,,,Shahid Bhagat Singh Nagar,Punjab,31.0855,75.9167
Punjab,Lehra BO,,,Ludhiana,Punjab,30.70701,75.849764
Punjab,Sihaura BO,,,Ludhiana,Punjab,30.655883,76.005824
Punjab,Lapran BO,,,Ludhiana,Punjab,30.754149,75.932534
Punjab,Guram BO,,,Ludhiana,Punjab,30.119954,76.476552
Punjab,Mukandpur BO,,,Ludhiana,Punjab,31.128446,75.943421
Punjab,Shankar BO,,,Ludhiana,Punjab,31.147732,75.529126
Punjab,Khera BO,,,Ludhiana,Punjab,30.603141,76.486672
Punjab,Chaminda BO,,,Ludhiana,Punjab,30.76524,75.740783
Punjab,Ikolaha BO,,,Ludhiana,Punjab,30.703278,76.163158
Punjab,Sangowal BO,,,Ludhiana,Punjab,30.99833,75.652084
Punjab,Kot Gangu Rai BO,,,Ludhiana,Punjab,30.862155,76.089951
Punjab,Bhagpura BO,,,Ludhiana,Punjab,30.889105,76.034114
Punjab,Bhairro Munna BO,,,Ludhiana,Punjab,30.850152,76.012353
Punjab,Dhanansu BO,,,Ludhiana,Punjab,30.927926,75.997118
Punjab,Bhattwan BO,,,Pathankot,Punjab,32.42,75.84
Punjab,Sarti BO,,,Pathankot,Punjab,32.48,75.83
Punjab,Bharoli BO,,,Pathankot,Punjab,32.27,75.61
Punjab,Satkoha BO,,,Gurdaspur,Punjab,31.87,75.28
Punjab,Kot Todarmal BO,,,Gurdaspur,Punjab,31.84,75.42
Punjab,Bharath BO,,,Gurdaspur,Punjab,31.16,75.41
Punjab,Dodwan BO,,,Gurdaspur,Punjab,32.14,75.41
Punjab,Kot Santokh Rai BO,,,Gurdaspur,Punjab,31.97,75.29
Punjab,Zaffarwal BO,,,Gurdaspur,Punjab,31.92,75.33
Punjab,Sahari BO,,,Gurdaspur,Punjab,31.9460077,75.2457184
Punjab,Kalichpure BO,,,Gurdaspur,Punjab,32.08,75.52
Punjab,Pandori Bainsan BO,,,Gurdaspur,Punjab,31.82,75.43
Punjab,Paniar BO,,,Gurdaspur,Punjab,32.09,75.45
Punjab,Dostpur BO,,,Gurdaspur,Punjab,32.07,75.21
Punjab,Dugri BO,,,Gurdaspur,Punjab,32.1083036,75.30205
Punjab,Bianpure BO,,,Gurdaspur,Punjab,32.09,75.57
Punjab,Jharoli BO,,,Gurdaspur,Punjab,32.11,75.55
Punjab,Bahadurpur Rajoa BO,,,Gurdaspur,Punjab,31.75,75.51
Punjab,Basrai BO,,,Gurdaspur,Punjab,31.8075,75.42
Punjab,Beri BO,,,Gurdaspur,Punjab,31.81,75.49
Punjab,Pindarori BO,,,Gurdaspur,Punjab,31.75,75.49
Punjab,Tugalwala BO,,,Gurdaspur,Punjab,31.81,75.44
Punjab,LAKHAN KALAN BO,,,Kapurthala,Punjab,31.38345,75.32705
Delhi NCR,Bhatipura BO,,,Meerut,Uttar Pradesh,28.91,77.85
Delhi NCR,Mundali BO,,,Meerut,Uttar Pradesh,29.06,77.7
Delhi NCR,Bana BO,,,Meerut,Uttar Pradesh,29.08,77.83
Delhi NCR,Sikhera BO,,,Meerut,Uttar Pradesh,29.0211,77.96261
Delhi NCR,Kayastha Badha BO,,,Meerut,Uttar Pradesh,28.94,77.85
Delhi NCR,Mainthna Inder Singh BO,,,Meerut,Uttar Pradesh,29.06,77.76
Delhi NCR,Ekri BO,,,Meerut,Uttar Pradesh,29.1,77.58
Delhi NCR,Jangethi BO,,,Meerut,Uttar Pradesh,29.04,77.64
Delhi NCR,Janjokhar BO,,,Meerut,Uttar Pradesh,29.04,77.62
Punjab,Maherna Kalan BO,,,Ludhiana,Punjab,30.638397,75.770579
Punjab,Hambowal BO,,,Ludhiana,Punjab,30.963532,76.246464
Punjab,Kuhli Kalan BO,,,Ludhiana,Punjab,30.670564,75.98551
Punjab,Sihan Daud BO,,,Ludhiana,Punjab,30.582202,75.944147
Punjab,Jartauli BO,,,Ludhiana,Punjab,30.900973,75.8572678
Punjab,Lalori Kalan BO,,,Ludhiana,Punjab,30.729733,76.209241
Punjab,Manupur BO,,,Ludhiana,Punjab,30.760537,76.269635
Punjab,Mehdoodan BO,,,Ludhiana,Punjab,30.811177,76.080526
Punjab,Ghulal BO,,,Ludhiana,Punjab,30.843748,76.127646
Punjab,Mal Majra BO,,,Ludhiana,Punjab,30.80811,76.266739
Punjab,Sarwarpur BO,,,Ludhiana,Punjab,30.795288,76.252257
Punjab,Ladhran BO,,,Ludhiana,Punjab,31.130776,75.430103
Punjab,Kanech BO,,,Ludhiana,Punjab,30.830764,76.008726
Punjab,Nanakpur Jagera BO,,,Ludhiana,Punjab,30.676684,75.855574
Delhi NCR,Mahepa BO,,,Bulandshahr,Uttar Pradesh,28.3887777,77.6869678
Delhi NCR,Barouli Basdev Pur BO,,,Bulandshahr,Uttar Pradesh,28.5778637,78.0152577
Delhi NCR,Khad  Mohan Nagar BO,,,Bulandshahr,Uttar Pradesh,28.5807155,77.9927802
Delhi NCR,Waira  Firozpur BO,,,Bulandshahr,Uttar Pradesh,28.6607297,78.0386352
Delhi NCR,Ahar BO,,,Bulandshahr,Uttar Pradesh,28.4656016,78.2481765
Delhi NCR,Amargarh BO,,,Bulandshahr,Uttar Pradesh,28.170814,78.2072067
Delhi NCR,Khandoi BO,,,Bulandshahr,Uttar Pradesh,28.4865086,78.1771061
Delhi NCR,Mawai BO,,,Bulandshahr,Uttar Pradesh,28.5296765,78.1878948
Delhi NCR,Thana  Gajraula BO,,,Bulandshahr,Uttar Pradesh,28.5083019,78.1877922
Delhi NCR,Bichoula BO,,,Bulandshahr,Uttar Pradesh,28.2873763,77.7975368
Delhi NCR,Dinoul BO,,,Bulandshahr,Uttar Pradesh,28.309028,77.8224277
Delhi NCR,Meerpur BO,,,Bulandshahr,Uttar Pradesh,28.2040913,77.8801918
Delhi NCR,Kalena BO,,,Bulandshahr,Uttar Pradesh,28.2793077,77.9255747
Delhi NCR,Nagla Mahiuddinpur BO,,,Bulandshahr,Uttar Pradesh,28.2859024,77.8223419
Delhi NCR,Raniaoli BO,,,Bulandshahr,Uttar Pradesh,28.0908741,77.9437923
Delhi NCR,Dashhera  Kherli BO,,,Bulandshahr,Uttar Pradesh,28.1660377,77.8968858
Delhi NCR,Biroura BO,,,Bulandshahr,Uttar Pradesh,28.1107109,78.2190942
Delhi NCR,Narau BO,,,Bulandshahr,Uttar Pradesh,28.1400063,78.1250848
Delhi NCR,Ahmadgarh BO,,,Bulandshahr,Uttar Pradesh,28.2401048,78.1165309
Delhi NCR,Donka BO,,,Bulandshahr,Uttar Pradesh,28.2636939,78.1721189
Delhi NCR,Khakhunda BO,,,Bulandshahr,Uttar Pradesh,28.2647752,78.0901336
Punjab,Romana Albel Singh BO,,,Faridkot,Punjab,30.54205,74.78335
Punjab,Aulakh BO,,,Faridkot,Punjab,30.581825,74.832058
Punjab,Jiwanwala BO,,,Faridkot,Punjab,30.64405,74.90892
Punjab,Gurudwara Jand Sahib BO,,,Faridkot,Punjab,30.14212,75.18981
Punjab,Khuddian Gulab Singh BO,,,Sri Muktsar Sahib,Punjab,30.0665,74.61906
Punjab,Faqarsar BO,,,Sri Muktsar Sahib,Punjab,30.1891849,74.505304
Punjab,Malout Village BO,,,Sri Muktsar Sahib,Punjab,30.1891909,74.505298
Punjab,Haku Wala BO,,,Sri Muktsar Sahib,Punjab,30.14212,75.18981
Delhi NCR,Asadpur Gher BO,,,Bulandshahr,Uttar Pradesh,28.2090551,78.2561578
Delhi NCR,Dharmpur BO,,,Bulandshahr,Uttar Pradesh,28.1383021,78.3017063
Delhi NCR,Rahim  Kot BO,,,Bulandshahr,Uttar Pradesh,28.1250562,78.2532978
Delhi NCR,Raj Ghat BO,,,Bulandshahr,Uttar Pradesh,28.2352883,78.3541059
Delhi NCR,Talwar BO,,,Bulandshahr,Uttar Pradesh,28.2817076,78.3059978
Delhi NCR,Devrala BO,,,Bulandshahr,Uttar Pradesh,28.2285581,77.9608297
Punjab,Killianwali BO,,,Sri Muktsar Sahib,Punjab,30.06096,74.61282
Punjab,Akalgarh BO,,,Sri Muktsar Sahib,Punjab,30.468447,74.517471
Punjab,Bhagsar BO,,,Sri Muktsar Sahib,Punjab,30.4698497,74.5063628
Punjab,Jhabel Wali BO,,,Sri Muktsar Sahib,Punjab,30.5141221,74.6005024
Punjab,Madrassa BO,,,Sri Muktsar Sahib,Punjab,30.5431,74.45196
Punjab,Nandgarh BO,,,Sri Muktsar Sahib,Punjab,30.5431,74.45196
Punjab,Sanghu dhon BO,,,Sri Muktsar Sahib,Punjab,30.5431,74.45196
Punjab,Malke BO,,,Moga,Punjab,30.666705,74.749995
Punjab,Jhurar BO,,,Sri Muktsar Sahib,Punjab,30.259178,74.4626867
Punjab,Malwala Katorewala BO,,,Sri Muktsar Sahib,Punjab,30.4853,74.08622
Punjab,Bam BO,,,Sri Muktsar Sahib,Punjab,30.3558497,74.3396085
Punjab,Chak Shere Wala BO,,,Sri Muktsar Sahib,Punjab,30.36775,74.46007
Punjab,Abul Khurana BO,,,Sri Muktsar Sahib,Punjab,30.2980666,75.3688779
Punjab,Deon Khera BO,,,Sri Muktsar Sahib,Punjab,30.2674936,74.8433926
Punjab,Phullu Khera BO,,,Sri Muktsar Sahib,Punjab,30.0665,74.47692
Punjab,Sehna Khera BO,,,Sri Muktsar Sahib,Punjab,30.0665,74.47692
Punjab,Janial BO,,,Pathankot,Punjab,32.32,75.41
Punjab,Khojeke Chak BO,,,Pathankot,Punjab,32.32249,75.76902
Punjab,Jangal BO,,,Pathankot,Punjab,31.94,75.49
Punjab,Tharial BO,,,Pathankot,Punjab,32.35,75.61
Punjab,Chashma BO,,,Pathankot,Punjab,32.19,75.55
Delhi NCR,Barka BO,,,Baghpat,Uttar Pradesh,29.07,77.27
Delhi NCR,Dohja BO,,,Baghpat,Uttar Pradesh,29.100005,77.266695
Delhi NCR,Dhikana BO,,,Baghpat,Uttar Pradesh,29.08,77.22
Delhi NCR,Dhanaura Silver Nagar BO,,,Baghpat,Uttar Pradesh,29.037,77.33405
Delhi NCR,Alwalpur BO,,,Baghpat,Uttar Pradesh,29.04,77.26
Delhi NCR,Budhera BO,,,Baghpat,Uttar Pradesh,29.0272,77.31197
Delhi NCR,Sadiqpur Sinoli BO,,,Baghpat,Uttar Pradesh,29.14,77.21
Delhi NCR,Mitli BO,,,Baghpat,Uttar Pradesh,28.96,77.31
Delhi NCR,Nerojpur Gujar BO,,,Baghpat,Uttar Pradesh,28.99,77.25
Delhi NCR,Sujra BO,,,Baghpat,Uttar Pradesh,29.01,77.25
Delhi NCR,Garhi Hazurabad BO,,,Baghpat,Uttar Pradesh,29.03186,77.4053
Delhi NCR,Singhaoli Ahir BO,,,Baghpat,Uttar Pradesh,28.96824,77.4084
Delhi NCR,Bijwara BO,,,Baghpat,Uttar Pradesh,29.07,77.36
Delhi NCR,Fatehpur Poothi BO,,,Baghpat,Uttar Pradesh,29.06,77.34
Delhi NCR,Galheta BO,,,Baghpat,Uttar Pradesh,29.08,77.43
Delhi NCR,Sirsalgarh BO,,,Baghpat,Uttar Pradesh,29.06,77.4
Delhi NCR,Titroda BO,,,Baghpat,Uttar Pradesh,29.04,77.38
Delhi NCR,Bodha BO,,,Baghpat,Uttar Pradesh,29.28,77.16
Delhi NCR,Kurri BO,,,Baghpat,Uttar Pradesh,29.24689,77.1587
Delhi NCR,Tugana BO,,,Baghpat,Uttar Pradesh,29.26376,77.1944
Delhi NCR,Pabla Begmabad BO,,,Baghpat,Uttar Pradesh,28.92,77.3
Punjab,Tera Kalan BO,,,Amritsar,Punjab,31.82,74.84
Punjab,Bhilowal BO,,,Amritsar,Punjab,31.75,74.62
Punjab,Shahzada BO,,,Amritsar,Punjab,32,74.9
Punjab,Chak Sikandar BO,,,Amritsar,Punjab,31.44,74.65
Punjab,Khatrian Kalan BO,,,Amritsar,Punjab,31.82,74.87
Punjab,Dhand BO,,,Amritsar,Punjab,31.54,74.76
Punjab,Wadala Bhittewad BO,,,Amritsar,Punjab,31.66,74.77
Punjab,Dhaul Kalan BO,,,Amritsar,Punjab,31.67,74.8
Punjab,Bhullar BO,,,Amritsar,Punjab,32.00115,75.23
Punjab,Kohala BO,,,Amritsar,Punjab,31.69,74.65
Punjab,Tut BO,,,Amritsar,Punjab,32.00115,75.23
Delhi NCR,Gobra BO,,,Bharatpur,Rajasthan,27.050983,77.31234
Delhi NCR,Lehchora Kalan BO,,,Bharatpur,Rajasthan,27.011126,77.331927
Delhi NCR,Sikandara BO,,,Bharatpur,Rajasthan,26.88111,77.262723
Delhi NCR,Thana Dang BO,,,Bharatpur,Rajasthan,26.881938,77.317212
Delhi NCR,Naroli BO,,,Bharatpur,Rajasthan,26.950241,77.359843
Delhi NCR,Purabai Kheda BO,,,Bharatpur,Rajasthan,26.94917,77.341132
Delhi NCR,Kapoora Malooka BO,,,Bharatpur,Rajasthan,26.805309,77.220347
Delhi NCR,Karwari BO,,,Bharatpur,Rajasthan,26.840473,77.226377
Delhi NCR,Keir BO,,,Bharatpur,Rajasthan,26.914811,77.119775
Delhi NCR,Khan Kheda BO,,,Bharatpur,Rajasthan,26.894069,77.154365
Delhi NCR,Raghunathpur,,,Hapur,Uttar Pradesh,28.69589,77.724463
Punjab,Pindi BO,,,Firozepur,Punjab,30.7389566,74.3851329
Punjab,Amir Khas BO,,,Fazilka,Punjab,30.56734,74.24597
Punjab,Jiwan Araian BO,,,Fazilka,Punjab,30.56734,74.24597
Punjab,Pakka Kale Wala BO,,,Fazilka,Punjab,30.56734,74.24597
Punjab,Dhandi Qadim BO,,,Fazilka,Punjab,30.627276,74.201057
Punjab,Kheowali Dhab BO,,,Fazilka,Punjab,30.32155,74.05224
Punjab,Mamu Khera BO,,,Fazilka,Punjab,30.32155,74.05224
Punjab,Diwan Khera BO,,,Fazilka,Punjab,30.1417,74.01125
Punjab,Patrewala BO,,,Fazilka,Punjab,30.40373,74.025534
Punjab,Makhu Canal Colony BO,,,Firozepur,Punjab,31.103318,74.997782
Punjab,Sarhali BO,,,Firozepur,Punjab,31.09945,74.93417
Delhi NCR,Mahmoodpur,,,Hapur,Uttar Pradesh,28.651273,77.801702
Punjab,Chhokran BO,,,Jalandhar,Punjab,31.0855,75.9167
Delhi NCR,Pilana BO,,,Baghpat,Uttar Pradesh,28.94,77.37
Delhi NCR,Dhanaura Tikri BO,,,Baghpat,Uttar Pradesh,29.21879,77.4539
Delhi NCR,Idrishpur BO,,,Baghpat,Uttar Pradesh,29.17419,77.3555
Delhi NCR,Palri BO,,,Baghpat,Uttar Pradesh,29.17595,77.4086
Delhi NCR,Bassi BO,,,Baghpat,Uttar Pradesh,28.8972,77.29905
Delhi NCR,Gothra BO,,,Baghpat,Uttar Pradesh,28.8167,77.2974
Delhi NCR,Phulera BO,,,Baghpat,Uttar Pradesh,28.8115,77.39087
Delhi NCR,Rataul BO,,,Baghpat,Uttar Pradesh,28.8325,77.34224
Delhi NCR,Sunehra BO,,,Baghpat,Uttar Pradesh,28.9021,77.28053
Delhi NCR,Asarfabad Thal BO,,,Baghpat,Uttar Pradesh,29.1843,77.32195
Delhi NCR,Gangawaly BO,,,Bulandshahr,Uttar Pradesh,28.1666052,77.9709148
Delhi NCR,Sabitgarh BO,,,Bulandshahr,Uttar Pradesh,28.1870332,77.9993677
Delhi NCR,Dabar BO,,,Bulandshahr,Uttar Pradesh,28.1349719,77.8843975
Delhi NCR,Sarangpur BO,,,Bulandshahr,Uttar Pradesh,28.2079111,77.7645778
Delhi NCR,Dighi BO,,,Bulandshahr,Uttar Pradesh,28.1886219,78.0223703
Delhi NCR,Dharakpur BO,,,Bulandshahr,Uttar Pradesh,28.1378859,78.3700704
Delhi NCR,Dhanouri   Kalan BO,,,Gautam Buddha Nagar,Uttar Pradesh,28.3454822,77.6029157
Delhi NCR,Mirzapur Niloni BO,,,Gautam Buddha Nagar,Uttar Pradesh,28.2944375,77.5730244
Delhi NCR,Baroda BO,,,Gautam Buddha Nagar,Uttar Pradesh,28.3744174,77.7194544
Delhi NCR,Deota BO,,,Gautam Buddha Nagar,Uttar Pradesh,28.4010761,77.6571918
Delhi NCR,Salempur  Gujar BO,,,Gautam Buddha Nagar,Uttar Pradesh,28.4133201,77.5948946
Delhi NCR,Bhaipur BO,,,Gautam Buddha Nagar,Uttar Pradesh,28.2232644,77.7223062
Delhi NCR,Chhapana BO,,,Gautam Buddha Nagar,Uttar Pradesh,28.1068126,77.7115841
Delhi NCR,Gotheny BO,,,Gautam Buddha Nagar,Uttar Pradesh,28.1462215,77.7366828
Delhi NCR,Faleda BO,,,Gautam Buddha Nagar,Uttar Pradesh,28.2147939,77.5477266
Delhi NCR,Kureb BO,,,Gautam Buddha Nagar,Uttar Pradesh,28.1931608,77.6027011
Delhi NCR,Chola BO,,,Gautam Buddha Nagar,Uttar Pradesh,28.3349663,77.7798945
Delhi NCR,Jhajhar BO,,,Gautam Buddha Nagar,Uttar Pradesh,28.266782,77.6643745
Punjab,Samrai BO,,,Gurdaspur,Punjab,31.91,74.94
Punjab,Dakoha BO,,,Gurdaspur,Punjab,31.65,75.38
Punjab,Padhe BO,,,Gurdaspur,Punjab,31.6759,75.3395
Punjab,Dadiala BO,,,Gurdaspur,Punjab,31.74,75.28
Punjab,Harpura Dhandoi BO,,,Gurdaspur,Punjab,31.75362,75.17385
Delhi NCR,Sunpera BO,,,Gautam Buddha Nagar,Uttar Pradesh,28.3367634,77.6532055
Delhi NCR,Karauli Banger BO,,,Gautam Buddha Nagar,Uttar Pradesh,28.2034484,77.5792694
Delhi NCR,Manchad BO,,,Gautam Buddha Nagar,Uttar Pradesh,28.1003008,77.695055
Delhi NCR,Neemka BO,,,Gautam Buddha Nagar,Uttar Pradesh,28.1383021,77.6063489
Delhi NCR,Sarai Ghashi BO,,,Bulandshahr,Uttar Pradesh,28.4155221,77.7620458
Delhi NCR,Aulina BO,,,Bulandshahr,Uttar Pradesh,28.4134736,77.8810308
Delhi NCR,Jauli Garh BO,,,Bulandshahr,Uttar Pradesh,28.4631512,77.8738864
Delhi NCR,Hattmabad BO,,,Bulandshahr,Uttar Pradesh,28.3447353,77.8603108
Delhi NCR,Dhatori BO,,,Bulandshahr,Uttar Pradesh,28.3695033,77.9038897
Delhi NCR,Malagarh BO,,,Bulandshahr,Uttar Pradesh,28.4650695,77.8396797
Delhi NCR,Jhal Khera BO,,,Bulandshahr,Uttar Pradesh,28.3620241,77.8432416
Delhi NCR,Shikhera BO,,,Bulandshahr,Uttar Pradesh,28.3697276,77.774105
Delhi NCR,Bhargava Pharmecy BO,,,Bulandshahr,Uttar Pradesh,28.3559439,78.2689029
Delhi NCR,Birauli BO,,,Bulandshahr,Uttar Pradesh,28.36811,78.1806683
Delhi NCR,Bhopatpur Bo,,,Bulandshahr,Uttar Pradesh,28.285946,78.2789365
Delhi NCR,Bihta BO,,,Bulandshahr,Uttar Pradesh,28.6645732,78.0209657
Delhi NCR,Hingwara BO,,,Bulandshahr,Uttar Pradesh,28.6735324,77.9820942
Delhi NCR,Gesupur Barwala BO,,,Bulandshahr,Uttar Pradesh,28.5487447,78.1407651
Delhi NCR,Hazipur BO,,,Bulandshahr,Uttar Pradesh,28.6287856,78.1193823
Delhi NCR,Mankari BO,,,Bulandshahr,Uttar Pradesh,28.5917568,78.1078577
Delhi NCR,Baral BO,,,Bulandshahr,Uttar Pradesh,28.4841398,77.7959825
Delhi NCR,Kisauli BO,,,Bulandshahr,Uttar Pradesh,28.5602124,77.8683042
Delhi NCR,Charora BO,,,Bulandshahr,Uttar Pradesh,28.4760853,77.9540491
Delhi NCR,Dhalana BO,,,Bulandshahr,Uttar Pradesh,28.3371255,78.0737511
Delhi NCR,JaleelPur BO,,,Bulandshahr,Uttar Pradesh,28.4177934,78.1236592
Delhi NCR,Khadana BO,,,Bulandshahr,Uttar Pradesh,28.4378767,78.1393397
Delhi NCR,Khanauda BO,,,Bulandshahr,Uttar Pradesh,28.2639058,78.0910778
Delhi NCR,Kamalpur BO,,,Bulandshahr,Uttar Pradesh,28.5294489,78.1221223
Delhi NCR,Riwada BO,,,Bulandshahr,Uttar Pradesh,28.3332299,78.1156092
Delhi NCR,Bihra BO,,,Bulandshahr,Uttar Pradesh,28.5592421,77.9196023
Delhi NCR,Bhainsakhur BO,,,Bulandshahr,Uttar Pradesh,28.6654742,78.0794561
Delhi NCR,Sihi BO,,,Bulandshahr,Uttar Pradesh,28.5775956,77.8681706
Delhi NCR,Balka BO,,,Bulandshahr,Uttar Pradesh,28.4469259,77.930805
Delhi NCR,Raura BO,,,Bulandshahr,Uttar Pradesh,28.39527,78.0411887
Delhi NCR,Ronda BO,,,Bulandshahr,Uttar Pradesh,28.3924574,78.0225205
Delhi NCR,Anchrookalan BO,,,Bulandshahr,Uttar Pradesh,28.2705393,77.9593491
Delhi NCR,Daduwa Mutafabad BO,,,Bulandshahr,Uttar Pradesh,28.3065721,78.0509519
Delhi NCR,Bilsoory BO,,,Bulandshahr,Uttar Pradesh,28.4393718,77.7490599
Delhi NCR,Geshupur BO,,,Bulandshahr,Uttar Pradesh,28.543136,77.6978874
Delhi NCR,Bidiyari BO,,,Bharatpur,Rajasthan,26.957366,77.300851
Delhi NCR,Damdama BO,,,Bharatpur,Rajasthan,26.914238,77.272123
Delhi NCR,Nahroli BO,,,Bharatpur,Rajasthan,26.878892,77.265475
Delhi NCR,Adda BO,,,Bharatpur,Rajasthan,26.851118,77.151532
Delhi NCR,Khunt Kheda BO,,,Bharatpur,Rajasthan,26.846599,77.163291
Delhi NCR,Madanpur BO,,,Bharatpur,Rajasthan,26.836414,77.180371
Delhi NCR,Mehrawar BO,,,Bharatpur,Rajasthan,26.866279,77.191787
Delhi NCR,Raroda BO,,,Bharatpur,Rajasthan,26.869035,77.158227
Delhi NCR,Daulat Garh BO,,,Bharatpur,Rajasthan,27.091224,77.502279
Delhi NCR,Dorda BO,,,Bharatpur,Rajasthan,27.003391,77.566481
Delhi NCR,Ibrahimpur BO,,,Bharatpur,Rajasthan,26.999567,77.681751
Delhi NCR,Khan Surjapur BO,,,Bharatpur,Rajasthan,26.976775,77.634802
Delhi NCR,Dahina Gaon BO,,,Bharatpur,Rajasthan,27.001173,77.456918
Delhi NCR,Khera Thakur BO,,,Bharatpur,Rajasthan,26.965683,77.437177
Delhi NCR,Madha Pura BO,,,Bharatpur,Rajasthan,26.980905,77.409668
Delhi NCR,Bajhera Kalan BO,,,Bharatpur,Rajasthan,27.011125,77.20777
Delhi NCR,Budhpur BO,,,Baghpat,Uttar Pradesh,29.2165,77.29749
Delhi NCR,Ramala BO,,,Baghpat,Uttar Pradesh,29.223,77.27041
Punjab,Jhander BO,,,Amritsar,Punjab,31.81,74.89
Punjab,Kotla Gujjran BO,,,Amritsar,Punjab,31.81,74.94
Punjab,Basarke Gillan BO,,,Amritsar,Punjab,31.57,74.76
Punjab,Kaunke Kalan BO,,,Ludhiana,Punjab,30.764944,75.41563
Punjab,Jassowal Kalan BO,,,Ludhiana,Punjab,30.794852,75.601999
Punjab,Morkarima BO,,,Ludhiana,Punjab,30.834557,75.606987
Punjab,Sohian BO,,,Ludhiana,Punjab,30.797927,75.53786
Punjab,Daherka BO,,,Ludhiana,Punjab,30.700519,75.447582
Punjab,Akhara BO,,,Ludhiana,Punjab,30.745431,75.483991
Punjab,Khandur BO,,,Ludhiana,Punjab,30.798904,75.721158
Punjab,Rajgarh BO,,,Ludhiana,Punjab,30.686929,75.704005
Punjab,Burj Hari Singh Wala BO,,,Ludhiana,Punjab,30.691522,75.587011
Punjab,Kalsian BO,,,Ludhiana,Punjab,30.632077,75.676082
Punjab,Abbowal BO,,,Ludhiana,Punjab,30.761248,75.686262
Punjab,Sahauli BO,,,Ludhiana,Punjab,30.775309,75.686262
Punjab,Tossey BO,,,Ludhiana,Punjab,30.735593,75.672026
Punjab,Lodhiwal BO,,,Ludhiana,Punjab,31.214491,75.115132
Punjab,Malsian Bajan BO,,,Ludhiana,Punjab,30.926066,75.430103
Punjab,Bazurg BO,,,Ludhiana,Punjab,30.86114,75.513112
Punjab,Gomanpura BO,,,Amritsar,Punjab,31.61,74.77
Punjab,Kale Ghanupur BO,,,Amritsar,Punjab,31.64,74.81
Punjab,Wadali Guru BO,,,Amritsar,Punjab,31.62,74.8
Punjab,Hardo Maura BO,,,Amritsar,Punjab,31.75,74.68
Punjab,Kohali BO,,,Amritsar,Punjab,31.7,74.69
Punjab,Saurian BO,,,Amritsar,Punjab,31.77,74.66
Punjab,Bagli Kalan BO,,,Ludhiana,Punjab,30.769943,76.154462
Punjab,Ghungrali Rajputan BO,,,Ludhiana,Punjab,30.724767,76.107985
Punjab,Saya Kalan BO,,,Ludhiana,Punjab,30.76215,75.833059
Punjab,Nizampur BO,,,Ludhiana,Punjab,31.652761,74.991742
Punjab,Kaddon BO,,,Ludhiana,Punjab,30.769843,76.043543
Punjab,Siray BO,,,Gurdaspur,Punjab,31.9099,75.0159
Punjab,Fattupur BO,,,Gurdaspur,Punjab,31.97,75.11
Punjab,Dehriwal BO,,,Gurdaspur,Punjab,31.18,75.35
Punjab,Fazula Chak BO,,,Gurdaspur,Punjab,31.8711,75.2845
Punjab,Dhandal BO,,,Gurdaspur,Punjab,31.86,75.41
Punjab,Ballarwal BO,,,Gurdaspur,Punjab,31.65,75.41
Punjab,Mari Panwan BO,,,Gurdaspur,Punjab,31.71,75.48
Punjab,Bhaini Mian Khan BO,,,Gurdaspur,Punjab,31.88,75.51
Punjab,Kalyanpur BO,,,Gurdaspur,Punjab,31.98,75.32
Punjab,Bhatoya BO,,,Gurdaspur,Punjab,32.11,75.5
Punjab,Talibpur Pandori BO,,,Gurdaspur,Punjab,32.06,75.5
Punjab,Hardo Chhani BO,,,Gurdaspur,Punjab,32.06,75.25
Punjab,Sale Chak BO,,,Gurdaspur,Punjab,32.08622,75.28585
Punjab,Bharath BO,,,Gurdaspur,Punjab,31.74,75.43
Punjab,Jagowal Bet BO,,,Gurdaspur,Punjab,32,75.19
Punjab,Saidowal Khurd BO,,,Gurdaspur,Punjab,31.96,75.5
Delhi NCR,Rasulpur Aurangabad BO,,,Meerut,Uttar Pradesh,29,77.8
Delhi NCR,Maukhas BO,,,Meerut,Uttar Pradesh,28.9,77.83
Delhi NCR,Rukanpur Morna BO,,,Meerut,Uttar Pradesh,28.99,77.83
Delhi NCR,Muzaffarnagar Saini BO,,,Meerut,Uttar Pradesh,29.4727007,77.7084901
Delhi NCR,Bahadurpur BO,,,Meerut,Uttar Pradesh,29.09,77.62
Punjab,Hardorwal BO,,,Gurdaspur,Punjab,31.92,74.93
Punjab,Nasarke BO,,,Gurdaspur,Punjab,31.83,75.06
Punjab,Parowal BO,,,Gurdaspur,Punjab,31.83,75.03
Punjab,Bhoman BO,,,Gurdaspur,Punjab,31.69,75.31
Punjab,Chone BO,,,Gurdaspur,Punjab,31.71,75.31
Punjab,Wadala Granthia BO,,,Gurdaspur,Punjab,31.82,75.29
Punjab,Chaudhriwal BO,,,Gurdaspur,Punjab,31.75362,75.17385
Punjab,Panjgarian BO,,,Gurdaspur,Punjab,31.8183,75.2071
Punjab,Jaito Sarja BO,,,Gurdaspur,Punjab,31.75,75.2
Punjab,Rajeke BO,,,Gurdaspur,Punjab,31.93,75.03
Punjab,Teja Kalan BO,,,Gurdaspur,Punjab,31.89,75.01
Punjab,Lakhan Kalan BO,,,Gurdaspur,Punjab,31.99,75.2
Punjab,Dial Garh BO,,,Gurdaspur,Punjab,31.86,75.26
Punjab,Seikhwan BO,,,Gurdaspur,Punjab,31.7346243,75.2363196
Punjab,Khojala BO,,,Gurdaspur,Punjab,31.75,75.38
Punjab,Leel Kalan BO,,,Gurdaspur,Punjab,31.8,75.36
Punjab,Mari Tanda BO,,,Gurdaspur,Punjab,31.65,75.43
Punjab,Alma BO,,,Gurdaspur,Punjab,31.87,75.54
Punjab,Kaler Kalan BO,,,Gurdaspur,Punjab,31.94,75.28
Delhi NCR,Chitson BO,,,Bulandshahr,Uttar Pradesh,28.3413274,77.9251241
Delhi NCR,Surjawaly BO,,,Bulandshahr,Uttar Pradesh,28.406972,77.8498202
Delhi NCR,Surjawaly BO,,,Bulandshahr,Uttar Pradesh,28.3071885,77.9310283
Delhi NCR,Kahira BO,,,Bulandshahr,Uttar Pradesh,28.4024615,77.7975797
Delhi NCR,Chanderu BO,,,Bulandshahr,Uttar Pradesh,28.4279632,77.7866875
Delhi NCR,Akabarpur BO,,,Bulandshahr,Uttar Pradesh,28.4183906,77.8225994
Delhi NCR,Dariyapur BO,,,Bulandshahr,Uttar Pradesh,28.4227246,77.8002722
Punjab,Dholowal BO,,,Pathankot,Punjab,32.16,75.45
Punjab,Bhanguri BO,,,Pathankot,Punjab,32.4,75.86
Punjab,Bhoa BO,,,Pathankot,Punjab,32.25,75.52
Punjab,Farida Nagar BO,,,Pathankot,Punjab,32.2,75.57
Delhi NCR,Salempur BO,,,Bulandshahr,Uttar Pradesh,28.3198475,77.9514259
Delhi NCR,Naithala  Hasanpur BO,,,Bulandshahr,Uttar Pradesh,28.3642191,77.8044757
Delhi NCR,Bibiyana BO,,,Bulandshahr,Uttar Pradesh,28.3216123,78.1592935
Delhi NCR,Jirauli BO,,,Bulandshahr,Uttar Pradesh,28.2757371,78.2276776
Delhi NCR,Chitsona Ali Pur BO,,,Bulandshahr,Uttar Pradesh,28.6192159,77.9795753
Delhi NCR,Buklana BO,,,Bulandshahr,Uttar Pradesh,28.5804423,78.1555367
Delhi NCR,Dhaniya Wali BO,,,Bulandshahr,Uttar Pradesh,28.615775,78.1022729
Delhi NCR,Jalalpur BO,,,Bulandshahr,Uttar Pradesh,28.6370531,78.1478918
Delhi NCR,Asfabad Chandpura BO,,,Bulandshahr,Uttar Pradesh,28.5093025,77.8131258
Delhi NCR,Banboai BO,,,Bulandshahr,Uttar Pradesh,28.6231993,77.8245775
Delhi NCR,Garhiya Manpur BO,,,Bulandshahr,Uttar Pradesh,28.5154092,77.8796017
Delhi NCR,Khushhalpur BO,,,Bulandshahr,Uttar Pradesh,28.5342592,77.8199721
Delhi NCR,Kota BO,,,Bulandshahr,Uttar Pradesh,28.5233278,77.7523044
Delhi NCR,Chandauk BO,,,Bulandshahr,Uttar Pradesh,28.3604946,78.0741906
Delhi NCR,Kakrai BO,,,Bulandshahr,Uttar Pradesh,28.4529076,78.1058376
Delhi NCR,Khalor BO,,,Bulandshahr,Uttar Pradesh,28.3961474,78.1721189
Delhi NCR,GirauraBO,,,Bulandshahr,Uttar Pradesh,28.5884358,78.0694722
Delhi NCR,Kanauna BO,,,Bulandshahr,Uttar Pradesh,28.5102588,78.0794561
Delhi NCR,Bhaipur BO,,,Bulandshahr,Uttar Pradesh,28.3751852,78.1136794
Delhi NCR,Bhainsrauli BO,,,Bulandshahr,Uttar Pradesh,28.5724996,77.895298
Delhi NCR,Partapur BO,,,Bulandshahr,Uttar Pradesh,28.6081466,77.8724575
Delhi NCR,Tajpur BO,,,Bulandshahr,Uttar Pradesh,28.6248774,77.8509387
Delhi NCR,Birouli BO,,,Bulandshahr,Uttar Pradesh,28.36811,78.1806683
Delhi NCR,Jadoul BO,,,Bulandshahr,Uttar Pradesh,28.4633254,78.0366614
Delhi NCR,Ajnara BO,,,Bulandshahr,Uttar Pradesh,28.388229,78.0664014
Delhi NCR,Pondhery BO,,,Bulandshahr,Uttar Pradesh,28.3888331,77.9299092
Delhi NCR,Rehamapur Siyawali BO,,,Bulandshahr,Uttar Pradesh,28.368557,77.9527831
Delhi NCR,Bohich BO,,,Bulandshahr,Uttar Pradesh,28.2910619,78.0737511
Delhi NCR,Kailawan BO,,,Bulandshahr,Uttar Pradesh,28.3019057,77.9721808
Delhi NCR,Utrawaly BO,,,Bulandshahr,Uttar Pradesh,28.4197117,77.9024611
Delhi NCR,Bharana BO,,,Bulandshahr,Uttar Pradesh,28.5170778,77.7080064
Delhi NCR,Prangarh BO,,,Bulandshahr,Uttar Pradesh,28.4271091,77.7483558
Delhi NCR,Sanota BO,,,Bulandshahr,Uttar Pradesh,28.5254912,77.7366399
Delhi NCR,Baddha  Bazidpur BO,,,Bulandshahr,Uttar Pradesh,28.6489005,78.0223927
Delhi NCR,Bhainsaura BO,,,Bulandshahr,Uttar Pradesh,28.6654742,78.0794561
Delhi NCR,Mahav BO,,,Bulandshahr,Uttar Pradesh,28.6096206,78.0088357
Delhi NCR,Auranga Bad Taherpur BO,,,Bulandshahr,Uttar Pradesh,28.4928996,78.2419187
Delhi NCR,Mauwa  Khera BO,,,Bulandshahr,Uttar Pradesh,28.4597712,78.1592935
Delhi NCR,Mohersha BO,,,Bulandshahr,Uttar Pradesh,28.454714,78.2115125
Delhi NCR,Kehroula BO,,,Bulandshahr,Uttar Pradesh,28.1296168,77.9013919
Delhi NCR,Dharpa Chuhar Pur BO,,,Bulandshahr,Uttar Pradesh,28.3031715,77.8620386
Delhi NCR,Jatauli BO,,,Meerut,Uttar Pradesh,29.04,77.69
Delhi NCR,Gurukul Dorli BO,,,Meerut,Uttar Pradesh,29.04,77.7
Delhi NCR,B N Nanu BO,,,Meerut,Uttar Pradesh,29.1,77.59
Punjab,Talwandi Fattu BO,,,Shahid Bhagat Singh Nagar,Punjab,31.1186,75.9558
Punjab,Ratinda BO,,,Shahid Bhagat Singh Nagar,Punjab,31.0855,75.9167
Punjab,Amargarh BO,,,Shahid Bhagat Singh Nagar,Punjab,31.1343,76.046
Delhi NCR,Kherki BO,,,Baghpat,Uttar Pradesh,29.04,77.24
Delhi NCR,Mozizabad Nangal BO,,,Baghpat,Uttar Pradesh,29.1812,77.3324
Delhi NCR,Sujti BO,,,Baghpat,Uttar Pradesh,29.227,77.3301
Delhi NCR,Audhapur BO,,,Baghpat,Uttar Pradesh,29.13,77.18
Delhi NCR,Barawad BO,,,Baghpat,Uttar Pradesh,29.0796,77.3258
Delhi NCR,Kotana BO,,,Baghpat,Uttar Pradesh,29.1,77.16
Delhi NCR,Shikohpur BO,,,Baghpat,Uttar Pradesh,29.0478,77.25124
Delhi NCR,Jaunmana BO,,,Baghpat,Uttar Pradesh,29.09,77.22
Delhi NCR,Teodhi BO,,,Baghpat,Uttar Pradesh,29.05,77.24
Delhi NCR,Bazidpur BO,,,Baghpat,Uttar Pradesh,29.1,77.3
Delhi NCR,Nibali BO,,,Baghpat,Uttar Pradesh,28.98,77.29
Punjab,Fatuhi Khera BO,,,Sri Muktsar Sahib,Punjab,30.0579247,73.8610071
Punjab,Kandu Khera BO,,,Sri Muktsar Sahib,Punjab,30.0665,74.61906
Punjab,Mann BO,,,Sri Muktsar Sahib,Punjab,30.0820903,74.6435447
Punjab,Roran Wali BO,,,Sri Muktsar Sahib,Punjab,30.0665,74.61906
Punjab,Ghumiara Khera BO,,,Sri Muktsar Sahib,Punjab,30.23285,74.45763
Punjab,Jand Wala Chadat Singh BO,,,Sri Muktsar Sahib,Punjab,30.23285,74.45763
Punjab,Ghumiara BO,,,Sri Muktsar Sahib,Punjab,30.060957,74.612823
Punjab,Lohara BO,,,Sri Muktsar Sahib,Punjab,30.060955,74.612825
Punjab,Badhai BO,,,Sri Muktsar Sahib,Punjab,30.5431,74.45196
Punjab,Goniana Village BO,,,Sri Muktsar Sahib,Punjab,30.3199126,74.9179393
Punjab,Kanianwali BO,,,Sri Muktsar Sahib,Punjab,30.66671,74.74999
Punjab,Mangatker BO,,,Sri Muktsar Sahib,Punjab,30.468448,74.51747
Punjab,Sarawan BO,,,Faridkot,Punjab,30.5251591,74.8814136
Punjab,Rahurianwali BO,,,Sri Muktsar Sahib,Punjab,30.5431,74.45196
Punjab,Sammewali BO,,,Sri Muktsar Sahib,Punjab,30.468448,74.51747
Punjab,Seerwali BO,,,Sri Muktsar Sahib,Punjab,30.666708,74.749992
Punjab,PG Khurd BO,,,Moga,Punjab,30.64405,74.90892
Punjab,Gurusar BO,,,Sri Muktsar Sahib,Punjab,30.1891839,74.505305
Punjab,Khane Ki Dhab BO,,,Sri Muktsar Sahib,Punjab,30.4853,74.08622
Punjab,Kuraiwala BO,,,Sri Muktsar Sahib,Punjab,30.1891859,74.505303
Punjab,Lakkarwala BO,,,Sri Muktsar Sahib,Punjab,30.1891869,74.505302
Punjab,Tarkhanwala BO,,,Sri Muktsar Sahib,Punjab,30.4853,74.08622
Punjab,Bhangchari BO,,,Sri Muktsar Sahib,Punjab,30.36775,74.46007
Punjab,Chak Mahanbadhar BO,,,Sri Muktsar Sahib,Punjab,30.36775,74.46007
Punjab,Dhigana BO,,,Sri Muktsar Sahib,Punjab,30.3868074,74.4871528
Punjab,Tamkot BO,,,Sri Muktsar Sahib,Punjab,30.468445,74.517473
Punjab,Adhnian BO,,,Sri Muktsar Sahib,Punjab,30.060956,74.612824
Punjab,Ratherian BO,,,Sri Muktsar Sahib,Punjab,30.060958,74.612822
Punjab,Kot Sukhia BO,,,Faridkot,Punjab,30.64405,74.90892
Punjab,Janerian BO,,,Faridkot,Punjab,30.666707,74.749993
Punjab,Mehmuana BO,,,Faridkot,Punjab,30.6928851,74.6492
Punjab,Wara Daraka BO,,,Faridkot,Punjab,30.6185,74.7489
Delhi NCR,Bhalsona BO,,,Meerut,Uttar Pradesh,29.07,77.59
Delhi NCR,Budhsaini BO,,,Baghpat,Uttar Pradesh,28.99631,77.4298
Delhi NCR,Mawi Kalan BO,,,Baghpat,Uttar Pradesh,29.0235,77.443
Delhi NCR,Ahera BO,,,Baghpat,Uttar Pradesh,28.93,77.27
Delhi NCR,Khatta BO,,,Baghpat,Uttar Pradesh,28.89887,77.2415
Delhi NCR,Kandera BO,,,Baghpat,Uttar Pradesh,29.15965,77.3231
Delhi NCR,Fazalpur BO,,,Baghpat,Uttar Pradesh,29.06,77.38
Delhi NCR,Jiwaana BO,,,Baghpat,Uttar Pradesh,29.16,77.29
Delhi NCR,Muzampur Kamala BO,,,Baghpat,Uttar Pradesh,29.04,77.4
Delhi NCR,Ranchhar BO,,,Baghpat,Uttar Pradesh,29.12,77.37
Delhi NCR,Sirsali BO,,,Baghpat,Uttar Pradesh,29.12,77.35
Delhi NCR,Hewa BO,,,Baghpat,Uttar Pradesh,29.24,77.21
Delhi NCR,Kakor Kalan BO,,,Baghpat,Uttar Pradesh,29.17,77.15
Delhi NCR,Silana BO,,,Baghpat,Uttar Pradesh,29.1902,77.2173
Delhi NCR,Halalpur BO,,,Baghpat,Uttar Pradesh,29.19,77.19
Delhi NCR,Arniya BO,,,Bulandshahr,Uttar Pradesh,28.1348584,77.9172706
Delhi NCR,Munda  Khera BO,,,Bulandshahr,Uttar Pradesh,28.2743,77.8853416
Delhi NCR,Senda  Faridpur BO,,,Bulandshahr,Uttar Pradesh,28.2695755,77.9594135
Delhi NCR,Behlolpur BO,,,Bulandshahr,Uttar Pradesh,28.0701816,78.1194448
Delhi NCR,Kamona BO,,,Bulandshahr,Uttar Pradesh,28.1308632,78.1117601
Delhi NCR,DaoulatpurKhurd BO,,,Bulandshahr,Uttar Pradesh,28.2313183,78.187766
Delhi NCR,Shekhpur BO,,,Bulandshahr,Uttar Pradesh,28.1429946,78.2066917
Delhi NCR,Daurau BO,,,Bulandshahr,Uttar Pradesh,28.24164,78.2335567
Delhi NCR,Kharikbari BO,,,Bulandshahr,Uttar Pradesh,28.1274815,78.3130951
Delhi NCR,Khushalabad BO,,,Bulandshahr,Uttar Pradesh,28.234154,78.2791328
Delhi NCR,Satoha BO,,,Bulandshahr,Uttar Pradesh,28.2096252,78.2990333
Delhi NCR,Aterna BO,,,Bulandshahr,Uttar Pradesh,28.1992125,78.0112552
Delhi NCR,Nawada BO,,,Gautam Buddha Nagar,Uttar Pradesh,28.3546012,77.556471
Delhi NCR,Astauly BO,,,Gautam Buddha Nagar,Uttar Pradesh,28.3907585,77.6604652
Delhi NCR,Kanigarhi BO,,,Gautam Buddha Nagar,Uttar Pradesh,28.1304683,77.5174284
Delhi NCR,Dhanaura BO,,,Gautam Buddha Nagar,Uttar Pradesh,28.3009506,77.7180235
Delhi NCR,Khabra  Khanpur BO,,,Gautam Buddha Nagar,Uttar Pradesh,28.2760579,77.7766767
Delhi NCR,Bhaipur  Brahmanan BO,,,Gautam Buddha Nagar,Uttar Pradesh,28.2434044,77.560509
Delhi NCR,Kishore Pur BO,,,Gautam Buddha Nagar,Uttar Pradesh,28.164373,77.6014137
Delhi NCR,Badshahpur Pachgain BO,,,Bulandshahr,Uttar Pradesh,28.2528302,77.9618167
Delhi NCR,Farkana  Gangagarhi BO,,,Bulandshahr,Uttar Pradesh,28.1916478,77.9567956
Delhi NCR,Bhadaura Kamalpur BO,,,Bulandshahr,Uttar Pradesh,28.2647374,77.7551794
Delhi NCR,Samashpur BO,,,Bulandshahr,Uttar Pradesh,28.2438328,77.7866792
Delhi NCR,Vijay  Nagliya BO,,,Bulandshahr,Uttar Pradesh,28.1478004,78.3465957
Delhi NCR,Banel BO,,,Bulandshahr,Uttar Pradesh,28.167633,78.0295273
Delhi NCR,Fazalpur BO,,,Bulandshahr,Uttar Pradesh,28.1408895,78.0667109
Delhi NCR,Soi BO,,,Bulandshahr,Uttar Pradesh,28.1487792,78.0281004
Punjab,Rajgarh BO,,,Ludhiana,Punjab,30.811332,76.009107
Punjab,Bhutta BO,,,Ludhiana,Punjab,30.764271,75.915839
Punjab,Ghaloti BO,,,Ludhiana,Punjab,30.716852,75.970998
Punjab,Dhulkot BO,,,Ludhiana,Punjab,30.372127,76.800545
Delhi NCR,Farso BO,,,Bharatpur,Rajasthan,27.024165,77.303723
Delhi NCR,Kanavar BO,,,Bharatpur,Rajasthan,26.960533,77.293141
Punjab,Kalakh BO,,,Ludhiana,Punjab,30.716021,75.785112
Punjab,Pohiar BO,,,Ludhiana,Punjab,30.694965,75.849038
Punjab,Alamgir BO,,,Ludhiana,Punjab,30.801156,75.0858119
Punjab,Phalewal BO,,,Ludhiana,Punjab,30.722743,75.744417
Punjab,Allona Pallah BO,,,Ludhiana,Punjab,30.679098,76.044268
Punjab,Jallajan BO,,,Ludhiana,Punjab,30.632943,76.073275
Punjab,Rajewal BO,,,Ludhiana,Punjab,30.653488,76.145766
Punjab,Rauni BO,,,Ludhiana,Punjab,30.598655,76.088501
Punjab,Natt BO,,,Ludhiana,Punjab,30.045939,75.101264
Punjab,Chhandran BO,,,Ludhiana,Punjab,30.849137,76.060107
Punjab,Budhewal BO,,,Ludhiana,Punjab,30.907622,75.997844
Punjab,Rangowal BO,,,Ludhiana,Punjab,30.697517,75.770579
Punjab,Jodhwal BO,,,Ludhiana,Punjab,30.966945,76.203448
Punjab,Lubangarh BO,,,Ludhiana,Punjab,30.955309,76.194584
Delhi NCR,Mahaloni BO,,,Bharatpur,Rajasthan,26.942539,77.264571
Delhi NCR,Navali BO,,,Bharatpur,Rajasthan,26.992325,77.307272
Delhi NCR,Shahpur Dang BO,,,Bharatpur,Rajasthan,26.823164,77.321219
Delhi NCR,Singhada BO,,,Bharatpur,Rajasthan,26.909945,77.313259
Delhi NCR,Aroda BO,,,Bharatpur,Rajasthan,26.877145,77.210348
Delhi NCR,Milsama BO,,,Bharatpur,Rajasthan,27.015014,77.745094
Delhi NCR,Nayagaon BO,,,Bharatpur,Rajasthan,27.043073,77.681751
Punjab,Dhudhal Kalan BO,,,Ludhiana,Punjab,30.62241,75.94279
Punjab,Ramgarh Sardaran BO,,,Ludhiana,Punjab,30.639726,75.903497
Punjab,Assi Kalan BO,,,Ludhiana,Punjab,30.771098,75.799643
Punjab,Lohgarh BO,,,Ludhiana,Punjab,30.447643,77.421428
Punjab,Harion Kalan BO,,,Ludhiana,Punjab,30.118047,75.629214
Punjab,Salaudi BO,,,Ludhiana,Punjab,30.751639,76.219667
Punjab,Ghungrali Sikhan BO,,,Ludhiana,Punjab,30.812846,76.246784
Punjab,Kotla Samashpur BO,,,Ludhiana,Punjab,30.825922,76.24465
Punjab,Rajewal BO,,,Ludhiana,Punjab,30.80162,76.195723
Punjab,Bilga BO,,,Ludhiana,Punjab,31.050155,75.654659
Punjab,Pawa BO,,,Ludhiana,Punjab,30.84657,75.947776
Punjab,Lehal BO,,,Ludhiana,Punjab,31.154371,75.873729
Punjab,Khunda BO,,,Gurdaspur,Punjab,31.93,75.34
Punjab,Langah BO,,,Gurdaspur,Punjab,32.02,75.28
Punjab,Awankha BO,,,Gurdaspur,Punjab,32.14,75.46
Punjab,Sahowal BO,,,Gurdaspur,Punjab,32.08,75.47
Punjab,Islampur BO,,,Gurdaspur,Punjab,32.13,75.31
Punjab,Chaunta BO,,,Gurdaspur,Punjab,32.12,75.57
Punjab,Bham BO,,,Gurdaspur,Punjab,31.77,75.46
Punjab,Bhambri BO,,,Gurdaspur,Punjab,31.77,75.43
Punjab,Nainakot BO,,,Gurdaspur,Punjab,31.88,75.43
Delhi NCR,Moroli Dang BO,,,Bharatpur,Rajasthan,26.951059,77.444523
Delhi NCR,Hishamada BO,,,Bharatpur,Rajasthan,27.06524,77.157755
Delhi NCR,Jagjiwanpur BO,,,Bharatpur,Rajasthan,27.030535,77.133207
Delhi NCR,Lakhanpur BO,,,Bharatpur,Rajasthan,26.980658,77.181825
Delhi NCR,Umrend BO,,,Bharatpur,Rajasthan,26.959104,77.222986
Delhi NCR,Gaidbara BO,,,Baghpat,Uttar Pradesh,29.20561,77.4391
Delhi NCR,Palra BO,,,Baghpat,Uttar Pradesh,29.16697,77.4026
Delhi NCR,Baragaon BO,,,Baghpat,Uttar Pradesh,28.8724,77.33284
Delhi NCR,Mubarikpur BO,,,Baghpat,Uttar Pradesh,28.8474,77.32215
Delhi NCR,Sankrodh BO,,,Baghpat,Uttar Pradesh,28.8638,77.24252
Delhi NCR,Asara BO,,,Baghpat,Uttar Pradesh,29.2462,77.30941
Delhi NCR,Basauli BO,,,Baghpat,Uttar Pradesh,29.17,77.26
Delhi NCR,Dhadhren BO,,,Bharatpur,Rajasthan,26.831819,77.197623
Delhi NCR,Dahgaon BO,,,Bharatpur,Rajasthan,26.978087,77.278047
Delhi NCR,Khohra BO,,,Bharatpur,Rajasthan,27.012911,77.277918
Delhi NCR,Salabad BO,,,Bharatpur,Rajasthan,26.98132,77.308511
Delhi NCR,Shergarh BO,,,Bharatpur,Rajasthan,26.873323,77.304053
Delhi NCR,Sadpura BO,,,Bharatpur,Rajasthan,26.97272,77.351646
Delhi NCR,Soopa BO,,,Bharatpur,Rajasthan,26.934326,77.370057
Delhi NCR,Bagren BO,,,Bharatpur,Rajasthan,26.896825,77.177281
Delhi NCR,Gajipur BO,,,Bharatpur,Rajasthan,26.900569,77.217085
Delhi NCR,Samogar BO,,,Bharatpur,Rajasthan,26.853798,77.243543
Delhi NCR,Chenkora BO,,,Bharatpur,Rajasthan,27.007979,77.6227
Delhi NCR,Khanwa BO,,,Bharatpur,Rajasthan,27.037199,77.54292
Delhi NCR,Mertha BO,,,Bharatpur,Rajasthan,27.010043,77.687931
Delhi NCR,Ondelgaddi BO,,,Bharatpur,Rajasthan,27.02289,77.564335
Delhi NCR,Kakraua BO,,,Bharatpur,Rajasthan,26.983888,77.367482
Delhi NCR,Rasilpur BO,,,Bharatpur,Rajasthan,27.00664,77.461592
Delhi NCR,Bansi BO,,,Bharatpur,Rajasthan,27.052781,77.239294
Delhi NCR,Muhari BO,,,Bharatpur,Rajasthan,27.039395,77.1859
Delhi NCR,Samraya BO,,,Bharatpur,Rajasthan,26.979375,77.22599
Delhi NCR,Siras BO,,,Bharatpur,Rajasthan,27.034129,77.128744
Delhi NCR,Jakhauli SO,,,Sonipat,Haryana,28.93425,77.1521389
Delhi NCR,Safdarjung Enclave SO,,,South,Delhi,28.6330278,77.1366389
Delhi NCR,R K Puram Sect7 SO,,,New Delhi,Delhi,28.5701944,77.1713056
Delhi NCR,R K Puram Sect8 SO,,,New Delhi,Delhi,28.5706389,77.1755
Delhi NCR,R K Puram Sector  6 Postal SB SO,,,New Delhi,Delhi,28.56,77.16
Delhi NCR,R R Hospital SO,,,New Delhi,Delhi,28.5845,77.1308056
Delhi NCR,Chak Samri BO,,,Bharatpur,Rajasthan,26.951606,77.604246
Delhi NCR,Maloni BO,,,Bharatpur,Rajasthan,26.932171,77.577982
Delhi NCR,Noharda BO,,,Bharatpur,Rajasthan,26.94625,77.586136
Delhi NCR,Rundh BO,,,Bharatpur,Rajasthan,26.96653,77.585213
Delhi NCR,Baroda BO,,,Bharatpur,Rajasthan,26.986303,77.369907
Delhi NCR,Mandoli BO,,,Bharatpur,Rajasthan,27.006526,77.436576
Delhi NCR,Dhanaura,,,Hapur,Uttar Pradesh,28.760733,77.805992
Delhi NCR,R K Puram West SO,,,New Delhi,Delhi,28.5653056,77.17975
Delhi NCR,Hiranwara BO,,,Shamli,Uttar Pradesh,29.517255,77.436544
Delhi NCR,Karoda Hathi BO,,,Shamli,Uttar Pradesh,29.464046,77.400993
Delhi NCR,Kedi BO,,,Shamli,Uttar Pradesh,29.502729,77.404242
Delhi NCR,R K Puram Sect4 SO,,,New Delhi,Delhi,28.555,77.1810278
Delhi NCR,R K Puram Sect5 SO,,,New Delhi,Delhi,28.5643889,77.1678333
Delhi NCR,Signal Enclave SO,,,New Delhi,Delhi,28.5760278,77.1457778
Delhi NCR,Kurmali BO,,,Shamli,Uttar Pradesh,29.436,77.396182
Delhi NCR,Pinna BO,,,Muzaffarnagar,Uttar Pradesh,29.46456,77.639523
Delhi NCR,Rahamatpur Garwara BO,,,Muzaffarnagar,Uttar Pradesh,29.526735,77.895683
Delhi NCR,Tissa BO,,,Muzaffarnagar,Uttar Pradesh,29.430945,77.896425
Delhi NCR,Titawi BO,,,Muzaffarnagar,Uttar Pradesh,29.471645,77.529498
Delhi NCR,Butrara BO,,,Shamli,Uttar Pradesh,29.462057,77.422521
Delhi NCR,Choonsa BO,,,Shamli,Uttar Pradesh,29.425993,77.402222
Delhi NCR,Gogwan Jalalpur BO,,,Shamli,Uttar Pradesh,29.539017,77.443264
Delhi NCR,Chhapar BO,,,Muzaffarnagar,Uttar Pradesh,29.573441,77.771148
Delhi NCR,Kasampur Patheri BO,,,Muzaffarnagar,Uttar Pradesh,29.550715,77.80111
Delhi NCR,Khudda BO,,,Muzaffarnagar,Uttar Pradesh,29.596092,77.747642
Delhi NCR,Phalauda BO,,,Muzaffarnagar,Uttar Pradesh,29.629455,77.816212
Delhi NCR,Jhal Nirgajani BO,,,Muzaffarnagar,Uttar Pradesh,29.524023,77.873202
Delhi NCR,Malpura BO,,,Muzaffarnagar,Uttar Pradesh,29.456148,77.886028
Delhi NCR,Nagla Bujurg BO,,,Muzaffarnagar,Uttar Pradesh,29.45435,77.856636
Delhi NCR,Rahakada BO,,,Muzaffarnagar,Uttar Pradesh,29.475769,77.853754
Delhi NCR,Nibhera BO,,,Bharatpur,Rajasthan,26.993563,77.447476
Delhi NCR,Jeewad BO,,,Bharatpur,Rajasthan,27.029541,77.209253
Delhi NCR,Rahimgarh BO,,,Bharatpur,Rajasthan,27.069215,77.13428
Delhi NCR,Suhans BO,,,Bharatpur,Rajasthan,27.016467,77.254744
Delhi NCR,Bagowali BO,,,Muzaffarnagar,Uttar Pradesh,29.516343,77.733024
Delhi NCR,Sahojani Tagan BO,,,Muzaffarnagar,Uttar Pradesh,29.372274,77.630269
Delhi NCR,Makhiyali BO,,,Muzaffarnagar,Uttar Pradesh,29.470398,77.762733
Delhi NCR,Taoli BO,,,Muzaffarnagar,Uttar Pradesh,29.415663,77.625774
Delhi NCR,Sarwat BO,,,Muzaffarnagar,Uttar Pradesh,29.460538,77.728677
Delhi NCR,Bharsi BO,,,Shamli,Uttar Pradesh,29.297459,77.302251
Delhi NCR,Nala BO,,,Shamli,Uttar Pradesh,29.282094,77.273691
Delhi NCR,Vasant Kunj PktA SO,,,New Delhi,Delhi,28.5139722,77.1655
Delhi NCR,Vasant Kunj SO,,,New Delhi,Delhi,28.5285,77.1578889
Delhi NCR,District Court Complex Dwarka,,,South West,Delhi,28.580691,77.059203
Delhi NCR,Kukara BO,,,Muzaffarnagar,Uttar Pradesh,29.454057,77.729291
Delhi NCR,Pachanda Kalan BO,,,Muzaffarnagar,Uttar Pradesh,29.488198,77.752051
Delhi NCR,Sher Nagar BO,,,Muzaffarnagar,Uttar Pradesh,29.44407,77.740894
Delhi NCR,Datiyana BO,,,Muzaffarnagar,Uttar Pradesh,29.528211,77.777491
Delhi NCR,Rampur BO,,,Muzaffarnagar,Uttar Pradesh,29.525457,77.708153
Delhi NCR,Bhanera BO,,,Shamli,Uttar Pradesh,29.358937,77.258188
Delhi NCR,N.S.I.T. Dwarka,,,South West,Delhi,28.6102222,77.0376667
Delhi NCR,Maya Puri,,,West,Delhi,28.6317778,77.1259167
Delhi NCR,Roni Hazipur BO,,,Muzaffarnagar,Uttar Pradesh,29.5443,77.429956
Delhi NCR,Pipal Hera BO,,,Shamli,Uttar Pradesh,29.530197,77.472051
Delhi NCR,Amir Nagar BO,,,Muzaffarnagar,Uttar Pradesh,29.494169,77.572329
Delhi NCR,Kazi Khera BO,,,Muzaffarnagar,Uttar Pradesh,29.464136,77.606545
Delhi NCR,Mandi BO,,,Muzaffarnagar,Uttar Pradesh,29.436449,77.572864
Delhi NCR,Nasir Pur BO,,,Muzaffarnagar,Uttar Pradesh,29.493146,77.52964
Delhi NCR,Khaikheri BO,,,Muzaffarnagar,Uttar Pradesh,29.59763,77.85656
Delhi NCR,Tuglakpur BO,,,Muzaffarnagar,Uttar Pradesh,29.60072,77.88712
Delhi NCR,Behra Thru BO,,,Muzaffarnagar,Uttar Pradesh,29.49357,77.862725
Delhi NCR,Jat Mujhera BO,,,Muzaffarnagar,Uttar Pradesh,29.467148,77.812445
Delhi NCR,Samalkha,,,Panipat,Haryana,29.2446944,77.0093333
Delhi NCR,Jarara BO,,,Bulandshahr,Uttar Pradesh,28.1036889,77.9972112
Punjab,Moga HO,,,Moga,Punjab,30.81337,75.175565
Punjab,Jagraon HO,,,Ludhiana,Punjab,30.7936111,75.4743333
Punjab,Khanna HO,,,Ludhiana,Punjab,30.7029167,76.2244167
Delhi NCR,Harsinghpur,,,Hapur,Uttar Pradesh,28.644753,77.769525
Punjab,Ferozepur HO,,,Firozepur,Punjab,30.927546,74.610497
Delhi NCR,Technology Bhawan SO,,,South,Delhi,28.5373056,77.1907222
Punjab,Ludhiana HO,,,Ludhiana,Punjab,30.9026389,75.83775
Delhi NCR,Panipat,,,Panipat,Haryana,29.3961111,76.9603333
Delhi NCR,Ashok Vihar HO,,,North,Delhi,28.6933611,77.1713889
Delhi NCR,Gurgaon HO,,,Gurugram,Haryana,28.462,77.0316389
Punjab,Bathinda HO,,,Bathinda,Punjab,30.2007123,74.9460617
Punjab,Batala HO,,,Gurdaspur,Punjab,31.8075,75.19558
Delhi NCR,Jind,,,Jind,Haryana,29.1846201,76.1924843
Delhi NCR,Patti Kalyana,,,Panipat,Haryana,29.2116944,77.2351667
Delhi NCR,Harsauli BO,,,Muzaffarnagar,Uttar Pradesh,29.404375,77.586316
Delhi NCR,T B Hospital SO,,,South,Delhi,28.5303611,77.1889722
Delhi NCR,South Delhi Campus SO,,,New Delhi,Delhi,28.5829722,77.1615
Delhi NCR,Subroto Park SO,,,New Delhi,Delhi,28.58325,77.1473611
Delhi NCR,Vasant Vihar1 SO,,,New Delhi,Delhi,28.568,77.1594167
Delhi NCR,Vasant Vihar2 SO,,,New Delhi,Delhi,28.5578889,77.15575
Delhi NCR,Naraina Village,,,New Delhi,Delhi,28.6305,77.1349167
Delhi NCR,Chhawla,,,South West,Delhi,28.6330278,77.1366389
Delhi NCR,CRPF Jharoda Kalan,,,South West,Delhi,28.6359167,77.9605833
Delhi NCR,Dwarka Sec-6,,,South West,Delhi,28.6068611,77.0415278
Delhi NCR,Najafgarh,,,South West,Delhi,28.441,77.9512222
Delhi NCR,Nangal Raya,,,New Delhi,Delhi,28.6110556,77.1088056
Delhi NCR,Jhilmil HO,,,Shahdara,Delhi,28.6739167,77.3198333
Delhi NCR,Maujpur SO,,,North East,Delhi,28.69225,77.2705556
Punjab,Tarn Taran HO,,,Tarn Taran,Punjab,31.457758,74.918607
Delhi NCR,Sansad Marg HO,,,New Delhi,Delhi,28.6225833,77.2127222
Delhi NCR,Bhiwani HO,,,Bhiwani,Haryana,28.7752,75.9928
Delhi NCR,Krishna Nagar HO,,,Shahdara,Delhi,28.6457222,77.2998056
Delhi NCR,New Delhi GPO,,,New Delhi,Delhi,28.6327,77.2233
Delhi NCR,Karwara BO,,,Muzaffarnagar,Uttar Pradesh,29.417292,77.582499
Delhi NCR,Ratheri BO,,,Muzaffarnagar,Uttar Pradesh,29.507384,77.735653
Delhi NCR,Barwala BO,,,Muzaffarnagar,Uttar Pradesh,29.431543,77.608173
Delhi NCR,Budina Kalan BO,,,Muzaffarnagar,Uttar Pradesh,29.458694,77.500297
Delhi NCR,Jasoi BO,,,Muzaffarnagar,Uttar Pradesh,29.50185,77.500547
Delhi NCR,Nagala Pithora BO,,,Muzaffarnagar,Uttar Pradesh,29.516639,77.498948
Delhi NCR,Mussa Bilaspur BO,,,Muzaffarnagar,Uttar Pradesh,29.452953,77.746167
Delhi NCR,Kinoni BO,,,Muzaffarnagar,Uttar Pradesh,29.449996,77.62948
Delhi NCR,Megha Kheri BO,,,Muzaffarnagar,Uttar Pradesh,29.504932,77.773037
Delhi NCR,Agarwal Paper Mill BO,,,Muzaffarnagar,Uttar Pradesh,29.4746281,77.7699245
Delhi NCR,Nirmana BO,,,Muzaffarnagar,Uttar Pradesh,29.382259,77.614363
Delhi NCR,Dedheru Kalan BO,,,Muzaffarnagar,Uttar Pradesh,29.49812,77.630443
Delhi NCR,Biral BO,,,Muzaffarnagar,Uttar Pradesh,29.25064,77.352418
Delhi NCR,Mohamad Pur Madan BO,,,Muzaffarnagar,Uttar Pradesh,29.443743,77.467802
Punjab,Gurdaspur HO,,,Gurdaspur,Punjab,32.043274,75.39888
Delhi NCR,Padam Nagar SO North Delhi,,,North,Delhi,28.667454,77.191701
Delhi NCR,Shakti Nagar SO North Delhi,,,North,Delhi,28.67993,77.194021
Delhi NCR,Avantika SO,,,North West,Delhi,28.707962,77.117033
Delhi NCR,Jahangir Puri A Block SO,,,North,Delhi,28.72775,77.1636111
Delhi NCR,Jahangir Puri D Block SO,,,North,Delhi,28.7305,77.1754722
Delhi NCR,Kanjhawla SO,,,North West,Delhi,28.7349167,77.0055556
Delhi NCR,Mangolpuri A Block SO,,,North West,Delhi,28.6938611,77.0936111
Delhi NCR,NSMandi SO,,,North,Delhi,28.7126944,77.1733333
Delhi NCR,Keshavpuram SO,,,North West,Delhi,28.6921111,77.1578611
Delhi NCR,Rani Bagh SO,,,North West,Delhi,28.68875,77.1321111
Delhi NCR,Sonipat HO,,,Sonipat,Haryana,28.9926944,77.0179722
Delhi NCR,Refinery Township Panipat SO,,,Panipat,Haryana,29.47308,76.87831
Delhi NCR,Patrachar Vidyalay SO,,,Central,Delhi,28.7060278,77.2217778
Delhi NCR,Nand Nagri C SO,,,North East,Delhi,28.6921111,77.3042222
Delhi NCR,Seelampur SO,,,North East,Delhi,28.6737778,77.2763889
Delhi NCR,Shahdara SO,,,Shahdara,Delhi,28.6754167,77.2903611
Delhi NCR,Gandhi Nagar SO East Delhi,,,Shahdara,Delhi,28.6921111,77.3042222
Delhi NCR,Govind Pura SO,,,East,Delhi,28.6453611,77.2871111
Delhi NCR,Himmatpuri SO,,,East,Delhi,28.6053889,77.3073333
Delhi NCR,IP Extension SO,,,East,Delhi,28.6336389,77.3111944
Delhi NCR,Kalyanvas SO,,,East,Delhi,28.6198333,77.3121111
Delhi NCR,Laxmi Nagar SO East Delhi,,,East,Delhi,28.6921111,77.3042222
Delhi NCR,Mayur Vihar PhI SO,,,East,Delhi,28.607,77.2945833
Delhi NCR,Patparganj SO,,,East,Delhi,28.6143611,77.2900278
Delhi NCR,Rajgarh Colony SO,,,East,Delhi,28.65925,77.2742222
Delhi NCR,Vishwas Nagar SO,,,Shahdara,Delhi,28.6668333,77.2946389
Delhi NCR,Narnaul HO,,,Mahendragarh,Haryana,28.0501111,76.1168889
Punjab,Patiala HO,,,Patiala,Punjab,30.3345278,76.3858889
Punjab,Rajpura HO,,,Patiala,Punjab,30.4859722,76.5924722
Delhi NCR,Jawahar Nagar SO North Delhi,,,North,Delhi,28.678498,77.207323
Delhi NCR,RCAO SO,,,North,Delhi,28.629917,77.239895
Delhi NCR,Yozna Vihar SO,,,East,Delhi,28.69225,77.3042222
Delhi NCR,Lodi Road HO,,,South,Delhi,28.5896111,77.2191944
Delhi NCR,Shivaji Park SO East Delhi,,,Shahdara,Delhi,28.6739166,77.3198333
Delhi NCR,Raghubar Pura SO,,,Shahdara,Delhi,28.6628333,77.2676944
Delhi NCR,Surajmal Vihar SO,,,Shahdara,Delhi,28.6617778,77.3059722
Delhi NCR,Vasundhra Enclave SO,,,East,Delhi,28.6221944,77.3167222
Delhi NCR,Amarnagar SO Faridabad,,,Faridabad,Haryana,28.3917778,77.3021389
Delhi NCR,Faridabad City SO,,,Faridabad,Haryana,28.7080833,77.2719167
Delhi NCR,Faridabad Sector 12 SO,,,Faridabad,Haryana,28.3832778,77.3258889
Delhi NCR,Faridabad Sector 16a  SO,,,Faridabad,Haryana,28.3917778,77.3021389
Delhi NCR,Faridabad Sector 22 SO,,,Faridabad,Haryana,28.3917778,77.3021389
Delhi NCR,Faridabad Sector 3 SO,,,Faridabad,Haryana,28.3509444,77.3455556
Delhi NCR,Faridabad Sector 8 SO,,,Faridabad,Haryana,28.3574444,77.3336389
Delhi NCR,Hathin SO,,,Palwal,Haryana,28.0405833,77.0405833
Delhi NCR,Hodal SO,,,Palwal,Haryana,27.8942222,77.3709444
Delhi NCR,Industrial Area Faridabad SO,,,Faridabad,Haryana,28.2490556,77.7498333
Delhi NCR,Jawahar Colony Faridabad SO,,,Faridabad,Haryana,28.3696111,77.2866389
Delhi NCR,Jawahar Nagar Palwal SO,,,Palwal,Haryana,28.9949444,77.3315556
Delhi NCR,NIFM Faridabad SO,,,Faridabad,Haryana,28.3875833,77.2998889
Delhi NCR,Kot BO,,,Gautam Buddha Nagar,Uttar Pradesh,28.535516,77.391026
Delhi NCR,Luharli BO,,,Gautam Buddha Nagar,Uttar Pradesh,28.490659,77.623541
Delhi NCR,Sainthli BO,,,Gautam Buddha Nagar,Uttar Pradesh,28.535516,77.391026
Delhi NCR,Kasna BO,,,Gautam Buddha Nagar,Uttar Pradesh,28.452212,77.525161
Delhi NCR,Maicha BO,,,Gautam Buddha Nagar,Uttar Pradesh,28.480896,77.325981
Delhi NCR,Nagla Charandas BO,,,Gautam Buddha Nagar,Uttar Pradesh,28.539212,77.406374
Delhi NCR,Behrampur BO,,,Gautam Buddha Nagar,Uttar Pradesh,28.633753,77.402775
Delhi NCR,Nh3 Faridabad SO,,,Faridabad,Haryana,28.402,77.2921944
Delhi NCR,Palwal SO,,,Palwal,Haryana,28.1416667,77.3276667
Delhi NCR,Sector21D  SO,,,Faridabad,Haryana,28.3917778,77.3021389
Delhi NCR,Tigaon SO,,,Faridabad,Haryana,28.3503889,77.3998889
Delhi NCR,Bhondsi SO,,,Gurugram,Haryana,28.3168333,77.0620833
Delhi NCR,Faridabad NIT HO,,,Faridabad,Haryana,28.3917778,77.3021389
Delhi NCR,Aurangabad SO Faridabad,,,Palwal,Haryana,28.3917778,77.3021389
Delhi NCR,Chawla Colony Ballabgarh SO,,,Faridabad,Haryana,28.3433611,77.3214722
Delhi NCR,Escortsnagar Faridabad SO,,,Faridabad,Haryana,28.3832778,77.3258889
Delhi NCR,Faridabad Sector 15 SO,,,Faridabad,Haryana,28.395403,77.315292
Delhi NCR,Faridabad Sector 18 SO,,,Faridabad,Haryana,28.41825,77.3256389
Delhi NCR,NTPCsector10 Faridabad SO,,,Faridabad,Haryana,28.34975,77.3607778
Delhi NCR,Nhpc Colony Faridabad SO,,,Faridabad,Haryana,28.5821389,77.9790278
Delhi NCR,Sector55 PO,,,Faridabad,Haryana,28.3453,77.2965
Delhi NCR,SECTOR46,,,Faridabad,Haryana,28.4391,77.3009
Delhi NCR,Badshahpur SO,,,Gurugram,Haryana,28.3928333,77.0549167
Delhi NCR,Chiriya SO,,,Charki Dadri,Haryana,28.4614,76.2609
Delhi NCR,Jhojhu SO,,,Charki Dadri,Haryana,28.5216,76.1508
Delhi NCR,Kalkaji HO,,,South East,Delhi,28.5431667,77.2576667
Punjab,Amritsar GPO,,,Amritsar,Punjab,31.638561,74.882557
Delhi NCR,Abupur BO,,,Ghaziabad,Uttar Pradesh,28.797536,77.521096
Delhi NCR,Noorpur BO,,,Ghaziabad,Uttar Pradesh,28.744381,77.552624
Delhi NCR,Raoli Kalan BO,,,Ghaziabad,Uttar Pradesh,28.690728,77.420105
Delhi NCR,Shahpur BO,,,Ghaziabad,Uttar Pradesh,28.734256,77.448464
Delhi NCR,Sultanpur BO,,,Ghaziabad,Uttar Pradesh,28.781215,77.461592
Delhi NCR,Surana BO,,,Ghaziabad,Uttar Pradesh,28.859239,77.422863
Delhi NCR,Anwarpur BO,,,Hapur,Uttar Pradesh,28.711264,77.696557
Delhi NCR,Atrauli BO,,,Ghaziabad,Uttar Pradesh,28.73058,77.775882
Delhi NCR,Bajhera Khurd BO,,,Hapur,Uttar Pradesh,28.66529,77.633566
Delhi NCR,Bhadaula BO,,,Ghaziabad,Uttar Pradesh,28.790901,77.665782
Delhi NCR,Girdharpur Tumrel BO,,,Hapur,Uttar Pradesh,28.717775,79.461951
Delhi NCR,Phagota BO,,,Hapur,Uttar Pradesh,28.73058,77.775882
Delhi NCR,Kathikhera BO,,,Hapur,Uttar Pradesh,28.6848,77.81732
Delhi NCR,Bajhera Kalan BO,,,Hapur,Uttar Pradesh,28.603245,77.723747
Delhi NCR,Dahana BO,,,Hapur,Uttar Pradesh,28.610036,77.758798
Delhi NCR,Iklehdi BO,,,Hapur,Uttar Pradesh,28.73058,77.775882
Delhi NCR,Bankhanda BO,,,Hapur,Uttar Pradesh,28.723338,77.931742
Delhi NCR,Hosdarpur Garhi BO,,,Hapur,Uttar Pradesh,28.723804,77.849592
Delhi NCR,Kanya Kalyanpur BO,,,Hapur,Uttar Pradesh,28.759272,77.876744
Delhi NCR,Matnaura BO,,,Hapur,Uttar Pradesh,28.785357,77.879602
Delhi NCR,DLF QE SO,,,Gurugram,Haryana,28.466093,77.1058349
Delhi NCR,Gurgaon Sector 17 SO,,,Gurugram,Haryana,28.4782581,77.0608139
Delhi NCR,Gurgaon South City I SO,,,Gurugram,Haryana,28.4596111,77.0672778
Delhi NCR,Gurgaon South City II SO,,,Gurugram,Haryana,28.462,77.0316389
Delhi NCR,Khalilpur SO,,,Gurugram,Haryana,28.2743611,76.6789722
Delhi NCR,Narsinghpur SO,,,Gurugram,Haryana,28.4134444,76.9918056
Delhi NCR,Nsg Camp Manesar SO,,,Gurugram,Haryana,28.342,76.9365278
Delhi NCR,Palam Road SO,,,Gurugram,Haryana,28.4973611,77.0630556
Delhi NCR,Shivaji Nagar SO Gurgaon,,,Gurugram,Haryana,28.455677,77.0245666
Delhi NCR,Bawania SO,,,Mahendragarh,Haryana,28.3843056,76.1831389
Delhi NCR,Mini SecttNarnaul SO,,,Mahendragarh,Haryana,28.4486111,77.0293056
Delhi NCR,Nangal Sirohi SO,,,Mahendragarh,Haryana,27.8916389,76.1113056
Delhi NCR,Central University Haryana Mohindergarh SO,,,Mahendragarh,Haryana,28.271019,76.149389
Delhi NCR,Ramesh Nagar,,,West,Delhi,28.6498611,77.1306667
Delhi NCR,Maharampur BO,,,Shamli,Uttar Pradesh,29.493396,77.347928
Delhi NCR,Malandi BO,,,Shamli,Uttar Pradesh,29.506913,77.289344
Delhi NCR,Phugana BO,,,Muzaffarnagar,Uttar Pradesh,29.333766,77.389595
Delhi NCR,Bhaisani Islampur BO,,,Shamli,Uttar Pradesh,29.560038,77.463257
Delhi NCR,Behl SO,,,Bhiwani,Haryana,28.6296,75.6179
Delhi NCR,Birla Colony Bhiwani SO,,,Bhiwani,Haryana,28.7752,75.9928
Delhi NCR,Bus Stand Bhiwani SO,,,Bhiwani,Haryana,28.7752,75.9928
Delhi NCR,Karnal,,,Karnal,Haryana,29.6874444,76.9906667
Delhi NCR,Rana Pratap Bagh SO,,,North,Delhi,28.6872778,77.1936111
Delhi NCR,Roshan Ara Road SO,,,North,Delhi,28.6689444,77.2061111
Delhi NCR,Alipur SO,,,North,Delhi,28.7978056,77.13
Delhi NCR,Delhi Engg College SO,,,North West,Delhi,28.7463611,77.1185278
Delhi NCR,DrMukerjee Nagar SO,,,North,Delhi,28.7108611,77.2158333
Delhi NCR,Ganeshpura SO,,,North West,Delhi,28.6754167,77.1655556
Delhi NCR,Gujranwala Colony SO,,,North West,Delhi,28.6955833,77.1901111
Delhi NCR,Haiderpur SO,,,North,Delhi,28.7246667,77.1469444
Delhi NCR,Jahangir Puri H Block SO,,,North,Delhi,28.7271389,77.1749722
Delhi NCR,Mangolpuri I  Block SO,,,North West,Delhi,28.7147778,77.0878333
Delhi NCR,Model Town II SO,,,North,Delhi,28.7062778,77.1897222
Delhi NCR,Pooth Kalan Resettlement SO,,,North West,Delhi,28.7014167,77.0796944
Delhi NCR,Prashant Vihar SO,,,North West,Delhi,28.7168889,77.1380556
Delhi NCR,Rohini sec11 SO,,,North West,Delhi,28.728826,77.106806
Delhi NCR,Jamalpur SO Bhiwani,,,Bhiwani,Haryana,28.9639,75.9565
Delhi NCR,Lohar Bazar SO,,,Bhiwani,Haryana,28.7752,75.9928
Delhi NCR,Loharu SO,,,Bhiwani,Haryana,28.4267,75.804
Delhi NCR,Manheru SO,,,Bhiwani,Haryana,28.7084,76.22
Delhi NCR,Neemariwali PO,,,Bhiwani,Haryana,28.7158,76.1414
Delhi NCR,Birhi Kalan SO,,,Charki Dadri,Haryana,28.5997,76.1517
Delhi NCR,Nihalgard PO,,,Charki Dadri,Haryana,28.5074,76.0695
Delhi NCR,Indraprastha HO,,,Central,Delhi,28.6317778,77.24025
Delhi NCR,Bapora SO,,,Bhiwani,Haryana,28.8199,76.0653
Delhi NCR,Bawani Khera SO,,,Bhiwani,Haryana,28.9449,76.865
Delhi NCR,Bseh Bhiwani SO,,,Bhiwani,Haryana,28.7752,75.9928
Delhi NCR,Chang SO,,,Bhiwani,Haryana,28.8837,76.2392
Delhi NCR,Jalan Hospital Bhiwani SO,,,Bhiwani,Haryana,28.7752,75.9928
Delhi NCR,Kharak Kalan SO,,,Bhiwani,Haryana,28.828,76.3087
Delhi NCR,Siwani SO,,,Bhiwani,Haryana,28.9084,75.6121
Delhi NCR,Tigrana SO,,,Bhiwani,Haryana,28.862,76.1407
Delhi NCR,Tosham SO,,,Bhiwani,Haryana,28.8725,75.9144
Delhi NCR,Sarojini Nagar HO,,,New Delhi,Delhi,28.5758333,77.1993611
Delhi NCR,Naraina Industrial Estate,,,New Delhi,Delhi,28.632141,77.138852
Delhi NCR,Dhansa,,,South West,Delhi,28.554485,76.865029
Delhi NCR,Gopal Nagar SO,,,South West,Delhi,28.612297,76.968627
Delhi NCR,Durga Park PO,,,South West,Delhi,28.602626,77.089702
Punjab,Sangrur HO,,,Sangrur,Punjab,30.2455278,75.8443056
Delhi NCR,Delhi GPO,,,Central,Delhi,28.635313,77.224955
Delhi NCR,Mini Sectt NUH SO,,,Nuh,Haryana,28.095943,77.001664
Delhi NCR,Ferozepur Jhirka SO,,,Nuh,Haryana,27.7781944,76.9451944
Delhi NCR,Nagina SO Gurgaon,,,Nuh,Haryana,27.9204,76.984468
Delhi NCR,Tatarpur BO,,,Hapur,Uttar Pradesh,28.723804,77.849592
Delhi NCR,Upera BO,,,Hapur,Uttar Pradesh,28.729509,77.896747
Delhi NCR,Bihuni BO,,,Hapur,Uttar Pradesh,28.761241,78.056447
Delhi NCR,Gandu Nagla BO,,,Hapur,Uttar Pradesh,28.73058,77.775882
Delhi NCR,Jakhera Rahmatpur BO,,,Hapur,Uttar Pradesh,28.691662,78.050928
Delhi NCR,Luhari BO,,,Hapur,Uttar Pradesh,28.734215,78.053068
Delhi NCR,Churiyala BO,,,Ghaziabad,Uttar Pradesh,28.855159,77.670792
Delhi NCR,Rori BO,,,Ghaziabad,Uttar Pradesh,28.862088,77.606354
Delhi NCR,Saidpur BO,,,Ghaziabad,Uttar Pradesh,28.867107,77.645021
Delhi NCR,Nagla Akhu BO,,,Ghaziabad,Uttar Pradesh,28.727872,77.404928
Delhi NCR,Niwari BO,,,Ghaziabad,Uttar Pradesh,28.890853,77.51131
Delhi NCR,Painga BO,,,Ghaziabad,Uttar Pradesh,28.856691,77.525396
Delhi NCR,Shahjahanpur BO,,,Ghaziabad,Uttar Pradesh,28.83632,77.622109
Delhi NCR,Bharna BO,,,Hapur,Uttar Pradesh,28.700094,78.016685
Delhi NCR,Datiyana BO,,,Hapur,Uttar Pradesh,29.528408,77.773816
Delhi NCR,Dhana BO,,,Hapur,Uttar Pradesh,28.73058,77.775882
Delhi NCR,Mohdpur Khudaliya BO,,,Hapur,Uttar Pradesh,28.75003,77.97311
Delhi NCR,Bhadauli BO,,,Ghaziabad,Uttar Pradesh,28.669156,77.453758
Delhi NCR,Didauli BO,,,Ghaziabad,Uttar Pradesh,28.829494,78.528649
Delhi NCR,Kumhera BO,,,Ghaziabad,Uttar Pradesh,28.770375,77.498875
Delhi NCR,Gurgaon Kty SO,,,Gurugram,Haryana,28.4685833,77.0217778
Delhi NCR,Gurgaon Sector 45 SO,,,Gurugram,Haryana,28.462,77.0316389
Delhi NCR,Mini Sectt SO,,,Gurugram,Haryana,28.4486944,77.0293056
Delhi NCR,Railwary Road SO,,,Gurugram,Haryana,28.4227222,77.1031389
Delhi NCR,Mohindergarh SO,,,Mahendragarh,Haryana,28.2653333,76.1439444
Delhi NCR,Malka Ganj SO,,,Central,Delhi,28.6765833,77.2088333
Punjab,Faridkot HO,,,Faridkot,Punjab,30.666212,74.740482
Delhi NCR,Burari SO,,,Central,Delhi,28.7572222,77.1977778
Delhi NCR,Delhi Sadar Bazar SO,,,Central,Delhi,28.6579722,77.2144444
Delhi NCR,Wazirabad Village SO,,,Central,Delhi,28.722239,77.221819
Delhi NCR,Aruna Nagar SO,,,Central,Delhi,28.697557,77.225067
Delhi NCR,Civil Lines SO North Delhi,,,Central,Delhi,28.6624167,77.2348333
Delhi NCR,District Courts SO North Delhi,,,Central,Delhi,28.667094,77.216534
Delhi NCR,Timarpur SO,,,Central,Delhi,28.7032778,77.2228611
Delhi NCR,Chausana BO,,,Shamli,Uttar Pradesh,29.665149,77.180892
Delhi NCR,Gagaur BO,,,Shamli,Uttar Pradesh,29.629158,77.231891
Delhi NCR,Garhi Hasanpur BO,,,Shamli,Uttar Pradesh,29.680328,77.234615
Delhi NCR,Kail Shikarpur BO,,,Shamli,Uttar Pradesh,29.58081,77.345467
Delhi NCR,Mundet Khadar BO,,,Shamli,Uttar Pradesh,29.644367,77.280257
Delhi NCR,Rangana BO,,,Shamli,Uttar Pradesh,29.563683,77.218256
Delhi NCR,Chand Nagar,,,West,Delhi,28.6463611,77.0990556
Delhi NCR,D.E.S.U. Colony,,,West,Delhi,28.6115,77.0970833
Delhi NCR,ESI,,,West,Delhi,28.6591944,77.1315
Delhi NCR,Khyala Phase   II,,,West,Delhi,28.6569167,77.10325
Delhi NCR,Madipur Slum Quarter,,,West,Delhi,28.6667222,77.1190556
Delhi NCR,Madipur Village,,,West,Delhi,28.6735833,77.1226111
Delhi NCR,Punjabi Bagh Sec   III,,,West,Delhi,28.6198611,77.0975833
Delhi NCR,Subhash Nagar S.O (West Delhi),,,West,Delhi,28.640446,77.104918
Delhi NCR,Tilak Nagar S.O (West Delhi),,,West,Delhi,28.6498611,77.1306667
Delhi NCR,Vikas Puri,,,West,Delhi,28.6396389,77.0761111
Delhi NCR,Nand Nagri A SO,,,North East,Delhi,28.6739166,77.2943611
Delhi NCR,Shaheed Bhagat Singh Colony SO,,,North East,Delhi,28.6739166,77.3198333
Delhi NCR,Shriram Colony Rajeev Nagar SO,,,North East,Delhi,28.6739166,77.3198333
Delhi NCR,Sonia Vihar SO,,,North East,Delhi,28.7262778,77.2476944
Delhi NCR,Yamuna Vihar SO,,,North East,Delhi,28.7006667,77.2776389
Delhi NCR,Delhi University SO,,,North,Delhi,28.68975,77.2152778
Delhi NCR,Gulabi Bagh SO,,,North West,Delhi,28.6736944,77.1918333
Delhi NCR,Kamla Nagar SO North Delhi,,,North,Delhi,28.680865,77.201
Delhi NCR,Anandvas Shakurpur SO,,,North West,Delhi,28.7061667,77.1483333
Delhi NCR,Badli SO North West Delhi,,,North West,Delhi,28.74469,77.145037
Delhi NCR,Bawana SO,,,North,Delhi,28.7996944,77.0380556
Delhi NCR,C4 Keshav Puram SO North West Delhi,,,North West,Delhi,28.691258,77.156291
Delhi NCR,Khera Kalan SO,,,North,Delhi,28.7721667,77.119
Delhi NCR,Mangolpuri N Block SO,,,North West,Delhi,28.6936667,77.09
Delhi NCR,Mangolpuri S Block SO,,,North West,Delhi,28.6904722,77.0822778
Delhi NCR,Model Town III SO,,,North,Delhi,28.7075278,77.1880556
Delhi NCR,Narela SO,,,North,Delhi,28.8508056,77.0880556
Delhi NCR,Nimri SO,,,North West,Delhi,28.6726389,77.1811111
Delhi NCR,Assandh,,,Karnal,Haryana,29.5212222,76.6070278
Delhi NCR,Ballah,,,Karnal,Haryana,29.5053611,76.7852222
Delhi NCR,Gharunda,,,Karnal,Haryana,28.5427222,76.9730556
Delhi NCR,Jundla,,,Karnal,Haryana,29.5176389,76.8698611
Delhi NCR,Karnal Model Town,,,Karnal,Haryana,29.6996111,76.9848889
Delhi NCR,Karnal New Prem Nagar,,,Karnal,Haryana,29.6933056,76.9643889
Delhi NCR,Karnal Partap Pura,,,Karnal,Haryana,29.6825556,76.9908333
Delhi NCR,Kunjpura,,,Karnal,Haryana,29.7176111,77.0783056
Delhi NCR,Mini sectt  sector 12 Kanral,,,Karnal,Haryana,29.5902777,76.1099166
Delhi NCR,Salwan,,,Karnal,Haryana,29.5052778,76.7146111
Delhi NCR,Taraori,,,Karnal,Haryana,29.7988889,76.9283611
Delhi NCR,Israna,,,Panipat,Haryana,29.2734444,76.8505278
Delhi NCR,Panipat Patel Nagar,,,Panipat,Haryana,29.4030278,76.9734444
Delhi NCR,Factory Area Faridabad SO,,,Faridabad,Haryana,28.2004722,77.2058333
Delhi NCR,Faridabad Sector 29 SO,,,Faridabad,Haryana,28.3917778,77.3021389
Delhi NCR,Faridabad Sector 9 SO,,,Faridabad,Haryana,28.3720518,77.3321204
Delhi NCR,Roop Nagar SO,,,North,Delhi,28.6766111,77.2088889
Delhi NCR,Adrash Nagar SO,,,North,Delhi,28.7164722,77.175
Delhi NCR,GTB Nagar SO,,,North,Delhi,28.698444,77.202111
Delhi NCR,HSSangh SO,,,North,Delhi,28.6984444,77.2021111
Delhi NCR,Maurya Enclave SO,,,North West,Delhi,28.7046667,77.1447222
Delhi NCR,Nirankari Colony SO,,,North,Delhi,28.71525,77.2044444
Delhi NCR,Power House SO,,,North West,Delhi,28.6738333,77.1445833
Delhi NCR,Rohini Courts SO,,,North West,Delhi,28.70775,77.132
Delhi NCR,Rohini Sector 15 SO,,,North West,Delhi,28.7348056,77.1325
Delhi NCR,Madhuban S.O (Karnal),,,Karnal,Haryana,29.6874444,76.9906667
Delhi NCR,Nilokheri,,,Karnal,Haryana,29.8383333,76.9329722
Delhi NCR,S.S. Kunjpura,,,Karnal,Haryana,29.7265278,77.0590556
Delhi NCR,Dharthrath,,,Jind,Haryana,29.3804444,76.4505278
Delhi NCR,Jind Mini Sectt.,,,Jind,Haryana,29.3097222,76.3382222
Delhi NCR,Jind Rohtak Road,,,Jind,Haryana,29.3091667,76.3141944
Delhi NCR,Julana,,,Jind,Haryana,29.4028333,76.9734444
Delhi NCR,Narwana,,,Jind,Haryana,29.5902778,76.1099167
Delhi NCR,Shamlo Kalan,,,Jind,Haryana,29.2098056,76.39675
Delhi NCR,Uchana,,,Jind,Haryana,29.4673194,76.1809416
Delhi NCR,New Seemapuri SO,,,Shahdara,Delhi,28.6891667,77.3285
Delhi NCR,Old Seemapuri SO,,,Shahdara,Delhi,28.6805556,77.3303333
Delhi NCR,Shahdara Mandi SO,,,Shahdara,Delhi,28.6699167,77.2888333
Delhi NCR,Anand Vihar SO,,,East,Delhi,28.6522222,77.3064444
Delhi NCR,Azad Nagar SO East Delhi,,,Shahdara,Delhi,28.69225,77.3042222
Delhi NCR,Distt Court KKD SO,,,Shahdara,Delhi,28.6546944,77.2973611
Delhi NCR,Kailash Nagar SO,,,Shahdara,Delhi,28.6646111,77.2593611
Delhi NCR,Mandawali Fazalpur SO,,,East,Delhi,28.627,77.2063333
Delhi NCR,Shakarpur SO,,,East,Delhi,28.627,77.2850278
Delhi NCR,Vivek Vihar SO,,,Shahdara,Delhi,28.6759722,77.3267778
Delhi NCR,Rohtash Nagar SO,,,Shahdara,Delhi,28.6806111,77.2859444
Delhi NCR,Telewara SO,,,Shahdara,Delhi,28.6726389,77.2895
Delhi NCR,Gandhi Nagar Bazar SO,,,Shahdara,Delhi,28.6606111,77.2664167
Delhi NCR,Geeta Colony SO,,,Shahdara,Delhi,28.653,77.2741667
Delhi NCR,Kalyanpuri SO,,,East,Delhi,28.6146944,77.3178056
Delhi NCR,Mayur Vihar PhIII SO,,,East,Delhi,28.6086389,77.3364167
Delhi NCR,Nirman Vihar SO,,,East,Delhi,28.635,77.2895556
Delhi NCR,Ram Nagar SO East Delhi,,,East,Delhi,28.65925,77.2742222
Delhi NCR,Shastri Nagar SO East Delhi,,,East,Delhi,28.69225,77.2742222
Delhi NCR,Trilok Puri SO,,,East,Delhi,28.6138889,77.2935556
Delhi NCR,Vishwakarma Nagar SO,,,Shahdara,Delhi,28.6721111,77.3069722
Delhi NCR,Laxmi Nagar Extension SO,,,East,Delhi,28.6921111,77.3042222
Delhi NCR,Feroz Gandhi Nagar Faridabad SO,,,Faridabad,Haryana,28.5461389,77.2814722
Delhi NCR,GT Road Faridabad SO,,,Faridabad,Haryana,28.36625,77.3154722
Delhi NCR,Nh2 Faridabad SO,,,Faridabad,Haryana,28.1281944,77.8165
Delhi NCR,Nh4 Faridabad SO,,,Faridabad,Haryana,28.3534167,77.6948611
Delhi NCR,Sec91 SO,,,Faridabad,Haryana,28.3917778,77.3021389
Delhi NCR,Greater Faridabad PO,,,Faridabad,Haryana,28.4726,77.4848
Delhi NCR,Bambawar BO,,,Gautam Buddha Nagar,Uttar Pradesh,28.611417,77.547612
Delhi NCR,Chainsa BO,,,Gautam Buddha Nagar,Uttar Pradesh,28.5501,77.386947
Delhi NCR,Jarcha BO,,,Gautam Buddha Nagar,Uttar Pradesh,28.570839,77.652181
Delhi NCR,Khandera BO,,,Gautam Buddha Nagar,Uttar Pradesh,28.526625,77.610749
Delhi NCR,Kheri Bhanota BO,,,Gautam Buddha Nagar,Uttar Pradesh,28.535516,77.391026
Delhi NCR,Sunder Nagari SO,,,North East,Delhi,28.6739166,77.3198333
Delhi NCR,Bedpura BO,,,Gautam Buddha Nagar,Uttar Pradesh,28.566022,77.553344
Delhi NCR,Sakipur BO,,,Gautam Buddha Nagar,Uttar Pradesh,28.501498,77.523246
Delhi NCR,Baraula BO,,,Gautam Buddha Nagar,Uttar Pradesh,28.562197,77.374073
Delhi NCR,Gejha BO,,,Gautam Buddha Nagar,Uttar Pradesh,28.523098,77.385555
Delhi NCR,Sarfabad BO,,,Gautam Buddha Nagar,Uttar Pradesh,28.584932,77.38699
Delhi NCR,Piaoli BO,,,Gautam Buddha Nagar,Uttar Pradesh,28.535516,77.391026
Delhi NCR,Achina SO,,,Charki Dadri,Haryana,28.6745,76.3707
Delhi NCR,Charkhi  Dadri Hsgii SO,,,Charki Dadri,Haryana,28.5921,76.2653
Delhi NCR,Janta College Charkhi Dadri SO,,,Charki Dadri,Haryana,28.5921,76.2653
Delhi NCR,Sanwar SO Bhiwani,,,Charki Dadri,Haryana,28.7129,76.2911
Delhi NCR,Khanpur BO,,,Shamli,Uttar Pradesh,29.597752,77.384207
Delhi NCR,Nojal BO,,,Shamli,Uttar Pradesh,29.619873,77.472095
Delhi NCR,Lank BO,,,Shamli,Uttar Pradesh,29.382138,77.382138
Delhi NCR,Taprana BO,,,Shamli,Uttar Pradesh,29.488004,77.256911
Delhi NCR,Bhanera Jat BO,,,Shamli,Uttar Pradesh,29.432337,77.428293
Delhi NCR,Bhora Kalan BO,,,Muzaffarnagar,Uttar Pradesh,29.389077,77.446259
Delhi NCR,Harar Fatehpur BO,,,Shamli,Uttar Pradesh,29.550182,77.394362
Delhi NCR,Kankarwali Rewari SO,,,Rewari,Haryana,28.202722,76.616953
Delhi NCR,Dharan SO,,,Rewari,Haryana,28.2017222,76.5955833
Delhi NCR,Gokal Bazar Rewari SO,,,Rewari,Haryana,28.1901111,76.6118889
Delhi NCR,Khori SO,,,Rewari,Haryana,28.209,76.8841111
Delhi NCR,Kund SO,,,Rewari,Haryana,28.1501944,76.3992778
Delhi NCR,New Anaz Mandi Rewari SO,,,Rewari,Haryana,28.1830833,76.6128333
Delhi NCR,Tehsil Road Rewari SO,,,Rewari,Haryana,28.18775,76.6051111
Delhi NCR,Rewari SO,,,Rewari,Haryana,28.0501111,76.1168889
Delhi NCR,Badhara SO,,,Charki Dadri,Haryana,28.5094,75.9376
Delhi NCR,Baund SO,,,Charki Dadri,Haryana,28.7784,76.3418
Delhi NCR,Charkhi Dadri City SO,,,Charki Dadri,Haryana,28.5921,76.2653
Delhi NCR,Bawal SO,,,Rewari,Haryana,28.0733889,76.5809722
Delhi NCR,Dahina SO,,,Rewari,Haryana,28.2938611,76.3839722
Delhi NCR,Nahar SO,,,Rewari,Haryana,28.4120556,76.398
Delhi NCR,DLF PhII SO,,,Gurugram,Haryana,28.462,77.0316389
Delhi NCR,DLF PhIII SO,,,Gurugram,Haryana,28.466093,77.1058349
Delhi NCR,Farrukh Nagar SO,,,Gurugram,Haryana,28.4493056,76.8216111
Delhi NCR,Galleria DLFIV SO,,,Gurugram,Haryana,28.3408889,76.7561944
Delhi NCR,Garhi Harsaru SO,,,Gurugram,Haryana,28.4384722,76.9354444
Delhi NCR,Gurgaon Sector 56 SO,,,Gurugram,Haryana,28.462,77.0316389
Delhi NCR,Haillymandi SO,,,Gurugram,Haryana,28.3351667,76.7561111
Delhi NCR,Industrial Complex Dundahera SO,,,Gurugram,Haryana,28.4965833,77.0852778
Delhi NCR,Industrial Estate SO Gurgaon,,,Gurugram,Haryana,28.462,77.0316389
Delhi NCR,Nanukalan SO,,,Gurugram,Haryana,28.28825,76.6841389
Delhi NCR,New Colony SO Gurgaon,,,Gurugram,Haryana,28.4662551,77.0173111
Delhi NCR,Sohna SO,,,Gurugram,Haryana,28.40025,77.0675278
Delhi NCR,IMT Manesar SO,,,Gurugram,Haryana,28.342,76.9364722
Delhi NCR,Khandsa Road SO,,,Gurugram,Haryana,28.4489583,77.019225
Delhi NCR,Palam Vihar SO Gurgaon,,,Gurugram,Haryana,28.462,77.0316389
Delhi NCR,Pataudi SO,,,Gurugram,Haryana,28.3332778,76.7737778
Delhi NCR,Vatika India Sec 82 SO,,,Gurugram,Haryana,28.413887,76.9931945
Delhi NCR,Urban Estate Gurgaon SO,,,Gurugram,Haryana,28.4662551,77.0173111
Delhi NCR,Mandi Ateli SO,,,Mahendragarh,Haryana,28.1001389,76.2607222
Delhi NCR,Nangal Chaudhry SO,,,Mahendragarh,Haryana,27.8916389,76.1113056
Delhi NCR,Narnaul City SO,,,Mahendragarh,Haryana,28.0441111,76.1052778
Delhi NCR,Ballabgarh SO,,,Faridabad,Haryana,28.3381667,77.3229167
Delhi NCR,Faridabad Sector 16 SO,,,Faridabad,Haryana,28.4080702,77.3223825
Delhi NCR,Faridabad Sector 7 SO,,,Faridabad,Haryana,28.3917778,77.3021389
Delhi NCR,Hassanpur SO,,,Palwal,Haryana,27.9690278,77.4929167
Delhi NCR,Mathura Road Faridabad SO,,,Faridabad,Haryana,28.4513611,77.3079444
Delhi NCR,New Township Palwal SO,,,Palwal,Haryana,28.13675,77.3351389
Delhi NCR,Surajkund Faridabad SO,,,Faridabad,Haryana,28.4881111,77.2945833
Delhi NCR,Air Force SO,,,Gurugram,Haryana,28.5056111,77.0710556
Delhi NCR,Arjun Nagar SO,,,Gurugram,Haryana,28.4610833,77.0214722
Delhi NCR,Basai Road SO,,,Gurugram,Haryana,28.4571667,77.0139722
Delhi NCR,Bhorakalan SO,,,Gurugram,Haryana,29.387631,77.446429
Delhi NCR,Halu Bajar Bhiwani SO,,,Bhiwani,Haryana,28.7752,75.9928
Delhi NCR,Mundhal Khurd SO,,,Bhiwani,Haryana,28.9734,76.1958
Delhi NCR,Garhi Birbal,,,Karnal,Haryana,29.9111944,77.1550278
Delhi NCR,Indri,,,Karnal,Haryana,29.5494444,77.0507778
Delhi NCR,Karnal Railway Road,,,Karnal,Haryana,29.6931667,76.9714167
Delhi NCR,Karnal Sector 6,,,Karnal,Haryana,29.6791944,77.0128889
Delhi NCR,Madhuban PTC,,,Karnal,Haryana,29.3959722,76.9606389
Delhi NCR,Alewa,,,Jind,Haryana,29.4656667,76.4548056
Delhi NCR,Narwana City,,,Jind,Haryana,29.5902778,76.1099167
Delhi NCR,Safidon,,,Jind,Haryana,29.3998889,76.5555278
Delhi NCR,Nekpur BO,,,Ghaziabad,Uttar Pradesh,28.824844,77.411513
Delhi NCR,Punhana SO,,,Nuh,Haryana,27.8635,77.2030833
Delhi NCR,Barwa SO,,,Bhiwani,Haryana,28.9648,75.6063
Delhi NCR,Jui Khurd SO,,,Bhiwani,Haryana,28.6358,75.9434
Delhi NCR,Kairu SO,,,Bhiwani,Haryana,28.6995,75.8708
Delhi NCR,Mini Sect Bhiwani SO,,,Bhiwani,Haryana,28.7752,75.9928
Delhi NCR,Rodhan SO,,,Bhiwani,Haryana,28.7218,75.7664
Delhi NCR,Sector 8 Karnal,,,Karnal,Haryana,29.5902777,76.1099166
Delhi NCR,KARNAL KUTCHERY SO,,,Karnal,Haryana,29.713894,76.990547
Delhi NCR,Atta,,,Panipat,Haryana,29.2515,77.0990833
Delhi NCR,Hathwala,,,Panipat,Haryana,29.2262222,77.1155556
Delhi NCR,Panipat Kishanpura,,,Panipat,Haryana,29.3774722,76.9675556
Delhi NCR,Panipat Kranti Nagar,,,Panipat,Haryana,29.3809167,76.8595833
Delhi NCR,Panipat Model Town,,,Panipat,Haryana,29.3866944,76.9565556
Delhi NCR,Panipat N.S.M.,,,Panipat,Haryana,29.3884167,76.98075
Delhi NCR,Panipat Refinary,,,Panipat,Haryana,29.4886111,76.8806667
Delhi NCR,Panipat Sugar Mills,,,Panipat,Haryana,29.3731944,76.9596944
Delhi NCR,Naguran,,,Jind,Haryana,29.4318333,76.3721111
Delhi NCR,Safidon City,,,Jind,Haryana,29.40425,76.6675278
Delhi NCR,Jind Patiala Chowk,,,Jind,Haryana,29.3247222,76.3008333
Delhi NCR,Jind Punjabi Bazar,,,Jind,Haryana,29.3182778,76.3122778
Delhi NCR,Sonta BO,,,Shamli,Uttar Pradesh,29.447446,77.448549
Delhi NCR,Banti Khera BO,,,Shamli,Uttar Pradesh,29.484744,77.401031
Delhi NCR,Budina Khurd BO,,,Muzaffarnagar,Uttar Pradesh,29.487402,77.598293
Delhi NCR,Mukandpur BO,,,Muzaffarnagar,Uttar Pradesh,29.427617,77.541482
Delhi NCR,Badheri BO,,,Muzaffarnagar,Uttar Pradesh,29.536968,77.75233
Delhi NCR,Rai BO,,,Muzaffarnagar,Uttar Pradesh,29.558675,77.726051
Delhi NCR,Gadhla BO,,,Muzaffarnagar,Uttar Pradesh,29.526507,77.831205
Delhi NCR,Tejalhera BO,,,Muzaffarnagar,Uttar Pradesh,29.58316,77.84168
Delhi NCR,Belra BO,,,Muzaffarnagar,Uttar Pradesh,29.509929,77.883732
Delhi NCR,Jauli BO,,,Muzaffarnagar,Uttar Pradesh,29.427179,77.859153
Delhi NCR,Sikkri BO,,,Muzaffarnagar,Uttar Pradesh,29.544343,77.916299
Delhi NCR,Sonta Rasulpur BO,,,Shamli,Uttar Pradesh,29.533997,77.409475
Delhi NCR,Toda BO,,,Shamli,Uttar Pradesh,29.622437,77.19469
Delhi NCR,Indri Town,,,Karnal,Haryana,29.8799444,77.0571944
Delhi NCR,Kanral Industrial Area,,,Karnal,Haryana,29.7096667,77.0098611
Delhi NCR,Karnal GBS,,,Karnal,Haryana,29.6972778,76.9547222
Delhi NCR,Karnal HBC,,,Karnal,Haryana,29.6923611,76.9995833
Delhi NCR,Karnal NDRI,,,Karnal,Haryana,29.7007222,76.9839167
Delhi NCR,Karnal Ram Nagar,,,Karnal,Haryana,29.6985556,76.9662778
Delhi NCR,Karnal Sadar Bazar,,,Karnal,Haryana,29.6878333,76.9817778
Delhi NCR,Nissing,,,Karnal,Haryana,29.6937222,76.7545278
Delhi NCR,Sector 4 Karnal,,,Karnal,Haryana,29.5902777,76.1099166
Delhi NCR,Taroari Mandi,,,Karnal,Haryana,29.8004444,76.9351944
Delhi NCR,Madlauda,,,Panipat,Haryana,29.3953611,76.8043889
Delhi NCR,Neoltha,,,Panipat,Haryana,29.3102222,76.9002778
Delhi NCR,Panipat Beas Project,,,Panipat,Haryana,29.3473056,76.9805
Delhi NCR,Panipat City,,,Panipat,Haryana,29.3919611,76.9767305
Delhi NCR,Panipat GT Road,,,Panipat,Haryana,29.5902777,76.1099166
Delhi NCR,Panipat NFL,,,Panipat,Haryana,29.36213889,76.97230556
Delhi NCR,Farrukh Ng BO,,,Ghaziabad,Uttar Pradesh,28.725679,77.374073
Delhi NCR,Nistauli BO,,,Ghaziabad,Uttar Pradesh,28.722966,77.345364
Delhi NCR,Basantpur Sainthli BO,,,Ghaziabad,Uttar Pradesh,28.809969,77.49314
Delhi NCR,Bhikanpur BO,,,Ghaziabad,Uttar Pradesh,28.751361,77.456572
Delhi NCR,Khimawti BO,,,Ghaziabad,Uttar Pradesh,28.669156,77.453758
Delhi NCR,Murad Nagar Town BO,,,Ghaziabad,Uttar Pradesh,28.770375,77.498875
Delhi NCR,Bhojpur BO,,,Ghaziabad,Uttar Pradesh,28.805049,77.624973
Delhi NCR,Dehpa Azampur BO,,,Hapur,Uttar Pradesh,28.641316,78.460985
Delhi NCR,Faridnagar BO,,,Ghaziabad,Uttar Pradesh,28.7706401,77.624973
Delhi NCR,Kalchina BO,,,Ghaziabad,Uttar Pradesh,28.766389,77.579136
Delhi NCR,Nagola BO,,,Hapur,Uttar Pradesh,27.94188,77.816
Delhi NCR,Samaipur BO,,,Ghaziabad,Uttar Pradesh,28.73301,77.574838
Delhi NCR,Kandoli BO,,,Hapur,Uttar Pradesh,28.667808,77.672582
Delhi NCR,Meerpur Hindu,,,Ghaziabad,Uttar Pradesh,28.802703,77.234767
Delhi NCR,Bhatiyana BO,,,Hapur,Uttar Pradesh,28.657018,77.746639
Delhi NCR,Shah Mohiuddinpur BO,,,Hapur,Uttar Pradesh,28.73058,77.775882
Delhi NCR,Gohra Alamgirpur BO,,,Hapur,Uttar Pradesh,28.817695,77.888175
Delhi NCR,Alipur BO,,,Hapur,Uttar Pradesh,28.700601,78.078743
Delhi NCR,Rasulpur BO,,,Hapur,Uttar Pradesh,28.723228,77.914603
Delhi NCR,Sikandarpur Kakori BO,,,Hapur,Uttar Pradesh,28.677072,77.872457
Delhi NCR,Garhi Abdulha Khan BO,,,Shamli,Uttar Pradesh,29.642547,77.315254
Delhi NCR,Hath Choya BO,,,Shamli,Uttar Pradesh,29.621986,77.301157
Delhi NCR,Pindora BO,,,Shamli,Uttar Pradesh,29.602752,77.287896
Delhi NCR,Alam Nagar BO,,,Hapur,Uttar Pradesh,28.6731,78.149317
Delhi NCR,Garh Bridge Halt BO,,,Hapur,Uttar Pradesh,28.843726,77.987003
Delhi NCR,Bagarpur BO,,,Hapur,Uttar Pradesh,28.835694,77.881031
Delhi NCR,Dotai BO,,,Hapur,Uttar Pradesh,28.796851,78.055208
Delhi NCR,Jharina BO,,,Hapur,Uttar Pradesh,28.859592,78.058774
Delhi NCR,Nanpur BO,,,Hapur,Uttar Pradesh,28.846814,77.980289
Delhi NCR,Salarpur BO,,,Hapur,Uttar Pradesh,28.729683,78.090865
Delhi NCR,Talheta BO,,,Ghaziabad,Uttar Pradesh,28.829621,77.673655
Delhi NCR,Begmabad BO,,,Ghaziabad,Uttar Pradesh,28.836026,77.568321
Delhi NCR,Khanjarpur BO,,,Ghaziabad,Uttar Pradesh,28.809737,77.599746
Delhi NCR,Tibra BO,,,Ghaziabad,Uttar Pradesh,28.821918,77.581142
Delhi NCR,Phuldehra BO,,,Hapur,Uttar Pradesh,28.793599,77.978861
Delhi NCR,Sikhera BO,,,Hapur,Uttar Pradesh,28.748768,77.943167
Delhi NCR,Chhajarsi BO,,,Hapur,Uttar Pradesh,28.624805,77.402992
Delhi NCR,Doohri BO,,,Hapur,Uttar Pradesh,28.713066,77.669361
Delhi NCR,Tyori BO,,,Ghaziabad,Uttar Pradesh,28.73058,77.775882
Delhi NCR,Pasonda BO,,,Ghaziabad,Uttar Pradesh,28.693301,77.357566
Delhi NCR,Madrasa Sadat BO,,,Hapur,Uttar Pradesh,28.73058,77.775882
Delhi NCR,Chamri BO,,,Hapur,Uttar Pradesh,28.732117,77.76264
Delhi NCR,Ghungrala BO,,,Hapur,Uttar Pradesh,28.669542,77.805277
Delhi NCR,Mathurawali BO,,,Hapur,Uttar Pradesh,28.73058,77.775882
Delhi NCR,Asaura BO,,,Hapur,Uttar Pradesh,28.754079,77.772386
Delhi NCR,Hafizpur Ubarpur BO,,,Hapur,Uttar Pradesh,28.676853,77.759513
Delhi NCR,Bachlota BO,,,Hapur,Uttar Pradesh,28.723804,77.849592
Delhi NCR,Nali Hussainpur BO,,,Hapur,Uttar Pradesh,28.697002,77.910318
Delhi NCR,GGSIP University,,,South West,Delhi,28.6330278,77.1366389
Delhi NCR,Darya Ganj SO,,,Central,Delhi,28.6471667,77.2399444
Delhi NCR,Gandhi Smarak Nidhi SO,,,Central,Delhi,28.6338611,77.2462222
Delhi NCR,Supreme Court SO,,,New Delhi,Delhi,28.6212222,77.2380278
Delhi NCR,Connaught Place SO,,,New Delhi,Delhi,28.6331389,77.2179444
Delhi NCR,Election Commission SO,,,New Delhi,Delhi,28.6237778,77.2108611
Delhi NCR,Lady Harding Medical College SO,,,New Delhi,Delhi,28.6348889,77.2145556
Delhi NCR,Rail Bhawan SO,,,New Delhi,Delhi,28.6158611,77.2113889
Delhi NCR,Rashtrapati Bhawan SO,,,New Delhi,Delhi,28.6210833,77.1961389
Delhi NCR,Secretariat North SO,,,New Delhi,Delhi,28.6178889,77.2019167
Delhi NCR,Shastri Bhawan SO,,,New Delhi,Delhi,28.6164444,77.2154167
Delhi NCR,Union Public Service Commission SO,,,New Delhi,Delhi,28.6225833,77.2127222
Delhi NCR,Master Prithvi Nath Marg SO,,,Central,Delhi,28.6500278,77.1938333
Delhi NCR,Lilon BO,,,Shamli,Uttar Pradesh,29.425619,77.29311
Delhi NCR,Silawar BO,,,Shamli,Uttar Pradesh,29.51281,77.346986
Delhi NCR,Titauli BO,,,Shamli,Uttar Pradesh,29.468774,77.272846
Delhi NCR,Bhajju BO,,,Shamli,Uttar Pradesh,29.411225,77.419399
Delhi NCR,Bhoora Khurd BO,,,Muzaffarnagar,Uttar Pradesh,29.397826,77.46453
Delhi NCR,Hind BO,,,Shamli,Uttar Pradesh,29.53214,77.37459
Delhi NCR,Dharuhera SO,,,Rewari,Haryana,28.2306667,76.80025
Delhi NCR,Guriani SO,,,Rewari,Haryana,28.3571944,76.5355
Delhi NCR,Industrial Area Dharuhera SO,,,Rewari,Haryana,28.2335556,77.8032778
Delhi NCR,Khol SO,,,Rewari,Haryana,28.1728056,76.402
Delhi NCR,Kosli SO,,,Rewari,Haryana,28.4002222,76.4839167
Delhi NCR,Model Town  Rewari SO,,,Rewari,Haryana,28.39375,76.6159722
Delhi NCR,Palhawas SO,,,Rewari,Haryana,28.3561667,76.62175
Delhi NCR,Nuh SO,,,Nuh,Haryana,28.1020556,76.0044722
Delhi NCR,Tauru SO,,,Nuh,Haryana,28.3308889,76.7835833
Delhi NCR,Ashoka Park Extn.,,,West,Delhi,28.6713889,77.1538333
Delhi NCR,Janakpuri B 1,,,West,Delhi,28.6498611,77.1306667
Delhi NCR,Janakpuri C 4,,,West,Delhi,28.6221111,77.0790556
Delhi NCR,Karam Pura,,,West,Delhi,28.6645556,77.0786389
Delhi NCR,Khyala Phase    I,,,West,Delhi,28.6576111,77.0999444
Delhi NCR,M.B.S. Nagar,,,West,Delhi,28.6471389,77.0853056
Delhi NCR,Bhadsiana BO,,,Hapur,Uttar Pradesh,28.692446,76.923973
Delhi NCR,Sant Nagar SO,,,Central,Delhi,28.7572222,77.1977777
Delhi NCR,Baroda House SO,,,New Delhi,Delhi,28.6174167,77.2129167
Delhi NCR,IPEstate SO,,,Central,Delhi,28.6274167,77.2435833
Delhi NCR,Minto Road SO,,,Central,Delhi,28.6339722,77.2175556
Delhi NCR,Pandara Road SO,,,New Delhi,Delhi,28.6058889,77.2289722
Delhi NCR,Inderpuri SO,,,West,Delhi,28.6320278,77.1484167
Delhi NCR,Patel Nagar South SO,,,West,Delhi,28.64525,77.1656667
Delhi NCR,Mahabir Nagar,,,West,Delhi,28.6346389,77.0860833
Delhi NCR,Mansarover Garden,,,West,Delhi,28.6485278,77.1365
Delhi NCR,Punjabi Bagh,,,West,Delhi,28.6678611,77.1434444
Delhi NCR,Kunwar Singh Nagar PO,,,West,Delhi,28.666829,77.049004
Delhi NCR,K5 Extn. Mohan Garden,,,West,Delhi,28.635437,77.043958
Delhi NCR,Bhaina Dholpur BO,,,Hapur,Uttar Pradesh,28.692385,78.075177
Delhi NCR,Dehra Rampur BO,,,Hapur,Uttar Pradesh,28.789304,79.024952
Delhi NCR,Haidarpur BO,,,Hapur,Uttar Pradesh,28.869139,78.045222
Delhi NCR,Khilwai BO,,,Hapur,Uttar Pradesh,28.811458,78.058061
Delhi NCR,Muradpur Janupura BO,,,Hapur,Uttar Pradesh,28.823736,78.050928
Delhi NCR,Sadullapur Lodhi BO,,,Hapur,Uttar Pradesh,28.839423,78.033808
Delhi NCR,Gyaspur BO,,,Ghaziabad,Uttar Pradesh,28.861453,77.461592
Delhi NCR,Morta BO,,,Ghaziabad,Uttar Pradesh,28.706909,77.410667
Delhi NCR,Dosa Banjarpur BO,,,Ghaziabad,Uttar Pradesh,29.568127,78.097995
Delhi NCR,Duhai BO,,,Ghaziabad,Uttar Pradesh,28.730417,77.475854
Delhi NCR,Jalalabad BO,,,Ghaziabad,Uttar Pradesh,28.767089,77.540446
Delhi NCR,Jalalpur Dhindhar BO,,,Ghaziabad,Uttar Pradesh,28.810261,77.457684
Delhi NCR,Kakra BO,,,Ghaziabad,Uttar Pradesh,28.811491,77.478801
Delhi NCR,Kanauja BO,,,Ghaziabad,Uttar Pradesh,28.73209,77.511061
Delhi NCR,Kastala BO,,,Hapur,Uttar Pradesh,28.707575,77.656476
Delhi NCR,Khera BO,,,Hapur,Uttar Pradesh,28.699723,77.633566
Delhi NCR,Mukimpur BO,,,Ghaziabad,Uttar Pradesh,28.740453,77.670792
Delhi NCR,Rampur Puth BO,,,Hapur,Uttar Pradesh,28.73058,77.775882
Delhi NCR,Kharkhari BO,,,Hapur,Uttar Pradesh,28.73058,77.775882
Delhi NCR,Sapnawat BO,,,Hapur,Uttar Pradesh,28.620997,77.72947
Delhi NCR,Nan BO,,,Hapur,Uttar Pradesh,28.673713,77.725178
Delhi NCR,Mahmoodpur Palwara BO,,,Hapur,Uttar Pradesh,28.651273,77.801702
Delhi NCR,Nek Nanpur Nanai BO,,,Hapur,Uttar Pradesh,28.846814,77.980289
Delhi NCR,Achheja BO,,,Gautam Buddha Nagar,Uttar Pradesh,28.597702,77.499945
Delhi NCR,Pragati Maidan SO,,,Central,Delhi,28.61675,77.2934444
Delhi NCR,CAT EXTENSION COUNTER,,,New Delhi,Delhi,28.6174166,77.2129166
Delhi NCR,AGCR EXTENSION COUNTER,,,Central,Delhi,28.6284722,77.2445555
Delhi NCR,NGT EXTENSION COUNTER,,,New Delhi,Delhi,28.61,77.29
Delhi NCR,Rouse Avenue Extension Counter SO,,,Central,Delhi,28.6352,77.2469
Delhi NCR,Sansadiya Soudh SO,,,New Delhi,Delhi,28.6198611,77.2078333
Delhi NCR,Udyog Bhawan SO,,,New Delhi,Delhi,28.6111111,77.21275
Delhi NCR,Anand Parbat SO,,,Central,Delhi,28.65875,77.1773333
Delhi NCR,Bhagat Singh Market SO,,,New Delhi,Delhi,28.6330556,77.2077222
Delhi NCR,Karol Bagh SO,,,Central,Delhi,28.6500278,77.1938333
Delhi NCR,Pahar Ganj SO,,,Central,Delhi,28.6401667,77.2129167
Delhi NCR,RML EXTN COUNTER NDHO,,,New Delhi,Delhi,28.626806,77.20663
Delhi NCR,Alaknanda SO,,,South East,Delhi,28.5256389,77.2541667
Delhi NCR,Air Force Station Tugalkabad SO,,,South,Delhi,28.5100278,77.2542778
Delhi NCR,Rohini Sector 5 SO,,,North West,Delhi,28.71575,77.11
Delhi NCR,Rohini Sector7 SO,,,North West,Delhi,28.6933611,77.1713889
Delhi NCR,Sarai Rohilla SO,,,North West,Delhi,28.6694167,77.1763889
Delhi NCR,KIRARI SULEMAN NAGAR SO,,,North West,Delhi,28.69795,77.064361
Delhi NCR,Shahbad Dairy PO,,,North,Delhi,28.7414,77.0947
Delhi NCR,"Nodal Delivery Centre(Parcel), Rohini",,,North West,Delhi,28.7158,77.11
Delhi NCR,Jaitpur SO South Delhi,,,South East,Delhi,28.51,77.33
Delhi NCR,Tugalkabad Railway Colony SO,,,South East,Delhi,28.5049167,77.2891111
Delhi NCR,Zakir Nagar SO,,,South East,Delhi,28.5671667,77.2787778
Delhi NCR,Aliganj SO South Delhi,,,South East,Delhi,28.59,77.22
Delhi NCR,Amar Colony SO,,,South East,Delhi,28.5631667,77.24875
Delhi NCR,Dargah Sharif SO,,,South East,Delhi,28.5912222,77.2423333
Delhi NCR,Gautam Nagar SO,,,South East,Delhi,28.561709,77.211224
Delhi NCR,Hari Nagar Ashram SO,,,South East,Delhi,28.57,77.26
Delhi NCR,New Delhi South ExtII SO,,,South East,Delhi,28.566209,77.217965
Delhi NCR,Pratap Market SO,,,South East,Delhi,28.5829444,77.2520278
Delhi NCR,Sadiq Nagar SO,,,South East,Delhi,28.5571944,77.2226667
Delhi NCR,New Friends Colony SO,,,South,Delhi,28.5618611,77.26825
Delhi NCR,Pushpa Bhawan SO,,,South,Delhi,28.5276111,77.2328056
Delhi NCR,Sarita Vihar SO,,,South,Delhi,28.5348333,77.2911667
Delhi NCR,Distt Court Complex Saket SO,,,South,Delhi,28.528842,77.222557
Delhi NCR,Jungpura SO,,,South,Delhi,28.5838611,77.2431944
Delhi NCR,Malviya Nagar SO South Delhi,,,South,Delhi,28.537654,77.214682
Delhi NCR,CRPF Kadarpur SO,,,Gurugram,Haryana,28.3913822,77.0511932
Delhi NCR,Kanina SO,,,Mahendragarh,Haryana,28.3333889,76.3052778
Delhi NCR,Narnaul Kty SO,,,Mahendragarh,Haryana,28.0481667,76.1068889
Delhi NCR,Satnali SO,,,Mahendragarh,Haryana,28.3783333,75.9656944
Delhi NCR,Bulandshahr HO,,,Bulandshahr,Uttar Pradesh,28.4039061,77.8565917
Delhi NCR,AgSchool SO,,,Bulandshahr,Uttar Pradesh,28.3893331,77.8331113
Delhi NCR,Anupshahr SO,,,Bulandshahr,Uttar Pradesh,28.3546667,78.2692222
Delhi NCR,Bhoor SO,,,Bulandshahr,Uttar Pradesh,28.4130144,77.8362478
Delhi NCR,Dav   College Bulandshahr SO,,,Bulandshahr,Uttar Pradesh,28.3960669,77.8513786
Delhi NCR,Deputy  Ganj  Bulandshahr SO,,,Bulandshahr,Uttar Pradesh,28.4081616,77.8587126
Delhi NCR,Khanpur SO Bulandshahr,,,Bulandshahr,Uttar Pradesh,28.4037222,77.8560278
Delhi NCR,Delhi Cantt SO,,,New Delhi,Delhi,28.5957222,77.1364444
Delhi NCR,IGI Airport SO,,,New Delhi,Delhi,28.5556389,77.0845556
Delhi NCR,JNU SO,,,New Delhi,Delhi,28.55075,77.1792778
Delhi NCR,Moti Bagh SO,,,New Delhi,Delhi,28.6139722,77.1256111
Delhi NCR,Palam Airport SO,,,New Delhi,Delhi,28.5745556,77.0975556
Delhi NCR,Pinto Park SO,,,New Delhi,Delhi,28.5750833,77.0971667
Delhi NCR,Ansari Nagar SO,,,South,Delhi,28.5649167,77.2068056
Delhi NCR,Chattarpur SO,,,South,Delhi,28.5073056,77.1845556
Delhi NCR,Green Park Market SO,,,South,Delhi,28.5558611,77.2021389
Delhi NCR,Alipur Aterna BO,,,Muzaffarnagar,Uttar Pradesh,29.294367,77.517873
Delhi NCR,Barkata BO,,,Muzaffarnagar,Uttar Pradesh,29.254158,77.477691
Delhi NCR,Kuralsi BO,,,Muzaffarnagar,Uttar Pradesh,29.260516,77.402064
Delhi NCR,Kurawa BO,,,Muzaffarnagar,Uttar Pradesh,29.347124,77.431705
Delhi NCR,Kurthal BO,,,Muzaffarnagar,Uttar Pradesh,29.23183,77.485886
Delhi NCR,Loi Sarai BO,,,Muzaffarnagar,Uttar Pradesh,29.317124,77.404969
Delhi NCR,Reoli Nagla BO,,,Muzaffarnagar,Uttar Pradesh,29.235046,77.543267
Delhi NCR,Tanda Majara BO,,,Muzaffarnagar,Uttar Pradesh,29.272331,77.553117
Delhi NCR,Toda BO,,,Muzaffarnagar,Uttar Pradesh,29.2716714,77.5529003
Delhi NCR,Khusropur BO,,,Muzaffarnagar,Uttar Pradesh,29.511395,77.579216
Delhi NCR,Kulheri BO,,,Muzaffarnagar,Uttar Pradesh,29.531076,77.549497
Delhi NCR,Kutesra BO,,,Muzaffarnagar,Uttar Pradesh,29.605643,77.604842
Delhi NCR,Luhari Khurd BO,,,Muzaffarnagar,Uttar Pradesh,29.525988,77.627141
Delhi NCR,Jaroda BO,,,Muzaffarnagar,Uttar Pradesh,29.401612,77.6879
Delhi NCR,Sujroo BO,,,Muzaffarnagar,Uttar Pradesh,29.451239,77.693432
Delhi NCR,Vehlana BO,,,Muzaffarnagar,Uttar Pradesh,29.428158,77.685807
Delhi NCR,Chandena Mal BO,,,Shamli,Uttar Pradesh,29.640544,77.440782
Delhi NCR,Dakhori BO,,,Shamli,Uttar Pradesh,29.628606,77.438636
Delhi NCR,Doodhli BO,,,Muzaffarnagar,Uttar Pradesh,29.605255,77.532561
Delhi NCR,Gandewara BO,,,Shamli,Uttar Pradesh,29.644165,77.363775
Delhi NCR,Bajidpur Kawali BO,,,Muzaffarnagar,Uttar Pradesh,29.34246,77.857817
Delhi NCR,Bhoora BO,,,Shamli,Uttar Pradesh,29.453247,77.206421
Delhi NCR,Baroda BO,,,Muzaffarnagar,Uttar Pradesh,29.244871,77.430686
Delhi NCR,Dabheri Rasulpur BO,,,Muzaffarnagar,Uttar Pradesh,29.287521,77.538192
Delhi NCR,Jaula BO,,,Muzaffarnagar,Uttar Pradesh,29.280627,77.41378
Delhi NCR,Mohmand Pur Rai Singh BO,,,Muzaffarnagar,Uttar Pradesh,29.350141,77.454879
Delhi NCR,Raipur Aterna BO,,,Muzaffarnagar,Uttar Pradesh,29.321219,77.421202
Delhi NCR,Chokra BO,,,Muzaffarnagar,Uttar Pradesh,29.588739,77.579994
Delhi NCR,Paoti BO,,,Muzaffarnagar,Uttar Pradesh,29.590308,77.63507
Delhi NCR,Lachera BO,,,Muzaffarnagar,Uttar Pradesh,29.408105,77.664422
Delhi NCR,Balwa Kheri BO,,,Muzaffarnagar,Uttar Pradesh,29.613526,77.505144
Delhi NCR,Budha Khera BO,,,Muzaffarnagar,Uttar Pradesh,29.623919,77.566968
Delhi NCR,Hasanpur Luhari BO,,,Shamli,Uttar Pradesh,29.59671,77.477286
Delhi NCR,Pipal Shah BO,,,Muzaffarnagar,Uttar Pradesh,29.539057,77.525711
Delhi NCR,Chittora BO,,,Muzaffarnagar,Uttar Pradesh,29.360812,77.812362
Delhi NCR,Ghatayan BO,,,Muzaffarnagar,Uttar Pradesh,29.232369,77.871622
Delhi NCR,Tana BO,,,Shamli,Uttar Pradesh,29.527556,77.273696
Delhi NCR,Kheri Buchha BO,,,Shamli,Uttar Pradesh,29.361486,77.186189
Delhi NCR,Uncha Gaon BO,,,Shamli,Uttar Pradesh,29.355993,77.22502
Delhi NCR,Dundu Khera BO,,,Shamli,Uttar Pradesh,29.320723,77.171495
Delhi NCR,Kiwana BO,,,Shamli,Uttar Pradesh,29.345727,77.317821
Delhi NCR,Bhangela BO,,,Muzaffarnagar,Uttar Pradesh,29.234498,77.722027
Delhi NCR,Chand Seena BO,,,Muzaffarnagar,Uttar Pradesh,29.29327,77.6635722
Delhi NCR,Galibpur BO,,,Muzaffarnagar,Uttar Pradesh,29.245292,77.797202
Delhi NCR,Incholi BO,,,Muzaffarnagar,Uttar Pradesh,29.271809,77.606413
Delhi NCR,Nawla BO,,,Muzaffarnagar,Uttar Pradesh,29.316488,77.697557
Delhi NCR,Sarai Rasulpur BO,,,Muzaffarnagar,Uttar Pradesh,29.329928,77.759124
Delhi NCR,Titoda BO,,,Muzaffarnagar,Uttar Pradesh,29.226634,77.733969
Delhi NCR,Brahampuri SO,,,North East,Delhi,28.6871944,77.2633056
Delhi NCR,Gokal Puri SO,,,North East,Delhi,28.7039444,77.2833056
Delhi NCR,Harsh Vihar SO,,,North East,Delhi,28.7021944,77.3236389
Delhi NCR,Jagjit Nagar SO,,,North East,Delhi,28.6870833,77.2591111
Delhi NCR,Karawal Nagar SO,,,North East,Delhi,28.7259444,77.2726389
Delhi NCR,Meerut Cantt HO,,,Meerut,Uttar Pradesh,29.0088889,77.6985278
Delhi NCR,Bihari BO,,,Muzaffarnagar,Uttar Pradesh,29.386254,77.768833
Delhi NCR,Purbaliyan BO,,,Muzaffarnagar,Uttar Pradesh,29.356836,77.666345
Delhi NCR,Bhooma BO,,,Muzaffarnagar,Uttar Pradesh,29.262568,77.938253
Delhi NCR,Tendhera BO,,,Muzaffarnagar,Uttar Pradesh,29.37034,77.937014
Delhi NCR,Hassanpur BO,,,Muzaffarnagar,Uttar Pradesh,29.256006,77.97458
Delhi NCR,Baheri BO,,,Muzaffarnagar,Uttar Pradesh,29.536968,77.75233
Delhi NCR,Kachauli BO,,,Muzaffarnagar,Uttar Pradesh,29.52561,77.656374
Delhi NCR,Dhanayan BO,,,Muzaffarnagar,Uttar Pradesh,29.528208,77.777941
Delhi NCR,Kutba BO,,,Muzaffarnagar,Uttar Pradesh,29.40266,77.53237
Delhi NCR,Mubarikpur BO,,,Muzaffarnagar,Uttar Pradesh,29.330575,77.615718
Delhi NCR,Shamli Sugar Mills BO,,,Shamli,Uttar Pradesh,29.442708,77.314414
Delhi NCR,Badheo BO,,,Shamli,Uttar Pradesh,29.48214,77.292961
Delhi NCR,Balwa BO,,,Shamli,Uttar Pradesh,29.403982,77.305127
Delhi NCR,Garhi Pukhta BO,,,Shamli,Uttar Pradesh,29.548136,77.306955
Delhi NCR,Kudana BO,,,Shamli,Uttar Pradesh,29.4305,75.369319
Delhi NCR,Mundbhar BO,,,Muzaffarnagar,Uttar Pradesh,29.415404,77.442871
Delhi NCR,Sawtoo BO,,,Muzaffarnagar,Uttar Pradesh,29.424201,77.501566
Delhi NCR,Shikarpur BO,,,Muzaffarnagar,Uttar Pradesh,29.369749,77.491413
Delhi NCR,Nilokheri GIP,,,Karnal,Haryana,29.8351111,76.9176389
Delhi NCR,Panipat Khadi Ashram,,,Panipat,Haryana,29.3711667,76.975
Delhi NCR,Kalaunda BO,,,Gautam Buddha Nagar,Uttar Pradesh,28.542657,77.673655
Delhi NCR,Khatana BO,,,Gautam Buddha Nagar,Uttar Pradesh,28.558318,77.601008
Delhi NCR,Pali BO,,,Gautam Buddha Nagar,Uttar Pradesh,28.576679,77.327169
Delhi NCR,Kulesra BO,,,Gautam Buddha Nagar,Uttar Pradesh,28.531767,77.434227
Delhi NCR,Ghori BO,,,Gautam Buddha Nagar,Uttar Pradesh,28.479522,77.572063
Delhi NCR,Chhaprauli Bengar BO,,,Gautam Buddha Nagar,Uttar Pradesh,28.494211,77.414254
Delhi NCR,Salarpur Kalan BO,,,Gautam Buddha Nagar,Uttar Pradesh,28.546328,77.388425
Delhi NCR,Chholas BO,,,Gautam Buddha Nagar,Uttar Pradesh,28.529981,77.652897
Delhi NCR,Chithera BO,,,Gautam Buddha Nagar,Uttar Pradesh,28.539879,77.568479
Delhi NCR,Dhoom BO,,,Gautam Buddha Nagar,Uttar Pradesh,28.582462,77.53212
Delhi NCR,Dujana BO,,,Gautam Buddha Nagar,Uttar Pradesh,28.618396,77.514645
Delhi NCR,Kachera Versabad BO,,,Gautam Buddha Nagar,Uttar Pradesh,28.635963,77.519013
Delhi NCR,Chhajarsi BO,,,Gautam Buddha Nagar,Uttar Pradesh,28.624805,77.402992
Delhi NCR,Bisara BO,,,Gautam Buddha Nagar,Uttar Pradesh,28.533516,77.391026
Delhi NCR,Sharpur BO,,,Hapur,Uttar Pradesh,28.647992,78.157868
Delhi NCR,Athsaini BO,,,Hapur,Uttar Pradesh,28.73058,77.775882
Delhi NCR,Shyampur Jatt BO,,,Hapur,Uttar Pradesh,28.824714,77.918174
Delhi NCR,Sara BO,,,Ghaziabad,Uttar Pradesh,28.875433,77.572688
Delhi NCR,Sikri Kalan BO,,,Ghaziabad,Uttar Pradesh,28.833095,77.571116
Delhi NCR,Sikri Khurd BO,,,Ghaziabad,Uttar Pradesh,28.813796,77.564808
Delhi NCR,Wait BO,,,Hapur,Uttar Pradesh,28.762013,77.986713
Delhi NCR,Achheja BO,,,Hapur,Uttar Pradesh,28.725635,77.735909
Delhi NCR,Khindora BO,,,Ghaziabad,Uttar Pradesh,28.889612,77.471631
Delhi NCR,Patla BO,,,Ghaziabad,Uttar Pradesh,28.886575,77.500309
Delhi NCR,Saunda BO,,,Ghaziabad,Uttar Pradesh,28.831631,77.577959
Delhi NCR,Baxur BO,,,Hapur,Uttar Pradesh,28.754079,77.772386
Delhi NCR,Mubarikpur BO,,,Hapur,Uttar Pradesh,28.674709,77.657908
Delhi NCR,Rajethi BO,,,Hapur,Uttar Pradesh,28.762013,77.986713
Delhi NCR,Panipat Thermal Project,,,Panipat,Haryana,29.392675,76.9650361
Delhi NCR,Saraswati Vihar SO,,,North West,Delhi,28.6972778,77.1269444
Delhi NCR,Shakurbasti Rs SO,,,North West,Delhi,28.6972778,77.1269444
Delhi NCR,Shastri Nagar SO North West Delhi,,,North,Delhi,28.670081,77.18125
Delhi NCR,Sultanpuri C Block SO,,,North West,Delhi,28.7016111,77.0797222
Delhi NCR,NARELA TOWN,,,North,Delhi,28.84,77.08
Delhi NCR,Satyawati Nagar SO,,,North,Delhi,28.6930833,77.1823056
Delhi NCR,Shakur Basti Depot SO,,,North West,Delhi,28.6827222,77.1111111
Delhi NCR,Shakur Pur I  Block SO,,,North West,Delhi,28.6899722,77.1466667
Delhi NCR,Shalimar Bagh SO North West Delhi,,,North,Delhi,28.6933611,77.1713889
Delhi NCR,Wazir Pur III SO,,,North,Delhi,28.67975,77.1721389
Delhi NCR,ROHINI SECTOR 23 SO,,,North West,Delhi,28.720596,77.080909
Delhi NCR,G T B Nagar extension SO,,,North,Delhi,28.698444,77.202111
Delhi NCR,Baratooti SO,,,North,Delhi,28.6594167,77.2130556
Delhi NCR,Dada Ghosh Bhawan SO,,,West,Delhi,28.6527778,77.1558889
Delhi NCR,Multani Dhanda SO,,,West,Delhi,28.6461111,77.2094167
Delhi NCR,Gurukul  Sikandrabad SO,,,Gautam Buddha Nagar,Uttar Pradesh,28.4096313,77.6459598
Delhi NCR,Rabupura SO,,,Gautam Buddha Nagar,Uttar Pradesh,28.257253,77.6043534
Delhi NCR,Panni  Nagar SO,,,Bulandshahr,Uttar Pradesh,28.3927317,77.8447086
Delhi NCR,Siyana SO,,,Bulandshahr,Uttar Pradesh,28.6240556,78.1130833
Delhi NCR,Khurja  Jn  RS SO,,,Bulandshahr,Uttar Pradesh,28.2123925,77.8186082
Delhi NCR,NAPP SO,,,Bulandshahr,Uttar Pradesh,28.2044317,78.3757057
Delhi NCR,Ramghat SO Bulandshahr,,,Bulandshahr,Uttar Pradesh,28.1480842,78.433628
Delhi NCR,Industrial Estate Sikandrabad SO,,,Bulandshahr,Uttar Pradesh,28.4037222,77.8560278
Delhi NCR,Ipdc  Bulandshahr SO,,,Bulandshahr,Uttar Pradesh,28.4096337,77.8711366
Delhi NCR,Jahangirabad SO Bulandshahr,,,Bulandshahr,Uttar Pradesh,28.4037222,77.8560278
Delhi NCR,Lakhaoti SO,,,Bulandshahr,Uttar Pradesh,28.2736,77.5555
Delhi NCR,Badarpur SO South Delhi,,,South,Delhi,28.5381667,77.2150278
Delhi NCR,Balbir Nagar SO,,,Shahdara,Delhi,28.6829444,77.2943611
Delhi NCR,Delhi High Court SO,,,New Delhi,Delhi,28.6092222,77.2359444
Delhi NCR,Jama Masjid SO,,,Central,Delhi,28.6502222,77.2322778
Delhi NCR,Patiala House SO,,,New Delhi,Delhi,28.2348611,77.2348611
Delhi NCR,Bengali Market SO,,,New Delhi,Delhi,28.6286944,77.2338611
Delhi NCR,Janpath SO,,,New Delhi,Delhi,28.6433611,77.2009167
Delhi NCR,Nirman Bhawan SO,,,New Delhi,Delhi,28.6108611,77.2148611
Delhi NCR,South Avenue SO,,,New Delhi,Delhi,28.6105833,77.1986944
Delhi NCR,SRT NAGAR EXTENSION COUNTER,,,Central,Delhi,28.6123,77.17
Delhi NCR,Desh Bandhu Gupta Road SO,,,Central,Delhi,28.6535556,77.1918333
Delhi NCR,Sat Nagar SO,,,Central,Delhi,28.6488333,77.1821111
Delhi NCR,Chittranjan Park SO,,,South East,Delhi,28.5403056,77.2486667
Delhi NCR,Ashok Nagar S.O (West Delhi),,,West,Delhi,28.636587,77.094466
Delhi NCR,D. K. Mohan Garden,,,West,Delhi,28.6215,77.0415278
Delhi NCR,Janta Market,,,West,Delhi,28.6426944,77.1232222
Delhi NCR,Paschim Vihar B Block,,,West,Delhi,28.66325,77.1088056
Delhi NCR,Rajouri Garden J 6,,,West,Delhi,28.6427222,77.12325
Delhi NCR,Rajouri Market,,,West,Delhi,28.6455278,77.1274722
Delhi NCR,Tagore Garden,,,West,Delhi,28.6467222,77.1124722
Delhi NCR,Tilak Nagar East,,,West,Delhi,28.6396667,77.0963333
Delhi NCR,Zakhira,,,West,Delhi,28.6659722,77.1647778
Delhi NCR,Sanjay Enclave PO,,,West,Delhi,28.613029,77.059756
Delhi NCR,Palam Extn (Harijan Basti),,,South West,Delhi,28.587944,77.072276
Delhi NCR,Palam Village,,,South West,Delhi,28.5911667,77.0905556
Delhi NCR,Raj Nagar   II,,,South West,Delhi,28.5748056,77.0787222
Delhi NCR,Chawri Bazar SO,,,Central,Delhi,28.6511389,77.2241667
Delhi NCR,Dareeba SO,,,Central,Delhi,28.6557222,77.2335833
Delhi NCR,Samai Pur SO,,,North,Delhi,28.7441111,77.145
Delhi NCR,Sri Nagar Colony SO,,,North West,Delhi,28.6819167,77.1366667
Delhi NCR,Sultanpuri B Block SO,,,North West,Delhi,28.6963611,77.0764167
Delhi NCR,Sultanpuri F Block SO,,,North West,Delhi,28.6900278,77.0685833
Delhi NCR,Rohini Sector 16 PO,,,North West,Delhi,28.73545,77.117477
Delhi NCR,INDERLOK SO,,,North West,Delhi,28.67,77.18
Delhi NCR,Rohini Sector 15 extension So,,,North West,Delhi,28.7348055,77.1325
Delhi NCR,Chandni Chowk SO,,,North,Delhi,28.6564722,77.2247222
Delhi NCR,SHYAM VIHAR,,,South West,Delhi,28.609974,76.957645
Delhi NCR,Sagarpur,,,New Delhi,Delhi,28.6110556,77.1029167
Delhi NCR,Ujwa,,,South West,Delhi,28.5709444,76.9076944
Delhi NCR,Qutub Vihar SO,,,South West,Delhi,28.574806,77.627685
Delhi NCR,Arjun Park PO,,,South West,Delhi,28.622224,77.011825
Delhi NCR,Mahavir Enclave,,,South West,Delhi,28.596462,77.08081
Delhi NCR,Bitawada BO,,,Muzaffarnagar,Uttar Pradesh,29.245928,77.462049
Delhi NCR,Garhi Sakhawatpur BO,,,Muzaffarnagar,Uttar Pradesh,29.286488,77.437124
Delhi NCR,Itawa BO,,,Muzaffarnagar,Uttar Pradesh,29.225991,77.469456
Delhi NCR,Kamruddin Nagar BO,,,Muzaffarnagar,Uttar Pradesh,29.284249,77.373173
Delhi NCR,Kandela BO,,,Shamli,Uttar Pradesh,29.435158,77.242427
Delhi NCR,Khurgaon Issopur BO,,,Shamli,Uttar Pradesh,29.436909,77.17559
Delhi NCR,Garhi Daulat BO,,,Shamli,Uttar Pradesh,29.3220154,77.2303415
Delhi NCR,Islampur Ghasauli BO,,,Shamli,Uttar Pradesh,29.29242,77.239927
Delhi NCR,Jasala BO,,,Shamli,Uttar Pradesh,29.357519,77.300191
Delhi NCR,Lisarh BO,,,Shamli,Uttar Pradesh,29.358012,77.342999
Delhi NCR,Chand Samad BO,,,Muzaffarnagar,Uttar Pradesh,29.21241,77.766885
Delhi NCR,Dayalpuri BO,,,Muzaffarnagar,Uttar Pradesh,29.271177,77.625677
Delhi NCR,Fahimpur Khurd BO,,,Muzaffarnagar,Uttar Pradesh,29.24355,77.77177
Delhi NCR,Dudha Heri BO,,,Muzaffarnagar,Uttar Pradesh,29.351205,77.748264
Delhi NCR,Hussainpur Bhopara BO,,,Muzaffarnagar,Uttar Pradesh,29.352011,77.6969
Delhi NCR,Kithora BO,,,Muzaffarnagar,Uttar Pradesh,29.280399,77.952132
Delhi NCR,Kutubpur BO,,,Muzaffarnagar,Uttar Pradesh,29.271541,77.900696
Delhi NCR,Bhokarheri BO,,,Muzaffarnagar,Uttar Pradesh,29.505513,77.936655
Delhi NCR,Chorawala BO,,,Muzaffarnagar,Uttar Pradesh,29.43828,77.935978
Delhi NCR,Kakrauli BO,,,Muzaffarnagar,Uttar Pradesh,29.391298,77.923827
Delhi NCR,Khokani BO,,,Muzaffarnagar,Uttar Pradesh,29.41459,77.920523
Delhi NCR,Kelanpur BO,,,Muzaffarnagar,Uttar Pradesh,29.676787,77.865373
Delhi NCR,Sherpur BO,,,Muzaffarnagar,Uttar Pradesh,29.643732,77.931489
Delhi NCR,Maleera BO,,,Muzaffarnagar,Uttar Pradesh,29.538893,77.69999
Delhi NCR,Dhindawali BO,,,Muzaffarnagar,Uttar Pradesh,29.421507,77.525604
Delhi NCR,Dinkarpur BO,,,Muzaffarnagar,Uttar Pradesh,29.362831,77.606336
Delhi NCR,Banat BO,,,Shamli,Uttar Pradesh,29.465027,77.353108
Delhi NCR,Bahawari BO,,,Shamli,Uttar Pradesh,29.401684,77.376494
Delhi NCR,Dullakheri BO,,,Shamli,Uttar Pradesh,29.591194,77.308108
Delhi NCR,Jasana Urf Mastgarh BO,,,Shamli,Uttar Pradesh,29.543413,77.333606
Delhi NCR,Kabarout BO,,,Shamli,Uttar Pradesh,29.402665,77.347924
Delhi NCR,Grahi Noabad BO,,,Muzaffarnagar,Uttar Pradesh,29.365024,77.468666
Delhi NCR,Hussainabad Bhanwara BO,,,Muzaffarnagar,Uttar Pradesh,29.247269,77.558701
Delhi NCR,Hussainpur Kalan BO,,,Muzaffarnagar,Uttar Pradesh,29.328589,77.462965
Delhi NCR,Luhsana BO,,,Muzaffarnagar,Uttar Pradesh,29.308558,77.459668
Delhi NCR,Nagwa BO,,,Muzaffarnagar,Uttar Pradesh,29.202933,77.501045
Delhi NCR,A F Rajokari SO,,,New Delhi,Delhi,28.5193889,77.1498056
Delhi NCR,JNU New Campus SO,,,New Delhi,Delhi,28.5393611,77.1635
Delhi NCR,Kapashera SO,,,South West,Delhi,28.5249456,77.0710038
Delhi NCR,Kirby Place SO,,,New Delhi,Delhi,28.5956944,77.1363889
Delhi NCR,Laxmi Bai Nagar SO,,,New Delhi,Delhi,28.5784167,77.20925
Delhi NCR,Nanak Pura SO,,,New Delhi,Delhi,28.5807778,77.1727222
Delhi NCR,AGCR SO,,,Central,Delhi,28.6284722,77.2445556
Delhi NCR,Ajmeri Gate Extn SO,,,Central,Delhi,28.6445,77.2231389
Delhi NCR,Hauz Qazi SO,,,Central,Delhi,28.6498056,77.2263333
Delhi NCR,Delhi High Court Extension Counter SO,,,New Delhi,Delhi,28.6317778,77.24025
Delhi NCR,Civic Centre PO,,,Central,Delhi,28.6411,77.2272
Delhi NCR,Krishi Bhawan SO,,,New Delhi,Delhi,28.6159444,77.213
Delhi NCR,North Avenue SO,,,New Delhi,Delhi,28.631,77.2214722
Delhi NCR,Parliament House SO,,,New Delhi,Delhi,28.6165,77.2009722
Delhi NCR,AKMarket SO,,,Central,Delhi,28.6448889,77.2020556
Delhi NCR,Anand Parbat Indl Area SO,,,Central,Delhi,28.6614722,77.1780556
Delhi NCR,Guru Gobind Singh Marg SO,,,Central,Delhi,28.6556667,77.199
Delhi NCR,Dakshinpuri PhaseII SO,,,South,Delhi,28.5201111,77.23975
Delhi NCR,Dakshinpuri PhaseIII SO,,,South,Delhi,28.5155278,77.2374722
Delhi NCR,Obs Gulaothi SO,,,Bulandshahr,Uttar Pradesh,28.5860761,77.7891683
Delhi NCR,Saidpur SO Bulandshahr,,,Bulandshahr,Uttar Pradesh,28.4037222,77.8560278
Delhi NCR,Uncha Gaon SO,,,Bulandshahr,Uttar Pradesh,28.2915,78.0906
Delhi NCR,Chhatary SO,,,Bulandshahr,Uttar Pradesh,28.10556,78.14639
Delhi NCR,Danpur SO Bulandshahr,,,Bulandshahr,Uttar Pradesh,28.193766,78.2072067
Delhi NCR,Debai  Bazar SO,,,Bulandshahr,Uttar Pradesh,28.2090208,78.2598584
Delhi NCR,Debai SO,,,Bulandshahr,Uttar Pradesh,28.2081667,78.2522222
Delhi NCR,Karora SO,,,Bulandshahr,Uttar Pradesh,28.2073524,77.9632832
Delhi NCR,Jewar SO,,,Gautam Buddha Nagar,Uttar Pradesh,28.2486355,77.8547195
Delhi NCR,Thora SO,,,Gautam Buddha Nagar,Uttar Pradesh,28.1418407,77.6403089
Delhi NCR,Khurja  Chowk SO,,,Bulandshahr,Uttar Pradesh,28.2541675,77.8532061
Delhi NCR,Narora SO,,,Bulandshahr,Uttar Pradesh,28.1951087,78.3859491
Delhi NCR,Subhash  Road  Khurja SO,,,Bulandshahr,Uttar Pradesh,28.25989,77.8540511
Delhi NCR,Aurangabad SO Bulandshahr,,,Bulandshahr,Uttar Pradesh,28.4037222,77.8560278
Delhi NCR,Bb  Nagar SO,,,Bulandshahr,Uttar Pradesh,28.3833,77.5709
Delhi NCR,Bugrasi SO,,,Bulandshahr,Uttar Pradesh,28.4037222,77.8560278
Delhi NCR,Bulandshahr Tehsil SO,,,Bulandshahr,Uttar Pradesh,28.4042617,77.8619554
Delhi NCR,Gulaothi SO,,,Bulandshahr,Uttar Pradesh,28.5861111,77.7888889
Delhi NCR,Kayasthwara  Sikandrabad SO,,,Bulandshahr,Uttar Pradesh,28.4540903,77.7002048
Delhi NCR,Sarai  Chhabila SO,,,Bulandshahr,Uttar Pradesh,28.4037222,77.8560278
Delhi NCR,Shikarpur SO Bulandshahr,,,Bulandshahr,Uttar Pradesh,28.4037222,77.8560278
Delhi NCR,Gt Road  Khurja SO,,,Bulandshahr,Uttar Pradesh,28.2645956,77.8591471
Delhi NCR,Khurja HO,,,Bulandshahr,Uttar Pradesh,28.2486389,77.8548056
Delhi NCR,Nehru Place SO,,,South East,Delhi,28.5498056,77.3210556
Delhi NCR,Okhla Industrial Area Phasei SO,,,South East,Delhi,28.543282,77.257845
Delhi NCR,Defence Colony SO South Delhi,,,South East,Delhi,28.58,77.23
Delhi NCR,East Of Kailash PhaseI SO,,,South East,Delhi,28.5593611,77.2568056
Delhi NCR,Golf Links SO,,,South East,Delhi,28.58725,77.2300833
Delhi NCR,Nehru Nagar SO South Delhi,,,South East,Delhi,28.569126,77.253601
Delhi NCR,Safdarjung Air Port SO,,,South East,Delhi,28.5859167,77.2095556
Delhi NCR,Sant Nagar SO South Delhi,,,South East,Delhi,28.554003,77.24903
Delhi NCR,IARI SO,,,West,Delhi,28.6401944,77.1659722
Delhi NCR,National Physical Laboratory SO,,,West,Delhi,28.6368611,77.1696111
Delhi NCR,Patel Nagar SO Central Delhi,,,West,Delhi,28.6225833,77.2127222
Delhi NCR,Patel Nagar West SO,,,West,Delhi,28.6472222,77.16975
Delhi NCR,Bhola Nath Nagar SO,,,Shahdara,Delhi,28.6546944,77.2973611
Delhi NCR,Goverdhan Bihari Colony SO,,,Shahdara,Delhi,28.6715278,77.2831111
Delhi NCR,Man Sarovar Park SO,,,Shahdara,Delhi,28.6774167,77.2990833
Punjab,Chandigarh Sector 56 SO,,,S.A.S Nagar,Punjab,30.7455,76.70415
Delhi NCR,Meerut City HO,,,Meerut,Uttar Pradesh,28.98,77.6993
Punjab,Dakoha SO,,,Jalandhar,Punjab,31.300299,75.630428
Punjab,Dhanowali SO,,,Jalandhar,Punjab,31.300299,75.630428
Punjab,Goraya SO,,,Jalandhar,Punjab,31.300299,75.630428
Punjab,Jamsher SO,,,Jalandhar,Punjab,31.300299,75.630428
Punjab,Moron SO,,,Jalandhar,Punjab,31.300299,75.630428
Delhi NCR,Fateh Nagar,,,West,Delhi,28.6333056,77.0996944
Delhi NCR,Hari Nagar BE Block,,,West,Delhi,28.6287778,77.1226111
Delhi NCR,Hari Nagar Dadb Block,,,West,Delhi,28.6234444,77.1076111
Delhi NCR,Hari Nagar S.O (West Delhi),,,West,Delhi,28.62486,77.110868
Delhi NCR,Jail Road S.O (West Delhi),,,West,Delhi,28.636095,77.096574
Delhi NCR,Janakpuri A 3,,,West,Delhi,28.6241111,77.0793611
Delhi NCR,Jwala Puri,,,West,Delhi,28.6800278,77.07875
Delhi NCR,L. M. Nagar Indl. Area,,,West,Delhi,28.6541389,77.1356389
Delhi NCR,Nangloi   III,,,West,Delhi,28.6829722,77.0718056
Delhi NCR,Nangloi,,,West,Delhi,28.6795833,77.0660556
Delhi NCR,Noida HO,,,Gautam Buddha Nagar,Uttar Pradesh,26.54872,78.54897
Delhi NCR,Paschim Vihar,,,West,Delhi,28.6705278,77.1022222
Delhi NCR,Shivaji Park S.O (West Delhi),,,West,Delhi,28.673232,77.131978
Delhi NCR,Subhash Nagar West,,,West,Delhi,28.6371111,77.1098889
Delhi NCR,Sunder Vihar,,,West,Delhi,28.6663889,77.0881667
Delhi NCR,Uttam Nagar,,,West,Delhi,28.6270833,77.8844167
Delhi NCR,Vishnu Garden,,,West,Delhi,28.6573333,77.1083611
Delhi NCR,Moti Nagar,,,West,Delhi,28.662345,77.141081
Delhi NCR,Housing Complex Loni Road SO,,,North East,Delhi,28.69525,77.2953333
Delhi NCR,Jamia Nagar SO,,,South East,Delhi,28.5613611,77.2795833
Delhi NCR,Kailash Colony SO,,,South East,Delhi,28.5471667,77.2438056
Delhi NCR,Sukhdev Vihar SO,,,South East,Delhi,28.5561944,77.2783056
Delhi NCR,A F Palam SO,,,New Delhi,Delhi,28.5778333,77.1221667
Delhi NCR,Bijwasan SO,,,South West,Delhi,28.5331111,77.5193889
Delhi NCR,CVD SO,,,New Delhi,Delhi,28.5988889,77.1085833
Delhi NCR,R K Puram Sect1 SO,,,New Delhi,Delhi,28.5615556,77.1792222
Delhi NCR,R K Puram Sect3 SO,,,New Delhi,Delhi,28.5551111,77.1717778
Delhi NCR,Biralasi BO,,,Muzaffarnagar,Uttar Pradesh,29.56662,77.51274
Delhi NCR,Niamu BO,,,Muzaffarnagar,Uttar Pradesh,29.585997,77.548735
Delhi NCR,Nojjal BO,,,Shamli,Uttar Pradesh,29.573074,77.370368
Delhi NCR,Behra Assa BO,,,Muzaffarnagar,Uttar Pradesh,29.40924,77.811213
Delhi NCR,Dhansari BO,,,Muzaffarnagar,Uttar Pradesh,29.362145,77.882934
Delhi NCR,Nagla Madore College BO,,,Muzaffarnagar,Uttar Pradesh,29.377101,77.805573
Delhi NCR,Sambhal Hera BO,,,Muzaffarnagar,Uttar Pradesh,29.326507,77.918429
Delhi NCR,Pawati Kalan BO,,,Shamli,Uttar Pradesh,29.489554,77.204578
Delhi NCR,Purmafi BO,,,Shamli,Uttar Pradesh,29.543443,77.270732
Delhi NCR,Udpur BO,,,Shamli,Uttar Pradesh,29.607527,77.123624
Delhi NCR,Beenra BO,,,Shamli,Uttar Pradesh,29.385937,77.258188
Delhi NCR,Titarwara BO,,,Shamli,Uttar Pradesh,29.343494,77.189827
Delhi NCR,Gangeru BO,,,Shamli,Uttar Pradesh,29.309535,77.215553
Delhi NCR,Khandrawali BO,,,Shamli,Uttar Pradesh,29.389971,77.279549
Delhi NCR,Makhmoolpur BO,,,Shamli,Uttar Pradesh,29.3270841,77.314349
Delhi NCR,Rasulpur Gujran BO,,,Shamli,Uttar Pradesh,29.381446,77.315018
Delhi NCR,Tahirpur Bhabisa BO,,,Shamli,Uttar Pradesh,29.308961,77.322652
Delhi NCR,Antwara BO,,,Muzaffarnagar,Uttar Pradesh,29.315696,77.788287
Delhi NCR,Bhainsi BO,,,Muzaffarnagar,Uttar Pradesh,29.302527,77.728915
Delhi NCR,Pamnawali BO,,,Muzaffarnagar,Uttar Pradesh,29.227291,77.824294
Delhi NCR,Pipalhera BO,,,Muzaffarnagar,Uttar Pradesh,29.241703,77.752038
Delhi NCR,Satheri BO,,,Muzaffarnagar,Uttar Pradesh,29.264986,77.702887
Delhi NCR,Bahadurpur BO,,,Muzaffarnagar,Uttar Pradesh,29.396894,77.704272
Delhi NCR,Bhikki BO,,,Muzaffarnagar,Uttar Pradesh,29.420255,77.784415
Delhi NCR,Pura BO,,,Muzaffarnagar,Uttar Pradesh,29.343586,77.640379
Delhi NCR,Behupura BO,,,Muzaffarnagar,Uttar Pradesh,29.448305,77.977346
Delhi NCR,Shukartal BO,,,Muzaffarnagar,Uttar Pradesh,29.487474,77.98258
Delhi NCR,East Of Kailash SO,,,South East,Delhi,28.5579444,77.2459722
Delhi NCR,Gulmohar Park SO,,,South East,Delhi,28.5578611,77.2131944
Delhi NCR,Krishna Market SO,,,South East,Delhi,28.5740556,77.242309
Delhi NCR,Pragati Vihar SO,,,South East,Delhi,28.5868333,77.2309444
Delhi NCR,Sikri,,,Bharatpur,Rajasthan,27.57625,77.7171111
Delhi NCR,Babarpur SO North East Delhi,,,Shahdara,Delhi,28.6739166,77.3198333
Delhi NCR,Dilshad Garden SO,,,Shahdara,Delhi,28.6794722,77.3086944
Delhi NCR,GTB Hospital SO,,,Shahdara,Delhi,28.6888056,77.3076944
Delhi NCR,Greater Kailash SO,,,South,Delhi,28.5376667,77.2381389
Delhi NCR,Sangam Vihar SO,,,South,Delhi,28.5,77.24
Delhi NCR,Lajpat Nagar South Delhi SO,,,South,Delhi,28.5381667,77.2150278
Delhi NCR,MMTCSTC Colony SO,,,South,Delhi,28.5346389,77.2016944
Delhi NCR,Panchsheel Enclave SO,,,South,Delhi,28.544134,77.228442
Delhi NCR,Pushp Vihar SO,,,South,Delhi,28.5245556,77.2204444
Delhi NCR,Rajender Nagar SO,,,Central,Delhi,28.6367222,77.1831111
Delhi NCR,Swami Ram Tirth Nagar SO,,,Central,Delhi,28.6460833,77.2025278
Delhi NCR,F F C Okhla SO,,,South East,Delhi,28.5577222,77.2648333
Delhi NCR,Baraut HO,,,Baghpat,Uttar Pradesh,29.1019,77.2635
Delhi NCR,Bayana SO,,,Bharatpur,Rajasthan,26.9068611,77.2926111
Delhi NCR,Bazariya Bayana SO,,,Bharatpur,Rajasthan,26.9066667,77.2933056
Delhi NCR,Kachahri Bayana SO,,,Bharatpur,Rajasthan,26.9074167,77.2908056
Delhi NCR,Khareri SO,,,Bharatpur,Rajasthan,26.9074722,77.5355278
Punjab,Aur SO,,,Shahid Bhagat Singh Nagar,Punjab,31.300299,75.630428
Punjab,Garcha SO,,,Shahid Bhagat Singh Nagar,Punjab,31.300299,75.630428
Punjab,Gulshan Bazar Nawanshahar SO,,,Shahid Bhagat Singh Nagar,Punjab,31.300299,75.630428
Punjab,Khankhana SO,,,Shahid Bhagat Singh Nagar,Punjab,31.300299,75.630428
Punjab,Lassara SO,,,Shahid Bhagat Singh Nagar,Punjab,31.300299,75.630428
Punjab,Mahil Gailan SO,,,Shahid Bhagat Singh Nagar,Punjab,31.300299,75.630428
Punjab,Naura SO,,,Shahid Bhagat Singh Nagar,Punjab,31.300299,75.630428
Delhi NCR,Tewra BO,,,Muzaffarnagar,Uttar Pradesh,29.429415,77.877608
Delhi NCR,Badhai Khurd BO,,,Muzaffarnagar,Uttar Pradesh,29.564233,77.64071
Delhi NCR,Barkali BO,,,Muzaffarnagar,Uttar Pradesh,29.552968,77.676344
Delhi NCR,Kaserwa BO,,,Muzaffarnagar,Uttar Pradesh,29.307455,77.538252
Delhi NCR,Palri BO,,,Muzaffarnagar,Uttar Pradesh,29.354917,77.533197
Delhi NCR,Bhainswal BO,,,Shamli,Uttar Pradesh,29.515164,77.319375
Delhi NCR,Karoda BO,,,Muzaffarnagar,Uttar Pradesh,29.357561,76.390399
Delhi NCR,Kaserwa Kalan BO,,,Shamli,Uttar Pradesh,29.45278,77.254904
Delhi NCR,Kheri Karmu BO,,,Shamli,Uttar Pradesh,29.436782,77.296209
Delhi NCR,Muzaffarnagar HO,,,Muzaffarnagar,Uttar Pradesh,29.4661667,77.7130833
Delhi NCR,R K Puram Sect12 SO,,,New Delhi,Delhi,28.5722222,77.1732778
Delhi NCR,Hauz Khas SO,,,South,Delhi,28.5489444,77.2073056
Delhi NCR,IT Hauz Khas SO,,,South,Delhi,28.5428611,77.1960278
Delhi NCR,NIE Campus SO,,,South,Delhi,28.5380278,77.1935833
Punjab,Chandigarh Sector 60 SO,,,S.A.S Nagar,Punjab,30.73455,76.78615
Punjab,Chandigarh Sector 65 SO,,,S.A.S Nagar,Punjab,30.6762222,76.7421111
Delhi NCR,Bhajan Pura SO,,,North East,Delhi,28.7020833,77.26425
Delhi NCR,Jafrabad SO East Delhi,,,North East,Delhi,28.6739166,77.2943611
Delhi NCR,BSF Camp Tigri SO,,,South,Delhi,28.5105278,77.2424167
Delhi NCR,Dakshinpuri PhaseI SO,,,South,Delhi,28.5227222,77.2404444
Delhi NCR,Loni Road SO,,,Shahdara,Delhi,28.6921667,77.3042222
Delhi NCR,Patel Nagar East SO,,,West,Delhi,28.6453611,77.1729722
Delhi NCR,Hazrat Nizamuddin SO,,,South,Delhi,28.58775,77.2505833
Delhi NCR,Saket SO South Delhi,,,South,Delhi,28.522984,77.21452
Delhi NCR,Sarvodya Enclave SO,,,South,Delhi,28.54,77.2000833
Delhi NCR,Sriniwaspuri SO,,,South,Delhi,28.5646944,77.2555833
Delhi NCR,Jandheri BO,,,Muzaffarnagar,Uttar Pradesh,29.347267,77.798846
Delhi NCR,Kawal BO,,,Muzaffarnagar,Uttar Pradesh,29.359492,77.830002
Delhi NCR,Kujhera BO,,,Muzaffarnagar,Uttar Pradesh,29.362232,77.908719
Delhi NCR,Rajpur Kalan BO,,,Muzaffarnagar,Uttar Pradesh,29.272927,77.871952
Delhi NCR,Salarpur BO,,,Muzaffarnagar,Uttar Pradesh,29.320585,77.888592
Delhi NCR,Tissang BO,,,Muzaffarnagar,Uttar Pradesh,29.283837,77.836419
Delhi NCR,Gogwan BO,,,Shamli,Uttar Pradesh,29.374702,77.225325
Delhi NCR,Kairtoo BO,,,Shamli,Uttar Pradesh,29.568661,77.154086
Delhi NCR,Parasauli BO,,,Muzaffarnagar,Uttar Pradesh,29.280733,77.381835
Delhi NCR,Rajpur Chhajpur BO,,,Muzaffarnagar,Uttar Pradesh,29.291558,77.350346
Delhi NCR,Sunna BO,,,Shamli,Uttar Pradesh,29.324496,77.352054
Delhi NCR,Barsoo BO,,,Muzaffarnagar,Uttar Pradesh,29.268038,77.658749
Delhi NCR,Masjid Moth SO,,,South East,Delhi,28.5404722,77.2346667
Delhi NCR,C G O Complex SO,,,South East,Delhi,28.5889167,77.2442778
Delhi NCR,Kasturba Nagar SO South Delhi,,,South East,Delhi,28.576544,77.224654
Delhi NCR,Bahror,,,Alwar,Rajasthan,27.8838889,76.2852778
Delhi NCR,Arjungarh SO,,,South,Delhi,28.4797778,77.1179444
Delhi NCR,Hauz Khas Market SO,,,South,Delhi,28.5512222,77.2081667
Delhi NCR,Nauroji Nagar SO,,,South,Delhi,28.5685556,77.1956944
Delhi NCR,505 A B Workshop SO,,,New Delhi,Delhi,28.6147778,77.1785833
Delhi NCR,Anand Niketan SO,,,New Delhi,Delhi,28.5787222,77.1648889
Delhi NCR,Chanakya Puri SO,,,New Delhi,Delhi,28.5943889,77.1862778
Punjab,Apra SO,,,Jalandhar,Punjab,31.300299,75.630428
Punjab,Kukar Pind SO,,,Jalandhar,Punjab,31.300299,75.630428
Punjab,Sarhala Kalan SO,,,Hoshiarpur,Punjab,31.515963,75.904004
Delhi NCR,Ghaziabad HO,,,Ghaziabad,Uttar Pradesh,28.6681111,77.4284722
Punjab,Jalandhar City HO,,,Jalandhar,Punjab,31.327676,75.587791
Punjab,Dosanjh Kalan SO,,,Jalandhar,Punjab,31.300299,75.630428
Punjab,Industrial Area Phillaur SO,,,Jalandhar,Punjab,31.300299,75.630428
Punjab,Ladhewali SO,,,Jalandhar,Punjab,31.300299,75.630428
Punjab,Millitary Hospital SO,,,Jalandhar,Punjab,31.300299,75.630428
Punjab,Behram SO,,,Shahid Bhagat Singh Nagar,Punjab,31.300299,75.630428
Punjab,Ladhana Jhikka SO,,,Shahid Bhagat Singh Nagar,Punjab,31.300299,75.630428
Punjab,N R Banga SO,,,Shahid Bhagat Singh Nagar,Punjab,31.300299,75.630428
Punjab,Kapurthala HO,,,Kapurthala,Punjab,31.3721893,75.3777881
Punjab,Phagwara HO,,,Kapurthala,Punjab,31.2529039,75.7614479
Punjab,Sham Chaurasi SO,,,Hoshiarpur,Punjab,31.515963,75.904004
Punjab,Tuto Mazara SO,,,Hoshiarpur,Punjab,31.515963,75.904004
Delhi NCR,Dhaula Kuan SO,,,New Delhi,Delhi,28.6014167,77.1620278
Delhi NCR,Gurgaon Road SO,,,New Delhi,Delhi,28.5302778,77.1155278
Delhi NCR,Kidwai Nagar East SO,,,New Delhi,Delhi,28.5719444,77.2176944
Delhi NCR,Kidwai Nagar West SO,,,New Delhi,Delhi,28.5712778,77.2051667
Delhi NCR,Malcha Marg SO,,,New Delhi,Delhi,28.6040833,77.18725
Delhi NCR,Munirka SO,,,New Delhi,Delhi,28.5550833,77.1762222
Delhi NCR,R K Puram Main SO,,,New Delhi,Delhi,28.5598056,77.1765278
Delhi NCR,Jasaula BO,,,Muzaffarnagar,Uttar Pradesh,29.221233,77.792065
Delhi NCR,Kailwara Kalan BO,,,Muzaffarnagar,Uttar Pradesh,29.211567,77.825555
Delhi NCR,Khanjapur BO,,,Muzaffarnagar,Uttar Pradesh,29.305313,77.768371
Delhi NCR,Kheri Rangdhang BO,,,Muzaffarnagar,Uttar Pradesh,29.230832,77.69756
Delhi NCR,Phulat BO,,,Muzaffarnagar,Uttar Pradesh,29.280138,77.695838
Delhi NCR,Satguru Nagar BO,,,Muzaffarnagar,Uttar Pradesh,29.190446,77.781774
Delhi NCR,Jeewana BO,,,Muzaffarnagar,Uttar Pradesh,29.321484,77.666452
Delhi NCR,Mansurpur Village BO,,,Muzaffarnagar,Uttar Pradesh,29.357154,77.720041
Delhi NCR,Kasampur Khola BO,,,Muzaffarnagar,Uttar Pradesh,29.353769,77.980742
Delhi NCR,Katiya BO,,,Muzaffarnagar,Uttar Pradesh,29.357821,77.94362
Delhi NCR,Badiwala BO,,,Muzaffarnagar,Uttar Pradesh,29.633474,77.958319
Delhi NCR,Hari Nagar BO,,,Muzaffarnagar,Uttar Pradesh,29.641856,77.891849
Delhi NCR,Badhai Kalan BO,,,Muzaffarnagar,Uttar Pradesh,29.564233,77.64071
Delhi NCR,Goela BO,,,Muzaffarnagar,Uttar Pradesh,29.304548,77.591348
Delhi NCR,Kakra BO,,,Muzaffarnagar,Uttar Pradesh,29.377828,77.573798
Delhi NCR,Shoram BO,,,Muzaffarnagar,Uttar Pradesh,29.333758,77.55349
Delhi NCR,Dankaur SO,,,Gautam Buddha Nagar,Uttar Pradesh,28.4037222,77.8560278
Delhi NCR,Jahangirpur SO,,,Gautam Buddha Nagar,Uttar Pradesh,28.1787958,77.7037131
Delhi NCR,Kakore SO,,,Gautam Buddha Nagar,Uttar Pradesh,28.3000702,77.6927543
Delhi NCR,Bulandshahr  Kutchery SO,,,Bulandshahr,Uttar Pradesh,28.4053056,77.8463889
Delhi NCR,Krishananagar SO,,,Bulandshahr,Uttar Pradesh,28.4083975,77.8531873
Delhi NCR,KSC Mill  Anupshahr SO,,,Bulandshahr,Uttar Pradesh,28.35833,78.27083
Delhi NCR,Shahkarinagar SO,,,Bulandshahr,Uttar Pradesh,28.232,78.0403
Delhi NCR,Sikandrabad SO Bulandshahr,,,Bulandshahr,Uttar Pradesh,28.4037222,77.8560278
Delhi NCR,Pahasu SO,,,Bulandshahr,Uttar Pradesh,28.170814,78.0616486
Punjab,Bhagowal SO,,,Gurdaspur,Punjab,31.9,75.17
Punjab,Kala Afgana SO,,,Gurdaspur,Punjab,31.89,75.04
Punjab,Dasuya HO,,,Hoshiarpur,Punjab,31.81726,75.657304
Punjab,Talwandi Bhai SO,,,Firozepur,Punjab,30.927546,74.610497
Punjab,Zira SO,,,Firozepur,Punjab,30.9685,74.9881
Punjab,Banga SO,,,Shahid Bhagat Singh Nagar,Punjab,31.300299,75.630428
Punjab,Kahma SO,,,Shahid Bhagat Singh Nagar,Punjab,31.300299,75.630428
Punjab,Langroya SO,,,Shahid Bhagat Singh Nagar,Punjab,31.300299,75.630428
Delhi NCR,Umarpur BO,,,Muzaffarnagar,Uttar Pradesh,29.327942,77.507992
Delhi NCR,Kharar BO,,,Muzaffarnagar,Uttar Pradesh,29.360919,77.412901
Delhi NCR,Khera Mastan BO,,,Muzaffarnagar,Uttar Pradesh,29.343948,77.379807
Delhi NCR,Ignou SO,,,South,Delhi,28.5012222,77.2003056
Delhi NCR,Mehrauli SO,,,South,Delhi,28.5176111,77.1793611
Delhi NCR,Paryavaran Complex SO,,,South,Delhi,28.5174444,77.2055278
Delhi NCR,Roopbas SO,,,Bharatpur,Rajasthan,26.9950833,77.5936111
Delhi NCR,Band Baretha SO,,,Bharatpur,Rajasthan,26.8807222,77.3671944
Delhi NCR,Banshi Paharpur SO,,,Bharatpur,Rajasthan,26.5658611,77.4585556
Delhi NCR,Alwar,,,Alwar,Rajasthan,27.5613889,76.6122222
Delhi NCR,Hamdard Nagar SO,,,South,Delhi,28.5125556,77.2510556
Delhi NCR,Okhla Industrial Estate SO,,,South,Delhi,28.5521111,77.2686667
Delhi NCR,Talimabad SO,,,South,Delhi,28.5037778,77.2499444
Delhi NCR,Andrewsganj SO,,,South,Delhi,28.5640278,77.2324167
Delhi NCR,South Malviya Nagar SO,,,South,Delhi,28.522982,77.214514
Delhi NCR,Sarsena,,,Bharatpur,Rajasthan,27.1218056,77.1360556
Delhi NCR,Bharatpur,,,Bharatpur,Rajasthan,27.2235,77.4916389
Punjab,Baltana SO,,,S.A.S Nagar,Punjab,30.6703333,76.8320556
Punjab,Chandigarh Sector 61 SO,,,S.A.S Nagar,Punjab,30.72589,76.75787
Punjab,Kahnuwan SO,,,Gurdaspur,Punjab,32.043274,75.39888
Delhi NCR,Kanyagurukul Khanpur SO,,,Sonipat,Haryana,29.156,76.8015556
Delhi NCR,Kharkhauda SO,,,Sonipat,Haryana,28.8798056,76.9114167
Delhi NCR,Mundlana SO,,,Sonipat,Haryana,29.2035278,76.7541944
Delhi NCR,Ram BazarSonipat SO,,,Sonipat,Haryana,28.99675,77.0203333
Delhi NCR,Rathdhana Road Sonipat SO,,,Sonipat,Haryana,28.96,77.02
Delhi NCR,Sonipat Sector 14 SO,,,Sonipat,Haryana,29.0054167,77.3504167
Delhi NCR,TDI City Kundli SO,,,Sonipat,Haryana,28.4391,77.3009
Punjab,Hoshiarpur HO,,,Hoshiarpur,Punjab,31.515963,75.904004
Punjab,Bhanowal SO,,,Hoshiarpur,Punjab,31.81726,75.657304
Delhi NCR,Deeg,,,Bharatpur,Rajasthan,27.4745278,77.3279722
Delhi NCR,Rudawal SO,,,Bharatpur,Rajasthan,26.9651389,77.4241111
Delhi NCR,Weir SO,,,Bharatpur,Rajasthan,27.0186667,77.1738333
Punjab,Aliwal SO,,,Gurdaspur,Punjab,31.83,75.12
Punjab,Batala City SO,,,Gurdaspur,Punjab,31.8075,75.19558
Punjab,Ghoman SO,,,Gurdaspur,Punjab,31.69,75.38
Punjab,Govt Poly Tech Batala SO,,,Gurdaspur,Punjab,31.8075,75.19558
Punjab,Naushera Majja Singh SO,,,Gurdaspur,Punjab,31.9,75.28
Punjab,Behrampur SO,,,Gurdaspur,Punjab,32.13,75.39888
Punjab,Gurdaspur Kutchery SO,,,Gurdaspur,Punjab,32.043274,75.39888
Punjab,Harchowal SO,,,Gurdaspur,Punjab,32.043274,75.39888
Punjab,Sohal SO,,,Gurdaspur,Punjab,32.043274,75.39888
Punjab,Mudki SO,,,Firozepur,Punjab,30.927546,74.610497
Punjab,Nihal Khera SO,,,Fazilka,Punjab,30.2451,74.1298
Punjab,SBS Engg Colleger Ferozpeur SO,,,Firozepur,Punjab,30.927546,74.610497
Punjab,Sabzi Mandi Ferozepur City SO,,,Firozepur,Punjab,30.927546,74.610497
Punjab,Sherkhan Wala SO,,,Firozepur,Punjab,30.927546,74.610497
Punjab,Saroa SO,,,Shahid Bhagat Singh Nagar,Punjab,31.515963,75.904004
Punjab,Dosanjh Khurd SO,,,Shahid Bhagat Singh Nagar,Punjab,31.300299,75.630428
Punjab,Jadla SO,,,Shahid Bhagat Singh Nagar,Punjab,31.300299,75.630428
Punjab,Kultham SO,,,Shahid Bhagat Singh Nagar,Punjab,31.300299,75.630428
Punjab,Mokandpur SO,,,Shahid Bhagat Singh Nagar,Punjab,31.300299,75.630428
Punjab,Musapur SO,,,Shahid Bhagat Singh Nagar,Punjab,31.300299,75.630428
Punjab,Bara Pind SO,,,Jalandhar,Punjab,31.300299,75.630428
Punjab,BSF Campus SO,,,Jalandhar,Punjab,31.300299,75.630428
Punjab,Dayalpur SO Jalandhar,,,Jalandhar,Punjab,31.300299,75.630428
Punjab,Jalandhar Cantt HO,,,Jalandhar,Punjab,31.300299,75.630428
Delhi NCR,New Hapur HO,,,Hapur,Uttar Pradesh,28.8175401,77.7494573
Punjab,Sadar Bazar SO Firozpur,,,Firozepur,Punjab,30.927546,74.610497
Punjab,Sitto SO,,,Fazilka,Punjab,30.927546,74.610497
Punjab,Railway Road Mandi  Ladhuka,,,Fazilka,Punjab,30.5013,74.12
Punjab,New Judicial Court Complex Fazilka,,,Fazilka,Punjab,30.41,74.07
Punjab,Bhambotar SO,,,Hoshiarpur,Punjab,31.81726,75.657304
Punjab,Bhangala SO,,,Hoshiarpur,Punjab,31.81726,75.657304
Punjab,Dalhousie Road Pathankot SO,,,Pathankot,Punjab,32.26,75.66
Punjab,Dunera SO,,,Pathankot,Punjab,32.44,75.89
Punjab,Shahpur Kandi Township SO,,,Pathankot,Punjab,32.043274,75.39888
Punjab,Dera Baba Nanak SO,,,Gurdaspur,Punjab,32.03,75.03
Punjab,Fatehgarh Churian SO,,,Gurdaspur,Punjab,31.87,74.96
Punjab,Guru Nanak Nagar SO Gurdaspur,,,Gurdaspur,Punjab,31.83,75.21
Punjab,Krishna Nagar Batala SO,,,Gurdaspur,Punjab,31.82,75.2
Punjab,Dinanagar SO,,,Gurdaspur,Punjab,32.13,75.47
Punjab,Marara SO,,,Gurdaspur,Punjab,32.043274,75.39888
Punjab,Tibber SO,,,Gurdaspur,Punjab,32.043274,75.39888
Punjab,Dhangu Road Pathankot SO,,,Pathankot,Punjab,32.26,75.64
Punjab,Khanpur Chowk Pathankot SO,,,Pathankot,Punjab,32.043274,75.39888
Punjab,Malakpur SO,,,Pathankot,Punjab,32.043274,75.39888
Punjab,Nai Abadi Abohar SO,,,Fazilka,Punjab,30.927546,74.610497
Punjab,New Grain Market Abohar SO,,,Fazilka,Punjab,30.927546,74.610497
Punjab,Industrial Area Ferozepur city,,,Firozepur,Punjab,30.95,74.62
Punjab,Nangal Ambian SO,,,Jalandhar,Punjab,31.3810505,76.3810792
Punjab,Shahkot SO,,,Jalandhar,Punjab,31.3092705,75.378467
Punjab,RURKA KALAN SO,,,Jalandhar,Punjab,31.52747,75.8066
Punjab,Malsian SO,,,Jalandhar,Punjab,31.382075,75.384029
Punjab,Mehatpur SO Jalandhar,,,Jalandhar,Punjab,31.4078,76.3435
Delhi NCR,Murthal SO,,,Sonipat,Haryana,29.0409444,77.0894167
Delhi NCR,PSRai SO,,,Sonipat,Haryana,28.9253611,77.1035833
Delhi NCR,Mini Sectt Gohana,,,Sonipat,Haryana,28.9926944,77.0179722
Delhi NCR,HOUSING BOARD COLONY SONIPAT,,,Sonipat,Haryana,28.99,77.01
Delhi NCR,Model Town Sonipat SO,,,Sonipat,Haryana,28.9865556,77.0255
Delhi NCR,Nahri SO,,,Sonipat,Haryana,28.8556667,77.0456667
Delhi NCR,Sonipat Kty SO,,,Sonipat,Haryana,29.0001389,77.0001389
Delhi NCR,Juan SO,,,Sonipat,Haryana,28.9330278,76.9749722
Delhi NCR,Purkhas SO,,,Sonipat,Haryana,29.1101389,76.9445278
Punjab,Dhianpur SO,,,Gurdaspur,Punjab,31.92,75.07
Punjab,Kalanaur SO Gurdaspur,,,Gurdaspur,Punjab,31.01,75.15
Punjab,Nehru Gate Batala SO,,,Gurdaspur,Punjab,31.8075,75.19558
Punjab,Qadian SO,,,Gurdaspur,Punjab,31.82,75.38
Punjab,Srihargobindpur SO,,,Gurdaspur,Punjab,31.69,75.48
Punjab,Judicial Complex Batala SO,,,Gurdaspur,Punjab,31.831748,75.222903
Punjab,Bhattian SO,,,Gurdaspur,Punjab,31.86,75.46
Punjab,Dhariwal SO,,,Gurdaspur,Punjab,31.96,75.32
Punjab,Dorangla SO,,,Gurdaspur,Punjab,32.11,75.3
Punjab,Tibri SO,,,Gurdaspur,Punjab,32.043274,75.39888
Punjab,Abrol Nagar Pathankot SO,,,Pathankot,Punjab,32.043274,75.39888
Punjab,Bamial SO,,,Pathankot,Punjab,32.29,75.38
Punjab,Beacon Pathankot SO,,,Pathankot,Punjab,32.26,75.61
Punjab,Dhaki Road Pathankot SO,,,Pathankot,Punjab,32.27,75.64
Punjab,Gharota SO,,,Pathankot,Punjab,32.15,75.58
Punjab,Mission Road Pathankot SO,,,Pathankot,Punjab,32.043274,75.39888
Punjab,Nakoder SO,,,Jalandhar,Punjab,31.127,75.4818
Punjab,Shankar SO,,,Jalandhar,Punjab,31.52747,75.8066
Punjab,SIDHWAN R S SO,,,Jalandhar,Punjab,31.52747,75.8066
Punjab,NEW JUDICIAL COURT COMPLEX NAKODAR SO,,,Jalandhar,Punjab,31.127,75.4817
Punjab,Bundala SO Jalandhar,,,Jalandhar,Punjab,31.1398555,75.6734081
Punjab,Partappura SO,,,Jalandhar,Punjab,31.21781,75.76939
Punjab,Pasla SO,,,Jalandhar,Punjab,31.52747,75.8066
Punjab,SARHALI SO,,,Jalandhar,Punjab,31.1846339,75.6850359
Punjab,SARIH SO,,,Jalandhar,Punjab,31.217805,75.769395
Punjab,Civil Court Pathankot SO,,,Pathankot,Punjab,32.27,75.6
Punjab,Madhopur SO Gurdaspur,,,Pathankot,Punjab,32.043274,75.39888
Punjab,Mirthal SO,,,Pathankot,Punjab,32.043274,75.39888
Punjab,Narot Jailmal Singh SO,,,Pathankot,Punjab,32.043274,75.39888
Punjab,Pathankot SO,,,Pathankot,Punjab,32.27,75.62
Punjab,Sujanpur SO Gurdaspur,,,Pathankot,Punjab,32.043274,75.39888
Punjab,Taragarh Gurdaspur SO,,,Pathankot,Punjab,32.043274,75.39888
Punjab,Kala Sanghian SO,,,Kapurthala,Punjab,31.26957,75.40631
Punjab,KAPURTHALA TOWN SO,,,Kapurthala,Punjab,31.374935,75.384201
Punjab,Nangal Lubana SO,,,Kapurthala,Punjab,31.3810505,76.3810792
Punjab,Sheikhupur SO Kapurthala,,,Kapurthala,Punjab,31.384432,75.3813309
Punjab,Sidhwan Dona SO,,,Kapurthala,Punjab,31.0919218,75.5189232
Punjab,Thatha Jadid SO,,,Kapurthala,Punjab,31.8475168,74.9851558
Punjab,PTU Campus Kapurthala SO,,,Kapurthala,Punjab,31.3568,75.4405
Punjab,Chachoki SO,,,Kapurthala,Punjab,31.1963969,75.7713809
Delhi NCR,Rohat SO Sonipat,,,Sonipat,Haryana,28.9926944,77.0179722
Punjab,THAPAR COLONY PHAGWARA SO,,,Kapurthala,Punjab,31.2486,75.80989
Punjab,University Campus Nanak Nagri SO,,,Kapurthala,Punjab,31.251236,75.810582
Punjab,RAIL COACH FACTORY KAPURTHALA SO,,,Kapurthala,Punjab,31.34831,75.41814
Punjab,Sultanpur Lodhi SO,,,Kapurthala,Punjab,31.19524,75.1263
Punjab,Bazar Sarafan Phagwara SO,,,Kapurthala,Punjab,31.2486,75.80989
Punjab,DOMELI SO,,,Kapurthala,Punjab,31.217806,75.769394
Punjab,Mehli Gate Phagwara SO,,,Kapurthala,Punjab,31.2486,75.80989
Punjab,Binewal SO,,,Hoshiarpur,Punjab,31.515963,75.904004
Punjab,Model Town SO Hoshiarpur,,,Hoshiarpur,Punjab,31.515963,75.904004
Punjab,Moranwali SO,,,Hoshiarpur,Punjab,31.515963,75.904004
Punjab,Rajpur Bhayan SO,,,Hoshiarpur,Punjab,31.515963,75.904004
Punjab,Rampur Bilron SO,,,Hoshiarpur,Punjab,31.515963,75.904004
Punjab,Gnqc Sultanpur SO,,,Kapurthala,Punjab,31.19524,75.1263
Punjab,Jagatjit Nagar SO,,,Kapurthala,Punjab,31.43295,75.24975
Punjab,Kartarpur SO,,,Jalandhar,Punjab,31.4364,75.4956
Punjab,Bilga SO,,,Jalandhar,Punjab,31.217805,75.769395
Punjab,Samrai SO,,,Jalandhar,Punjab,31.52747,75.8066
Punjab,Nadala SO,,,Kapurthala,Punjab,31.5464723,75.444504
Punjab,IBRAHIMWAL,,,Kapurthala,Punjab,31.52747,75.8066
Punjab,Talwandi Chaudharian SO,,,Kapurthala,Punjab,31.33855,75.1392
Punjab,Narur SO,,,Kapurthala,Punjab,31.80705,75.89078
Punjab,PANCHHAT SO,,,Kapurthala,Punjab,31.3488818,75.8688551
Punjab,RANIPUR SO,,,Kapurthala,Punjab,31.3047605,75.740812
Punjab,Dhilwan SO,,,Kapurthala,Punjab,31.4972492,75.3333884
Punjab,Mehandpur SO,,,Shahid Bhagat Singh Nagar,Punjab,31.515963,75.904004
Punjab,Dialpur SO,,,Jalandhar,Punjab,31.05042,75.91407
Punjab,Lohian SO,,,Jalandhar,Punjab,31.162,75.2041
Punjab,Urban Estate SO Jalandhar,,,Jalandhar,Punjab,31.300299,75.630428
Punjab,Adda Kathar SO,,,Jalandhar,Punjab,31.326723,75.586847
Punjab,Bhogpur SO Jalandhar,,,Jalandhar,Punjab,31.326723,75.586847
Punjab,Civil Secretariate SO,,,Jalandhar,Punjab,31.326723,75.586847
Punjab,Fentonganj SO,,,Jalandhar,Punjab,31.326723,75.586847
Punjab,Grain Market SO Jalandhar,,,Jalandhar,Punjab,31.326723,75.586847
Punjab,Sainik School Kapurthala SO,,,Kapurthala,Punjab,31.38345,75.32705
Punjab,Kanjli Road Kapurthala SO,,,Kapurthala,Punjab,31.382075,75.384029
Punjab,Banga Road Phagwara SO,,,Kapurthala,Punjab,31.2486,75.80989
Punjab,Bholath SO,,,Kapurthala,Punjab,31.5230704,75.486906
Punjab,Satnampura SO,,,Kapurthala,Punjab,31.2237874,75.7611226
Punjab,Bhunga SO,,,Hoshiarpur,Punjab,31.81726,75.657304
Punjab,Mukerian SO,,,Hoshiarpur,Punjab,31.5143178,75.911483
Punjab,Bahadurpur Chowk SO,,,Hoshiarpur,Punjab,31.515963,75.904004
Punjab,Bajwara SO,,,Hoshiarpur,Punjab,31.515963,75.904004
Punjab,Barian  Kalan SO,,,Hoshiarpur,Punjab,31.515963,75.904004
Punjab,Rahon SO,,,Shahid Bhagat Singh Nagar,Punjab,31.300299,75.630428
Punjab,Nawanshahar SO,,,Shahid Bhagat Singh Nagar,Punjab,31.300299,75.630428
Punjab,Pharala SO,,,Shahid Bhagat Singh Nagar,Punjab,31.300299,75.630428
Punjab,Sahlon SO,,,Shahid Bhagat Singh Nagar,Punjab,31.300299,75.630428
Punjab,Urapar SO,,,Shahid Bhagat Singh Nagar,Punjab,31.300299,75.630428
Punjab,Kathagrh SO,,,Shahid Bhagat Singh Nagar,Punjab,31.515963,75.904004
Punjab,Asron,,,Shahid Bhagat Singh Nagar,Punjab,31.516,75.904
Punjab,Bassi Kalan SO,,,Hoshiarpur,Punjab,31.515963,75.904004
Punjab,Hoshiarpur City SO,,,Hoshiarpur,Punjab,31.515963,75.904004
Punjab,Kamalpur SO Nawanshahr,,,Hoshiarpur,Punjab,31.515963,75.904004
Punjab,Kotfathui SO,,,Hoshiarpur,Punjab,31.515963,75.904004
Punjab,Mahilpur SO,,,Hoshiarpur,Punjab,31.515963,75.904004
Punjab,Mini Sectt SO,,,Hoshiarpur,Punjab,31.515963,75.904004
Punjab,Purhiran SO,,,Hoshiarpur,Punjab,31.515963,75.904004
Punjab,Bulhowal SO,,,Hoshiarpur,Punjab,31.81726,75.657304
Punjab,Garhdiwala SO,,,Hoshiarpur,Punjab,31.81726,75.657304
Punjab,Hajipur SO,,,Hoshiarpur,Punjab,31.81726,75.657304
Punjab,Kamahi Devi SO,,,Hoshiarpur,Punjab,31.81726,75.657304
Punjab,Bham SO,,,Hoshiarpur,Punjab,31.515963,75.904004
Punjab,Bharwain Road SO,,,Hoshiarpur,Punjab,31.515963,75.904004
Punjab,Datarpur SO,,,Hoshiarpur,Punjab,31.81726,75.657304
Punjab,Dholbaha SO,,,Hoshiarpur,Punjab,31.81726,75.657304
Punjab,Hariana SO,,,Hoshiarpur,Punjab,31.81726,75.657304
Punjab,Janauri SO,,,Hoshiarpur,Punjab,31.81726,75.657304
Punjab,Kandhala Jattan SO,,,Hoshiarpur,Punjab,31.81726,75.657304
Punjab,Khudda SO,,,Hoshiarpur,Punjab,31.81726,75.657304
Punjab,Pajjodeotta SO,,,Hoshiarpur,Punjab,31.81726,75.657304
Punjab,Tanda SO,,,Hoshiarpur,Punjab,31.81726,75.657304
Punjab,Urmar SO,,,Hoshiarpur,Punjab,31.81726,75.657304
Punjab,Guru Amar Dass Nagar SO,,,Jalandhar,Punjab,31.326723,75.586847
Punjab,Phillaur SO,,,Jalandhar,Punjab,31.300299,75.630428
Punjab,Rama Mandi SO,,,Jalandhar,Punjab,31.300299,75.630428
Punjab,Alawalpur SO Jalandhar,,,Jalandhar,Punjab,31.326723,75.586847
Punjab,P T S Phillaur SO,,,Jalandhar,Punjab,31.300299,75.630428
Punjab,Sadar Bazar Jalandhar Cantt SO,,,Jalandhar,Punjab,31.300299,75.630428
Punjab,Basti Guzan SO,,,Jalandhar,Punjab,31.326723,75.586847
Punjab,Bazar Shahidan SO,,,Jalandhar,Punjab,31.326723,75.586847
Punjab,Bhargav Camp SO,,,Jalandhar,Punjab,31.326723,75.586847
Punjab,Bikrampura SO,,,Jalandhar,Punjab,31.326723,75.586847
Punjab,Charanjitpura SO,,,Jalandhar,Punjab,31.326723,75.586847
Punjab,Daroli Kalan SO,,,Jalandhar,Punjab,31.326723,75.586847
Punjab,Guru Ravidass Road SO,,,Jalandhar,Punjab,31.326723,75.586847
Punjab,Kala Bakra SO,,,Jalandhar,Punjab,31.326723,75.586847
Punjab,Nagra SO Jalandhar,,,Jalandhar,Punjab,31.326723,75.586847
Punjab,Rasta Mohalla SO,,,Jalandhar,Punjab,31.326723,75.586847
Punjab,Reru SO,,,Jalandhar,Punjab,31.326723,75.586847
Punjab,S U S Nagar SO,,,Jalandhar,Punjab,31.326723,75.586847
Punjab,Shakti Nagar SO Jalandhar,,,Jalandhar,Punjab,31.326723,75.586847
Punjab,Nurmahal SO,,,Jalandhar,Punjab,31.0943,75.5888
Punjab,Pattar Kalan SO,,,Jalandhar,Punjab,31.3967,75.45946
Punjab,DHESIAN KAHNA SO,,,Jalandhar,Punjab,31.8770678,75.4137009
Punjab,JANDIALA SO,,,Jalandhar,Punjab,31.52747,75.8066
Punjab,Bihala SO,,,Hoshiarpur,Punjab,31.515963,75.904004
Punjab,Gaushala Bazar SO,,,Hoshiarpur,Punjab,31.515963,75.904004
Punjab,Jaijon SO,,,Hoshiarpur,Punjab,31.515963,75.904004
Punjab,Nangal Kalan SO,,,Hoshiarpur,Punjab,31.515963,75.904004
Punjab,Paldi SO Hoshiarpur,,,Hoshiarpur,Punjab,31.515963,75.904004
Punjab,Sadhu Ashram SO,,,Hoshiarpur,Punjab,31.515963,75.904004
Punjab,Samundra SO,,,Hoshiarpur,Punjab,31.515963,75.904004
Punjab,Begowal SO,,,Kapurthala,Punjab,31.61279,75.52751
Punjab,Hoshiarpur Road SO,,,Jalandhar,Punjab,31.326723,75.586847
Punjab,Lambra SO,,,Jalandhar,Punjab,31.326723,75.586847
Punjab,Preet Nagar SO Jalandhar,,,Jalandhar,Punjab,31.326723,75.586847
Punjab,REC Jalandhar SO,,,Jalandhar,Punjab,31.326723,75.586847
Punjab,Sodal Road SO,,,Jalandhar,Punjab,31.326723,75.586847
Punjab,CRPF Campus Sarai Khas SO,,,Jalandhar,Punjab,31.382075,75.384029
Punjab,PAP Lines Jalandhar Cantt SO,,,Jalandhar,Punjab,31.300299,75.630428
Punjab,Adampur AD SO,,,Jalandhar,Punjab,31.326723,75.586847
Punjab,Basti Bawa Khel SO,,,Jalandhar,Punjab,31.326723,75.586847
Punjab,Basti Danishmandan SO,,,Jalandhar,Punjab,31.326723,75.586847
Punjab,Basti Nau SO,,,Jalandhar,Punjab,31.326723,75.586847
Punjab,Basti Sheikh SO,,,Jalandhar,Punjab,31.37425,75.5116
Punjab,Bhagat Bazar SO,,,Jalandhar,Punjab,31.326723,75.586847
Punjab,Chitti SO,,,Jalandhar,Punjab,31.326723,75.586847
Punjab,Balachaur SO,,,Shahid Bhagat Singh Nagar,Punjab,31.515963,75.904004
Punjab,Sahiba SO,,,Shahid Bhagat Singh Nagar,Punjab,31.515963,75.904004
Punjab,Nawanshahar Mandi SO,,,Shahid Bhagat Singh Nagar,Punjab,31.300299,75.630428
Punjab,Adampur Doaba SO,,,Jalandhar,Punjab,31.326723,75.586847
Punjab,Bazaar Nauhrian SO,,,Jalandhar,Punjab,31.4042,75.435
Punjab,Beas Pind SO,,,Jalandhar,Punjab,31.326723,75.586847
Punjab,Chogitti SO,,,Jalandhar,Punjab,31.326723,75.586847
Punjab,D A V  College SO,,,Jalandhar,Punjab,31.326723,75.586847
Punjab,Industrial Town SO,,,Jalandhar,Punjab,31.326723,75.586847
Punjab,Jandu Singha SO,,,Jalandhar,Punjab,31.326723,75.586847
Punjab,Lajpat Nagar Jalandhar SO,,,Jalandhar,Punjab,31.326723,75.586847
Punjab,Model House SO,,,Jalandhar,Punjab,31.326723,75.586847
Punjab,Padhiana SO,,,Jalandhar,Punjab,31.326723,75.586847
Punjab,Sant Nagar SO Jalandhar,,,Jalandhar,Punjab,31.326723,75.586847
Punjab,Suranussi SO,,,Jalandhar,Punjab,31.326723,75.586847
Punjab,Tower Town Colony SO,,,Jalandhar,Punjab,31.326723,75.586847
Punjab,General Bus Stand SO Jalandhar,,,Jalandhar,Punjab,31.326723,75.586847
Punjab,Model Town Jalandhar SO,,,Jalandhar,Punjab,31.326723,75.586847
Punjab,N R Colony SO,,,Jalandhar,Punjab,31.326723,75.586847
Punjab,Binjon SO,,,Hoshiarpur,Punjab,31.515963,75.904004
Punjab,Factory Area Chohal SO,,,Hoshiarpur,Punjab,31.515963,75.904004
Punjab,Garhshanker SO,,,Hoshiarpur,Punjab,31.515963,75.904004
Punjab,Kot Abdul Khaliq SO,,,Hoshiarpur,Punjab,31.515963,75.904004
Punjab,Piplanwala SO,,,Hoshiarpur,Punjab,31.515963,75.904004
Punjab,Railway Road SO Hoshiarpur,,,Hoshiarpur,Punjab,31.515963,75.904004
Punjab,Saila Khurd SO,,,Hoshiarpur,Punjab,31.515963,75.904004
Punjab,Patara SO Jalandhar,,,Jalandhar,Punjab,31.326723,75.586847
Punjab,Railway Road SO Jalandhar,,,Jalandhar,Punjab,31.326723,75.586847
Punjab,Regional Campus GNDU SO,,,Jalandhar,Punjab,31.326723,75.586847
Punjab,Session Court SO Jalandhar,,,Jalandhar,Punjab,31.326723,75.586847
Punjab,"Nodal Delivery Centre, Jalandhar",,,Jalandhar,Punjab,31.1923,75.3453
Punjab,Bopa Rai Kalan SO Jalandhar,,,Jalandhar,Punjab,31.11101,75.7386
Punjab,DGNakoder SO,,,Jalandhar,Punjab,31.382075,75.384029
Punjab,Mubarakpur SO Patiala,,,S.A.S Nagar,Punjab,30.692051,76.69841
Punjab,Gharuan SO,,,S.A.S Nagar,Punjab,30.7742777,76.5606111
Punjab,Khizrabad West SO,,,S.A.S Nagar,Punjab,30.8801944,76.6578889
Punjab,Chandigarh Sector 67 SO,,,S.A.S Nagar,Punjab,30.6833611,76.7356111
Punjab,Dappar Ad SO,,,S.A.S Nagar,Punjab,30.5335556,76.8065556
Punjab,Dhakaoli SO,,,S.A.S Nagar,Punjab,30.692051,76.69841
Punjab,Lalru SO,,,S.A.S Nagar,Punjab,30.4899722,76.8009167
Punjab,Naya Gaon SO Mohali,,,S.A.S Nagar,Punjab,30.692051,76.69841
Punjab,Zirakpur SO,,,S.A.S Nagar,Punjab,30.6539722,76.8209722
Punjab,Landran SO,,,S.A.S Nagar,Punjab,30.6951111,76.6647778
Punjab,Budhipind SO,,,Hoshiarpur,Punjab,31.81726,75.657304
Punjab,Miani SO,,,Hoshiarpur,Punjab,31.81726,75.657304
Punjab,Nandachaur SO,,,Hoshiarpur,Punjab,31.81726,75.657304
Punjab,Talwara Township SO,,,Hoshiarpur,Punjab,31.81726,75.657304
Punjab,Tanda Ram Sahai SO,,,Hoshiarpur,Punjab,31.81726,75.657304
Punjab,Ajnoha SO,,,Hoshiarpur,Punjab,31.515963,75.904004
Punjab,Baddon SO,,,Hoshiarpur,Punjab,31.515963,75.904004
Punjab,AP Basti SO,,,Ludhiana,Punjab,30.8946667,75.8503611
Punjab,Basant Avenue SO,,,Ludhiana,Punjab,30.8593611,75.8317778
Punjab,Dhandari Kalan SO,,,Ludhiana,Punjab,30.8682222,75.9192222
Punjab,Durgapuri SO,,,Ludhiana,Punjab,30.9216444,75.8161611
Punjab,Gholia Khurd SO,,,Moga,Punjab,30.81337,75.175565
Punjab,GTR MOGA SO,,,Moga,Punjab,30.81337,75.175565
Punjab,Guru Teg Bahadur Garh SO,,,Moga,Punjab,30.81337,75.175565
Punjab,Industrial Area Moga SO,,,Moga,Punjab,30.81337,75.175565
Punjab,Kokri Kalan SO,,,Moga,Punjab,30.81337,75.175565
Punjab,Manoke SO,,,Moga,Punjab,30.81337,75.175565
Punjab,Nihal Singh Wala SO,,,Moga,Punjab,30.81337,75.175565
Punjab,Patto Hira Singh SO,,,Moga,Punjab,30.81337,75.175565
Punjab,Purana Moga SO,,,Moga,Punjab,30.81337,75.175565
Punjab,Bhanupali SO,,,Rupnagar,Punjab,31.2993889,76.4225
Punjab,Bharatgarh SO,,,Rupnagar,Punjab,31.0990278,76.6091944
Punjab,Kiratpur Sahib SO,,,Rupnagar,Punjab,31.1848333,76.5674722
Punjab,Kotla Power House SO,,,Rupnagar,Punjab,31.2106111,76.5552778
Punjab,Chamkaur Sahib SO,,,Rupnagar,Punjab,30.89425,76.4149722
Punjab,Ghanauli SO,,,Rupnagar,Punjab,31.0261389,76.5883889
Punjab,Bhinder SO Firozpur,,,Moga,Punjab,30.927546,74.610497
Punjab,Kot Ise Khan SO,,,Moga,Punjab,30.927546,74.610497
Punjab,Abohar SO,,,Fazilka,Punjab,30.1453,74.1993
Punjab,Chowk Arya Samaj Ferozepur SO,,,Firozepur,Punjab,30.927546,74.610497
Punjab,Fazilka SO,,,Fazilka,Punjab,30.4036,74.0279
Punjab,Ferozeshah SO,,,Firozepur,Punjab,30.927546,74.610497
Punjab,Gandhi Nagar Fazilka SO,,,Fazilka,Punjab,30.927546,74.610497
Punjab,Khuiyan Server SO,,,Fazilka,Punjab,30.1417,74.0112
Punjab,Maujgarh SO,,,Fazilka,Punjab,30.927546,74.610497
Punjab,Derabassi SO,,,S.A.S Nagar,Punjab,30.4601667,76.8762778
Punjab,Ram Nagar SO Muktsar,,,Sri Muktsar Sahib,Punjab,30.666212,74.740482
Punjab,Bilaspur Moga SO,,,Moga,Punjab,30.81337,75.175565
Punjab,Samadh Bhai SO,,,Moga,Punjab,30.81337,75.175565
Punjab,Amloh SO,,,Fatehgarh Sahib,Punjab,30.6922778,76.2283611
Punjab,Chinarthal Kalan SO,,,Fatehgarh Sahib,Punjab,30.9432222,76.5350278
Punjab,Balluana SO,,,Fazilka,Punjab,30.2236,74.782
Punjab,Anaj Mandi Nabha SO,,,Patiala,Punjab,30.41,76.06
Punjab,Bahera Road Patiala SO,,,Patiala,Punjab,31.3248611,76.3935278
Punjab,Tappa Khera SO,,,Sri Muktsar Sahib,Punjab,30.666212,74.740482
Punjab,Dala SO,,,Moga,Punjab,30.81337,75.175565
Punjab,Ghall Kalan SO,,,Moga,Punjab,30.81337,75.175565
Punjab,Gne College SO,,,Ludhiana,Punjab,30.8589167,75.8616389
Punjab,Jugiana SO,,,Ludhiana,Punjab,30.846,75.9481111
Punjab,Labour Colony SO Ludhiana,,,Ludhiana,Punjab,30.89,75.86
Punjab,Basti Jodhewal SO,,,Ludhiana,Punjab,30.9314638,75.8716944
Punjab,Eros Bajra Road SO,,,Ludhiana,Punjab,30.9566972,75.8886194
Punjab,Rupana SO,,,Sri Muktsar Sahib,Punjab,30.666212,74.740482
Punjab,Badhni Kalan SO,,,Moga,Punjab,30.81337,75.175565
Punjab,Baghapurana SO,,,Moga,Punjab,30.81337,75.175565
Punjab,Butter SO,,,Moga,Punjab,30.81337,75.175565
Punjab,Dhudike SO,,,Moga,Punjab,30.81337,75.175565
Punjab,Moga Kty SO,,,Moga,Punjab,30.81337,75.175565
Punjab,Cantt Railway Station Ferozepu SO,,,Firozepur,Punjab,30.927546,74.610497
Punjab,Jalalabad T SO,,,Fazilka,Punjab,30.927546,74.610497
Punjab,Jalalabad W SO,,,Fazilka,Punjab,30.605,74.2558
Punjab,Makhu SO,,,Firozepur,Punjab,30.927546,74.610497
Punjab,Mandi Amin Ganj SO,,,Fazilka,Punjab,30.9799,74.6816
Punjab,Arniwala Sheikh Subhan SO,,,Fazilka,Punjab,30.3467,74.2572
Punjab,Guruharsahai SO,,,Firozepur,Punjab,30.7058,74.4115
Punjab,Khui Khera SO,,,Fazilka,Punjab,30.3215,74.0522
Punjab,Mallanwala SO,,,Firozepur,Punjab,30.927546,74.610497
Punjab,Mamdot SO,,,Firozepur,Punjab,30.8705,74.4189
Punjab,Manawan SO,,,Moga,Punjab,30.927546,74.610497
Punjab,D C W SO,,,Patiala,Punjab,30.3569167,76.4189167
Punjab,Abohar Mandi SO,,,Fazilka,Punjab,30.137712,74.202531
Punjab,Canal Colony Ferozepur SO,,,Firozepur,Punjab,31.0341,74.8482
Punjab,Ferozepur City SO,,,Firozepur,Punjab,30.9331,74.6225
Punjab,Bassian SO,,,Ludhiana,Punjab,30.656225,75.5399083
Punjab,Bopa Rai Kalan SO Ludhiana,,,Ludhiana,Punjab,30.8414722,75.6719722
Punjab,Dakha SO,,,Ludhiana,Punjab,30.8556111,75.6902222
Punjab,Galib Kalan SO,,,Ludhiana,Punjab,30.838625,75.401
Punjab,Halwara Aerodrome SO,,,Ludhiana,Punjab,30.7642861,75.6514138
Punjab,Halwara SO,,,Ludhiana,Punjab,30.7250527,75.6410194
Punjab,Kamalpura SO,,,Ludhiana,Punjab,30.708,75.5263333
Punjab,KCG Sudhar SO,,,Ludhiana,Punjab,30.7696111,75.6489722
Punjab,Mann SO,,,Ludhiana,Punjab,30.8113056,75.5650833
Punjab,Mohie SO,,,Ludhiana,Punjab,30.8020472,75.6881388
Punjab,Dhamote SO,,,Ludhiana,Punjab,30.6917777,75.0311388
Punjab,Doraha SO Ludhiana,,,Ludhiana,Punjab,30.8414722,75.6719722
Punjab,Ghungrana SO,,,Ludhiana,Punjab,30.7169166,75.8152222
Punjab,Jarg SO,,,Ludhiana,Punjab,30.6135277,76.0712777
Punjab,Kakrala Kalan SO,,,Ludhiana,Punjab,30.8491111,76.3008888
Punjab,Latala SO,,,Ludhiana,Punjab,30.682975,75.7501305
Punjab,Maloudh SO,,,Ludhiana,Punjab,30.6344611,75.93475
Punjab,Ramgarh SO Ludhiana,,,Ludhiana,Punjab,30.8414722,75.6719722
Punjab,Krishna Nagari Abohar SO,,,Fazilka,Punjab,30.927546,74.610497
Punjab,Civil Lines Patiala SO,,,Patiala,Punjab,30.5702222,76.6453889
Punjab,Ghagga SO,,,Patiala,Punjab,30.0189167,76.1043333
Punjab,Govt Printing Press SO,,,Patiala,Punjab,30.3511111,76.3975833
Punjab,Guruteghbahadurgarh SO,,,Patiala,Punjab,30.3606667,76.46375
Punjab,Jaurian Bhattian SO,,,Patiala,Punjab,30.3189722,76.4003611
Punjab,Law Court SO,,,Patiala,Punjab,30.3375278,76.3979444
Punjab,Majithia Enclave SO,,,Patiala,Punjab,30.3391944,76.3555556
Punjab,Medical College SO Patiala,,,Patiala,Punjab,30.32,76.38
Punjab,Dharamkot SO,,,Moga,Punjab,30.927546,74.610497
Punjab,Kishanpura SO Moga,,,Moga,Punjab,30.927546,74.610497
Punjab,Iqbal Ganj SO,,,Ludhiana,Punjab,30.9116111,75.859
Punjab,Millerganj SO,,,Ludhiana,Punjab,30.8933333,75.8669722
Punjab,New Courts SO,,,Ludhiana,Punjab,30.9000278,75.8349444
Punjab,New Model Town SO,,,Ludhiana,Punjab,30.8949722,75.8413611
Punjab,Pt Colony SO Ludhiana,,,Ludhiana,Punjab,30.91,75.82
Punjab,Samrala Road SO,,,Ludhiana,Punjab,30.9134444,75.8661388
Punjab,Sanehwal SO,,,Ludhiana,Punjab,30.8378056,75.9825556
Punjab,Koom Kalan SO,,,Ludhiana,Punjab,30.7029167,76.2244167
Punjab,Ganugwal SO,,,Rupnagar,Punjab,31.2709167,76.4869722
Punjab,Lohora SO,,,Ludhiana,Punjab,30.848,75.8905
Punjab,Dakha Mandi SO,,,Ludhiana,Punjab,30.8414722,75.6719722
Punjab,Jagraon City SO,,,Ludhiana,Punjab,30.7854777,75.4727611
Punjab,Mallah SO,,,Ludhiana,Punjab,30.6929,75.4068611
Punjab,Sarabha SO,,,Ludhiana,Punjab,30.7525916,75.7023111
Punjab,Sidhwan Bet SO,,,Ludhiana,Punjab,30.929275,75.4735111
Punjab,Threeke SO,,,Ludhiana,Punjab,30.7936111,75.4743333
Punjab,Amloh RoadKhanna SO,,,Ludhiana,Punjab,30.6526111,76.2796111
Punjab,Behlolpur SO,,,Ludhiana,Punjab,30.9000138,76.3109722
Punjab,Daheru SO,,,Ludhiana,Punjab,30.7466944,76.14925
Punjab,Dehlon SO,,,Ludhiana,Punjab,30.7435,75.8524166
Punjab,Ghawaddi SO,,,Ludhiana,Punjab,30.7807138,75.8898305
Punjab,Ghudani Kalan SO,,,Ludhiana,Punjab,30.7265,75.9837777
Punjab,Machhiwara SO,,,Ludhiana,Punjab,30.91275,76.1951389
Punjab,Narangwal SO,,,Ludhiana,Punjab,30.7626277,75.7748333
Punjab,Payal SO,,,Ludhiana,Punjab,30.72355,76.0607472
Punjab,Rahawan SO,,,Ludhiana,Punjab,30.7268611,76.2226389
Punjab,Ayali Kalan SO,,,Ludhiana,Punjab,30.8924277,75.7600194
Punjab,Baddowal SO,,,Ludhiana,Punjab,30.8621722,75.7468611
Punjab,Hambran SO,,,Ludhiana,Punjab,30.9364722,75.6697666
Punjab,Jodhan SO,,,Ludhiana,Punjab,30.7951111,75.7563611
Punjab,Lalton Kalan SO,,,Ludhiana,Punjab,30.8443111,75.7797777
Punjab,Sidhwan Khurd SO,,,Ludhiana,Punjab,30.8294722,75.5528056
Punjab,Gill SO,,,Ludhiana,Punjab,30.845,75.8628611
Punjab,Jaspal Banger SO,,,Ludhiana,Punjab,30.8392222,75.9054167
Punjab,Kohara SO,,,Ludhiana,Punjab,30.8674444,76.0032222
Punjab,Rampur SO Ludhiana,,,Ludhiana,Punjab,30.8414722,75.6719722
Punjab,Sihar SO,,,Ludhiana,Punjab,30.6926111,75.9161277
Punjab,New Hargobind Nagar SO,,,Ludhiana,Punjab,30.9097778,75.8715833
Punjab,Partpsinghwala SO,,,Ludhiana,Punjab,30.92,75.78
Punjab,Sarabha Nagar SO,,,Ludhiana,Punjab,30.894,75.8178888
Punjab,Satsang Road SO,,,Ludhiana,Punjab,30.9126944,75.8044167
Punjab,Shimlapuri SO,,,Ludhiana,Punjab,30.8656777,75.86405
Punjab,Sadiq SO,,,Faridkot,Punjab,30.666212,74.740482
Punjab,Sandhwan SO,,,Faridkot,Punjab,30.666212,74.740482
Punjab,BR Street SO,,,Ludhiana,Punjab,30.9168916,75.8576666
Punjab,Bharat Nagar SO Ludhiana,,,Ludhiana,Punjab,30.9,75.84
Punjab,Central Post Office SO,,,Ludhiana,Punjab,30.9184167,75.8475556
Punjab,Daba Road SO,,,Ludhiana,Punjab,30.8695972,75.882925
Punjab,Jamalpur Awana SO,,,Ludhiana,Punjab,30.9023056,75.9041944
Punjab,Janta Nagar SO,,,Ludhiana,Punjab,30.8808333,75.8594722
Punjab,LR Market SO,,,Ludhiana,Punjab,30.9169722,75.84675
Punjab,Madhopuri SO,,,Ludhiana,Punjab,30.919,75.8614167
Punjab,Model Town Ludhiana SO,,,Ludhiana,Punjab,30.8414722,75.6719722
Punjab,PAU SO,,,Ludhiana,Punjab,30.9023889,75.8146944
Punjab,Passi Nagar SO,,,Ludhiana,Punjab,30.8727333,75.8154138
Punjab,Rajguru Nagar SO,,,Ludhiana,Punjab,30.8803889,75.7908333
Punjab,Sidhpeeth SO,,,Ludhiana,Punjab,30.9159722,75.8328611
Punjab,Bhadson SO,,,Patiala,Punjab,30.5072778,76.2462222
Punjab,Devigarh SO,,,Patiala,Punjab,30.1873056,76.5213333
Punjab,Dukhniwaran SO,,,Patiala,Punjab,30.3456667,76.3475
Punjab,Nabha SO,,,Patiala,Punjab,30.3758056,76.1508611
Delhi NCR,Baleni SO,,,Baghpat,Uttar Pradesh,28.9593056,77.4578056
Delhi NCR,Defence Colony SO Meerut,,,Meerut,Uttar Pradesh,29.01,77.74
Delhi NCR,Kaseru Khera SO,,,Meerut,Uttar Pradesh,29.0101111,77.73775
Delhi NCR,Lawar SO,,,Meerut,Uttar Pradesh,29.1017,77.9184
Delhi NCR,Saket SO Meerut,,,Meerut,Uttar Pradesh,28.99,77.73
Delhi NCR,Sardhana Road SO,,,Meerut,Uttar Pradesh,29.0236389,77.6883333
Delhi NCR,Sardhana SO,,,Meerut,Uttar Pradesh,29.1470833,77.6208889
Delhi NCR,Victoria Park SO,,,Meerut,Uttar Pradesh,28.9786944,77.7306389
Delhi NCR,Baghpat Gate SO,,,Meerut,Uttar Pradesh,29.46583,77.575
Delhi NCR,I E Partapur SO,,,Meerut,Uttar Pradesh,29.3114,77.1324
Delhi NCR,Jani SO,,,Meerut,Uttar Pradesh,28.9646944,77.5614167
Delhi NCR,Lisari Gate SO,,,Meerut,Uttar Pradesh,28.9683333,77.71225
Delhi NCR,Meerut City R S SO,,,Meerut,Uttar Pradesh,28.98,77.68
Punjab,CMC SO Ludhiana,,,Ludhiana,Punjab,30.9,75.86
Punjab,Focal Point SO,,,Ludhiana,Punjab,30.8837222,75.9091111
Punjab,Guru Arjan Dev Nagar SO,,,Ludhiana,Punjab,30.9150555,75.8796111
Punjab,Indl  Colony SO,,,Ludhiana,Punjab,30.8970277,75.8693888
Punjab,Mian Pur SO,,,Rupnagar,Punjab,30.91725,76.5710556
Punjab,Morinda SO,,,Rupnagar,Punjab,30.7915556,76.5016944
Punjab,Naya Nangal Sector 2 SO,,,Rupnagar,Punjab,30.3876944,76.3715277
Punjab,I I T ROPAR,,,Rupnagar,Punjab,30.692051,76.69841
Punjab,Nangal Dam SO,,,Rupnagar,Punjab,30.3876944,76.3715277
Punjab,Sialba Majri SO,,,S.A.S Nagar,Punjab,30.8445,76.6624166
Punjab,Kurali SO,,,S.A.S Nagar,Punjab,30.8296667,76.5795556
Delhi NCR,Bharatpur Agency,,,Bharatpur,Rajasthan,27.2124167,77.5183333
Delhi NCR,Collectorate BTP,,,Bharatpur,Rajasthan,27.2128056,77.5079167
Delhi NCR,Kotwalibharatpur,,,Bharatpur,Rajasthan,27.2159167,77.4872222
Delhi NCR,Krishna Colony BTP,,,Bharatpur,Rajasthan,27.2167778,77.5101944
Delhi NCR,Mathura Gate BTP,,,Bharatpur,Rajasthan,27.2173889,77.5012778
Delhi NCR,Ranjeet Nagar BTP,,,Bharatpur,Rajasthan,27.2288611,77.4818611
Delhi NCR,Halena,,,Bharatpur,Rajasthan,27.1148611,77.1530556
Punjab,Nurpur Bedi SO,,,Rupnagar,Punjab,31.1681944,76.4781667
Punjab,Takhatgarh SO,,,Rupnagar,Punjab,30.1275361,76.5127
Delhi NCR,Boundary Road SO,,,Meerut,Uttar Pradesh,28.99,77.71
Delhi NCR,Daurala SO,,,Meerut,Uttar Pradesh,29.1224444,77.7066944
Delhi NCR,Kithore SO,,,Meerut,Uttar Pradesh,28.8656111,77.9405278
Delhi NCR,Krishna Nagar SO,,,Meerut,Uttar Pradesh,29.03,77.7
Delhi NCR,Nadbai,,,Bharatpur,Rajasthan,27.2168333,77.2050278
Delhi NCR,Kherli Gadasia,,,Bharatpur,Rajasthan,27.2125,77.0401389
Delhi NCR,New Mandi BTP,,,Bharatpur,Rajasthan,27.2319444,77.4918056
Delhi NCR,Rareh,,,Bharatpur,Rajasthan,27.3201389,77.5583333
Delhi NCR,Akhaigarh,,,Bharatpur,Rajasthan,27.2214722,77.1945833
Delhi NCR,Bhusawar,,,Bharatpur,Rajasthan,27.0364444,77.0518889
Delhi NCR,Janoothar,,,Bharatpur,Rajasthan,27.2235,77.4916389
Delhi NCR,Bharatpur City,,,Bharatpur,Rajasthan,27.2155278,77.4931389
Delhi NCR,Arya Nagar SO,,,Ghaziabad,Uttar Pradesh,28.654442,77.432188
Delhi NCR,Ashok Nagar SO,,,Ghaziabad,Uttar Pradesh,28.661389,77.445098
Delhi NCR,Chandra Nagar SO,,,Ghaziabad,Uttar Pradesh,28.664917,77.330289
Delhi NCR,Dhaulana SO,,,Hapur,Uttar Pradesh,28.632433,77.650749
Delhi NCR,Hindon Nagar SO,,,Ghaziabad,Uttar Pradesh,28.6845278,77.52475
Delhi NCR,Loni SO,,,Ghaziabad,Uttar Pradesh,28.7493611,77.2861111
Delhi NCR,Model Town SO,,,Ghaziabad,Uttar Pradesh,28.651964,77.436632
Delhi NCR,Pilkhuwa  SO,,,Hapur,Uttar Pradesh,28.6681111,77.4284722
Delhi NCR,Tronica City SO,,,Ghaziabad,Uttar Pradesh,28.7803611,77.2674722
Delhi NCR,Vijay Nagar SO,,,Ghaziabad,Uttar Pradesh,28.6845277,77.4284722
Delhi NCR,Crossings Republik SO,,,Ghaziabad,Uttar Pradesh,28.629409,77.432905
Delhi NCR,Shastri Nagar SO,,,Ghaziabad,Uttar Pradesh,28.6681111,77.4284722
Delhi NCR,Hapur Mandi SO,,,Hapur,Uttar Pradesh,28.6681111,77.4284722
Delhi NCR,Kishanganj Hapur SO,,,Hapur,Uttar Pradesh,28.728485,77.786614
Punjab,Anand Pur Sahib SO,,,Rupnagar,Punjab,31.23625,76.4968611
Punjab,Fertilizer Factory Nangal SO,,,Rupnagar,Punjab,31.3818889,76.3603611
Punjab,Nangal Township SO,,,Rupnagar,Punjab,31.3945,76.3719167
Punjab,Mullanpur SO,,,S.A.S Nagar,Punjab,30.8009722,76.7428611
Delhi NCR,Kotkassim,,,Alwar,Rajasthan,28.0301389,76.7190278
Delhi NCR,Matasya Ind. Area,,,Alwar,Rajasthan,27.5164167,76.6770278
Delhi NCR,Mauj Pur,,,Alwar,Rajasthan,27.0255278,76.8675
Delhi NCR,Sectt. Alwar,,,Alwar,Rajasthan,27.5681333,76.5943833
Punjab,Nuhon Colony Ropar SO,,,Rupnagar,Punjab,30.0321388,76.5780833
Punjab,Thermal Plant Colony Ropar SO,,,Rupnagar,Punjab,30.9432222,76.5350278
Delhi NCR,Mawana Factory SO,,,Meerut,Uttar Pradesh,29.0937222,77.9237222
Delhi NCR,Mawana Tehsil SO,,,Meerut,Uttar Pradesh,29.11,77.92
Delhi NCR,Meerut Kutchery SO,,,Meerut,Uttar Pradesh,28.9886,77.718
Delhi NCR,Meerut University SO,,,Meerut,Uttar Pradesh,28.9690278,77.7400556
Delhi NCR,Sakoti Tanda SO,,,Meerut,Uttar Pradesh,29.1913333,77.7168333
Delhi NCR,Shastri Nagar SO Meerut,,,Meerut,Uttar Pradesh,28.95,77.73
Delhi NCR,Banker Street SO,,,Meerut,Uttar Pradesh,28.99,77.69
Delhi NCR,Budhana Gate SO,,,Meerut,Uttar Pradesh,28.98,77.71
Delhi NCR,Kaiser Ganj SO,,,Meerut,Uttar Pradesh,28.98,77.69
Delhi NCR,Tapukara,,,Alwar,Rajasthan,28.2108056,76.8439167
Delhi NCR,Thanagazi,,,Alwar,Rajasthan,27.4005833,76.3171111
Delhi NCR,Bansur,,,Alwar,Rajasthan,27.6832778,76.3520556
Delhi NCR,Harsora,,,Alwar,Rajasthan,27.8618611,76.5531111
Delhi NCR,Jakhrana,,,Alwar,Rajasthan,28.0054167,76.2024167
Delhi NCR,Majari Kalan,,,Alwar,Rajasthan,27.9947222,76.3248333
Delhi NCR,Shahjahanpur,,,Alwar,Rajasthan,27.9967778,76.4490556
Delhi NCR,Kherli,,,Alwar,Rajasthan,27.2043611,77.03875
Delhi NCR,MOTIDOONGRI,,,Alwar,Rajasthan,27.5525,76.6102778
Delhi NCR,Narainpur S.O (Alwar),,,Alwar,Rajasthan,27.5613889,76.6122222
Delhi NCR,R.H.B. Bhiwari,,,Alwar,Rajasthan,28.2119167,76.8533611
Delhi NCR,Hnuman circle Alwar,,,Alwar,Rajasthan,27.581332,76.632607
Delhi NCR,Tehla,,,Alwar,Rajasthan,27.2336667,76.4085556
Delhi NCR,Bahror Jat,,,Alwar,Rajasthan,27.9515,76.4318889
Delhi NCR,Karni Kot,,,Alwar,Rajasthan,27.30575,75.1758611
Delhi NCR,Khairthal,,,Alwar,Rajasthan,27.8018056,76.6422222
Delhi NCR,Neemrana,,,Alwar,Rajasthan,27.9908056,76.4194167
Delhi NCR,Meerut Tehsil SO,,,Meerut,Uttar Pradesh,28.9756389,77.7073333
Delhi NCR,Kanker Khera SO,,,Meerut,Uttar Pradesh,29.0215556,77.6778333
Delhi NCR,L L R M Medcollege SO,,,Meerut,Uttar Pradesh,28.9605,77.7529
Delhi NCR,Mawana SO,,,Meerut,Uttar Pradesh,29.1032,77.9167
Delhi NCR,Parikshitgarh SO,,,Meerut,Uttar Pradesh,29.470211,77.68509
Delhi NCR,NDC Noida,,,Gautam Buddha Nagar,Uttar Pradesh,28.5787,77.3134
Delhi NCR,Chikamberpur SO,,,Ghaziabad,Uttar Pradesh,28.677412,77.325981
Delhi NCR,Ghaziabad City SO,,,Ghaziabad,Uttar Pradesh,28.669156,77.453758
Delhi NCR,Govindpuram SO,,,Ghaziabad,Uttar Pradesh,28.6837778,77.4854167
Delhi NCR,New Market Pilkhauwa SO,,,Hapur,Uttar Pradesh,28.7149167,77.6545833
Delhi NCR,Barla SO,,,Muzaffarnagar,Uttar Pradesh,29.6105,77.78985
Delhi NCR,Beghrajpur SO,,,Muzaffarnagar,Uttar Pradesh,29.52556,77.74222
Delhi NCR,New Raj Nagar SO,,,Ghaziabad,Uttar Pradesh,28.6741667,77.4470833
Delhi NCR,Police Line Harsaon SO,,,Ghaziabad,Uttar Pradesh,28.6765833,77.4808611
Delhi NCR,Raj Nagar Extension SO,,,Ghaziabad,Uttar Pradesh,28.6681111,77.4284722
Delhi NCR,Vasundhra SO,,,Ghaziabad,Uttar Pradesh,28.6532778,77.3566944
Delhi NCR,RAKNPA SO,,,Ghaziabad,Uttar Pradesh,28.6681111,77.4284722
Delhi NCR,Bharat Nagar SO,,,Ghaziabad,Uttar Pradesh,28.669156,77.453758
Delhi NCR,Hindon Air Field SO,,,Ghaziabad,Uttar Pradesh,28.6920556,77.4503333
Delhi NCR,Meerut Road SO,,,Ghaziabad,Uttar Pradesh,28.6829167,77.4140556
Delhi NCR,Nehru Nagar SO,,,Ghaziabad,Uttar Pradesh,28.6845277,77.52475
Delhi NCR,Shipra Sun City SO,,,Ghaziabad,Uttar Pradesh,28.6681111,77.4284722
Delhi NCR,Khora SO,,,Ghaziabad,Uttar Pradesh,28.6845277,77.4459166
Delhi NCR,Chhipi Tank SO,,,Meerut,Uttar Pradesh,29.9853,77.707
Delhi NCR,Kabari Bazar SO,,,Meerut,Uttar Pradesh,28.9750833,77.6979444
Delhi NCR,Kharkhauda SO,,,Meerut,Uttar Pradesh,28.8351,77.74138
Punjab,Ludhiana Kty SO,,,Ludhiana,Punjab,30.9164444,75.8450556
Punjab,Moti Nagar SO,,,Ludhiana,Punjab,30.8975666,75.8875416
Punjab,Mundian Kalan SO,,,Ludhiana,Punjab,30.895225,75.9295
Punjab,Netaji Nagar SO Ludhiana,,,Ludhiana,Punjab,30.94,75.83
Delhi NCR,"Machari Chowk,rajgarh",,,Alwar,Rajasthan,27.2323333,76.6167778
Delhi NCR,Malakhera Gate Alwar,,,Alwar,Rajasthan,27.5627777,76.5970277
Delhi NCR,Pratap Garh S.O (Alwar),,,Alwar,Rajasthan,27.5613889,76.6122222
Delhi NCR,Railway Station Alwar,,,Alwar,Rajasthan,27.5590527,76.6204888
Delhi NCR,Rajgarh (Alwar),,,Alwar,Rajasthan,27.5613889,76.6122222
Delhi NCR,Rajpur S.O (Alwar),,,Alwar,Rajasthan,27.5613889,76.6122222
Delhi NCR,Reni,,,Alwar,Rajasthan,27.1869444,76.7398056
Delhi NCR,Shivajee Park Alwar,,,Alwar,Rajasthan,27.2128056,77.5079167
Delhi NCR,Harsauli,,,Alwar,Rajasthan,27.8657222,76.6299444
Delhi NCR,Mandhan,,,Alwar,Rajasthan,28.1079444,76.3781944
Delhi NCR,Delhi Gate Alwar,,,Alwar,Rajasthan,27.5701944,76.6023611
Punjab,Hathur SO,,,Ludhiana,Punjab,30.6020555,75.4294444
Punjab,Jagraon Tehsil SO,,,Ludhiana,Punjab,30.8086944,75.4760278
Punjab,Manuke SO,,,Ludhiana,Punjab,30.6756944,75.4573138
Punjab,Pakhowal SO,,,Ludhiana,Punjab,30.7124888,75.7103972
Punjab,Raekot SO,,,Ludhiana,Punjab,30.6509444,75.59975
Punjab,Sowaddi SO,,,Ludhiana,Punjab,30.8680861,75.5842694
Punjab,Gujjarwal SO,,,Ludhiana,Punjab,30.7466666,75.7517222
Punjab,Issru SO,,,Ludhiana,Punjab,30.6692778,76.1105556
Punjab,Katani Kalan SO,,,Ludhiana,Punjab,30.8454722,75.0796666
Punjab,Kila Raipur SO,,,Ludhiana,Punjab,30.7623611,75.8213055
Punjab,Samrala City SO,,,Ludhiana,Punjab,30.2547388,76.18795
Punjab,Samrala SO,,,Ludhiana,Punjab,30.9688056,75.1906111
Punjab,Sri Bhaini Sahib SO,,,Ludhiana,Punjab,30.8709472,76.0686666
Delhi NCR,Charthawal SO,,,Muzaffarnagar,Uttar Pradesh,29.3249,77.3532
Delhi NCR,Dhimanpura SO,,,Shamli,Uttar Pradesh,29.451412,77.31472
Delhi NCR,Gandhi Colony SO,,,Muzaffarnagar,Uttar Pradesh,29.48019,77.71066
Delhi NCR,Jalalabad SO Muzaffarnagar,,,Shamli,Uttar Pradesh,29.473071,77.707742
Delhi NCR,Morna SO,,,Muzaffarnagar,Uttar Pradesh,29.20444,78.44556
Delhi NCR,Muzaffar Nagar City SO,,,Muzaffarnagar,Uttar Pradesh,29.473071,77.707742
Delhi NCR,Gopalgarh BTP,,,Bharatpur,Rajasthan,27.2226389,77.4984722
Delhi NCR,Kumhergate BTP,,,Bharatpur,Rajasthan,27.2186111,77.4845
Delhi NCR,Pichuna,,,Bharatpur,Rajasthan,27.0811389,77.3740833
Delhi NCR,Ballabhgarh,,,Bharatpur,Rajasthan,27.2956111,77.29525
Delhi NCR,Jurhera,,,Bharatpur,Rajasthan,27.7820556,77.20925
Delhi NCR,Kamanlsg,,,Bharatpur,Rajasthan,27.6528611,77.2706389
Delhi NCR,Nadbai Town,,,Bharatpur,Rajasthan,27.2174722,77.1966389
Delhi NCR,Nagar S.O (Bharatpur),,,Bharatpur,Rajasthan,27.2235,77.4916389
Punjab,Gurbax Colony SO,,,Patiala,Punjab,30.3414444,76.4133889
Delhi NCR,Pathena,,,Bharatpur,Rajasthan,27.1451111,77.0153056
Delhi NCR,IESahibabad SO,,,Ghaziabad,Uttar Pradesh,28.6689167,77.3529167
Delhi NCR,Kamla Nehru Nagar SO,,,Ghaziabad,Uttar Pradesh,28.6798056,77.4603611
Delhi NCR,Kaushambi SO,,,Ghaziabad,Uttar Pradesh,28.6399722,77.32975
Delhi NCR,Kavi Nagar SO,,,Ghaziabad,Uttar Pradesh,28.6666667,77.4459167
Delhi NCR,Mohan Nagar SO,,,Ghaziabad,Uttar Pradesh,28.6681111,77.4284722
Delhi NCR,Murad Nagar Bazar SO,,,Ghaziabad,Uttar Pradesh,28.7836944,77.4992778
Delhi NCR,Murad Nagar SO,,,Ghaziabad,Uttar Pradesh,28.6681111,77.4284722
Delhi NCR,Ramte Ram Road SO,,,Ghaziabad,Uttar Pradesh,28.6606389,77.4323333
Delhi NCR,Sahibabad SO,,,Ghaziabad,Uttar Pradesh,28.6760556,77.3689167
Delhi NCR,Vivekanand Nagar SO,,,Ghaziabad,Uttar Pradesh,28.6681111,77.4284722
Delhi NCR,Bhopura SO,,,Ghaziabad,Uttar Pradesh,28.70062,77.328853
Delhi NCR,Vaishali SO,,,Ghaziabad,Uttar Pradesh,28.6681111,77.4284722
Delhi NCR,Abhay Khand 03 SO,,,Ghaziabad,Uttar Pradesh,28.63408,77.345364
Delhi NCR,Nai Abadi Budhana SO,,,Muzaffarnagar,Uttar Pradesh,29.288023,77.46812
Delhi NCR,Navin Mandi Sthal SO,,,Muzaffarnagar,Uttar Pradesh,29.466279,77.722985
Delhi NCR,Purkazi SO,,,Muzaffarnagar,Uttar Pradesh,29.65853,77.84413
Delhi NCR,Shahpur Muzaffarnagar SO,,,Muzaffarnagar,Uttar Pradesh,29.473071,77.707742
Delhi NCR,Shamli Road SO,,,Muzaffarnagar,Uttar Pradesh,29.47591,77.68916
Delhi NCR,Shamli SO,,,Shamli,Uttar Pradesh,29.4524444,77.3145833
Delhi NCR,Tehsil Jansath SO,,,Muzaffarnagar,Uttar Pradesh,29.1918,77.505
Delhi NCR,Thanabhawan SO,,,Shamli,Uttar Pradesh,29.3509,77.2456
Delhi NCR,Un SO Muzaffarnagar,,,Shamli,Uttar Pradesh,29.473071,77.707742
Delhi NCR,Babri SO,,,Shamli,Uttar Pradesh,29.473071,77.707742
Delhi NCR,Industrial Estate SO Muzaffarnagar,,,Muzaffarnagar,Uttar Pradesh,29.473071,77.707742
Delhi NCR,Jhinjhana SO,,,Shamli,Uttar Pradesh,29.473071,77.707742
Delhi NCR,Kandhala SO,,,Shamli,Uttar Pradesh,29.473071,77.707742
Delhi NCR,Khala Par SO,,,Muzaffarnagar,Uttar Pradesh,29.467958,77.692789
Delhi NCR,Miranpur SO,,,Muzaffarnagar,Uttar Pradesh,29.2914722,77.9485278
Punjab,Shivpuri SO Ludhiana,,,Ludhiana,Punjab,30.92,75.86
Delhi NCR,Babugarh SO,,,Hapur,Uttar Pradesh,28.7231111,77.8455278
Delhi NCR,Modi Nagar SO,,,Ghaziabad,Uttar Pradesh,28.838299,77.581055
Punjab,Ajnala SO,,,Amritsar,Punjab,31.84,74.76
Delhi NCR,Kishanpura SO Meerut,,,Meerut,Uttar Pradesh,28.97,77.67
Delhi NCR,Rasulpur Rohta SO,,,Meerut,Uttar Pradesh,29.0382,77.54433
Punjab,Panj Grain Kalan SO,,,Faridkot,Punjab,30.666212,74.740482
Punjab,Bhaika Khera SO,,,Sri Muktsar Sahib,Punjab,30.666212,74.740482
Punjab,Doda SO Muktsar,,,Sri Muktsar Sahib,Punjab,30.666212,74.740482
Punjab,Malout SO,,,Sri Muktsar Sahib,Punjab,30.666212,74.740482
Delhi NCR,Pahari S.O (Bharatpur),,,Bharatpur,Rajasthan,27.2235,77.4916389
Punjab,CR Malerkotla SO,,,Sangrur,Punjab,30.5232778,75.8855556
Punjab,Gaga Road SO,,,Sangrur,Punjab,29.942959,75.801096
Punjab,H R Sangrur SO,,,Sangrur,Punjab,30.2422827,75.8077662
Punjab,Lehragaga SO,,,Sangrur,Punjab,29.9386667,75.8113333
Punjab,Sunam City SO,,,Sangrur,Punjab,30.1296944,75.7973889
Punjab,Cheema SO,,,Sangrur,Punjab,30.0990278,75.68125
Punjab,Chhajli SO,,,Sangrur,Punjab,30.0357222,75.8264444
Punjab,Dhuri SO,,,Sangrur,Punjab,30.3723333,75.8661667
Punjab,Dirba SO,,,Sangrur,Punjab,30.0626667,75.9894167
Punjab,Ladda SO,,,Sangrur,Punjab,30.3144444,75.8206944
Punjab,N G M Sangrur SO,,,Sangrur,Punjab,30.2416667,75.8326667
Punjab,Pakki Khanauri SO,,,Sangrur,Punjab,29.8369444,76.1089167
Punjab,Sangrur Kty SO,,,Sangrur,Punjab,30.2471944,75.84575
Punjab,Sherpur SO,,,Sangrur,Punjab,30.44125,75.7048889
Punjab,Sliet Longowal SO,,,Sangrur,Punjab,30.2160277,75.7015
Punjab,Chogawan SO,,,Amritsar,Punjab,31.7,74.66
Punjab,Durgiana Mandir SO,,,Amritsar,Punjab,31.63,74.87
Delhi NCR,Shamli Mandi SO,,,Shamli,Uttar Pradesh,29.46098,77.310322
Delhi NCR,Sisauli SO,,,Muzaffarnagar,Uttar Pradesh,29.473071,77.707742
Delhi NCR,South Civil  Lines SO,,,Muzaffarnagar,Uttar Pradesh,29.467263,77.703027
Delhi NCR,Alipur Kheri SO,,,Muzaffarnagar,Uttar Pradesh,29.2714,77.4821
Delhi NCR,Anandpuri SO Muzaffarnagar,,,Muzaffarnagar,Uttar Pradesh,29.483064,77.697356
Delhi NCR,Bara Bazar Shamli SO,,,Shamli,Uttar Pradesh,29.450022,77.307096
Delhi NCR,Bhopa SO,,,Muzaffarnagar,Uttar Pradesh,29.473071,77.707742
Delhi NCR,Brahmpuri SO,,,Muzaffarnagar,Uttar Pradesh,29.478198,77.4956
Delhi NCR,Ganga Ram Pura SO,,,Muzaffarnagar,Uttar Pradesh,29.478533,77.698393
Delhi NCR,Jansath SO,,,Muzaffarnagar,Uttar Pradesh,29.3266111,77.8483889
Delhi NCR,Kairana SO,,,Shamli,Uttar Pradesh,28.2486389,77.8548056
Delhi NCR,Khatauli Bazar SO,,,Muzaffarnagar,Uttar Pradesh,29.2775,77.73222
Delhi NCR,Kutchery Mzn SO,,,Muzaffarnagar,Uttar Pradesh,29.4716389,77.7021667
Delhi NCR,Rohana Mills SO,,,Muzaffarnagar,Uttar Pradesh,29.57137,77.6881
Punjab,Fatehpur Rajputan SO,,,Amritsar,Punjab,31.64,75
Punjab,Golden Temple SO,,,Amritsar,Punjab,31.62,74.88
Punjab,Guru Nanak Dev University SO,,,Amritsar,Punjab,31.63,74.83
Punjab,Kangra Colony SO,,,Amritsar,Punjab,31.64,74.89
Delhi NCR,Sec41 Noida SO,,,Gautam Buddha Nagar,Uttar Pradesh,26.5124,77.85946
Delhi NCR,CRPF Greater Noida SO,,,Gautam Buddha Nagar,Uttar Pradesh,28.5308,77.4599
Punjab,Katra Karam Singh SO,,,Amritsar,Punjab,31.61,74.87
Punjab,Ramdass SO,,,Amritsar,Punjab,31.97,74.91
Punjab,Sultan Wind Gate SO,,,Amritsar,Punjab,31.62,74.88
Punjab,Verka SO,,,Amritsar,Punjab,31.67,74.93
Punjab,Bundala SO Amritsar,,,Amritsar,Punjab,31.53,74.98
Punjab,Amritsar Kty SO,,,Amritsar,Punjab,31.638561,74.882557
Punjab,Attari SO,,,Amritsar,Punjab,31.6,74.61
Punjab,Beas SO,,,Amritsar,Punjab,31.52,75.29
Punjab,Chamiari SO,,,Amritsar,Punjab,31.86,74.82
Punjab,Chowk Rattan Singh SO,,,Amritsar,Punjab,31.66,74.87
Punjab,Fatahpur SO,,,Amritsar,Punjab,31.638561,74.882557
Punjab,Kathunangal SO,,,Amritsar,Punjab,31.72,75.03
Punjab,Khalsa College SO,,,Amritsar,Punjab,31.63,74.84
Punjab,Lawrence Road SO,,,Amritsar,Punjab,31.638561,74.882557
Punjab,Majith Mandi SO,,,Amritsar,Punjab,31.62,74.87
Punjab,Medical College SO Amritsar,,,Amritsar,Punjab,31.65,74.88
Punjab,Nawan Kot SO,,,Amritsar,Punjab,31.61,74.87
Punjab,Rayya SO,,,Amritsar,Punjab,31.54,75.23
Punjab,Patran SO,,,Patiala,Punjab,29.9560278,76.05
Punjab,Tripri SO,,,Patiala,Punjab,30.3588889,76.3919444
Punjab,University SO,,,Patiala,Punjab,30.3600278,76.4541667
Punjab,KSM Rajpura SO,,,Patiala,Punjab,30.4716389,76.0955556
Punjab,Fatehabad SO Amritsar,,,Tarn Taran,Punjab,31.38,75.1
Punjab,Khadoor Sahib SO,,,Tarn Taran,Punjab,31.457758,74.918607
Punjab,Khem Karan SO,,,Tarn Taran,Punjab,31.14,74.56
Punjab,Naushehra Pannuan SO,,,Tarn Taran,Punjab,31.34,74.95
Punjab,Patti SO Tarn Taran,,,Tarn Taran,Punjab,31.28,74.95
Delhi NCR,Shiv Nadar University SO,,,Gautam Buddha Nagar,Uttar Pradesh,28.525753,77.574452
Delhi NCR,Sec 01 Greater Noida SO,,,Gautam Buddha Nagar,Uttar Pradesh,28.6681111,77.4284722
Punjab,Ragho Majra Patiala SO,,,Patiala,Punjab,30.3180278,76.3956667
Punjab,Samana SO,,,Patiala,Punjab,30.15475,76.2014722
Punjab,Nodal Delivery Center (Parcel)  Patiala,,,Patiala,Punjab,30.334,76.386
Punjab,Ghanaur SO,,,Patiala,Punjab,30.3319444,76.6113611
Punjab,Manakpur SO,,,Patiala,Punjab,30.0950556,76.1320833
Punjab,Dhotian SO,,,Tarn Taran,Punjab,31.38,75
Punjab,Harike SO,,,Tarn Taran,Punjab,31.17,74.94
Punjab,Vairowal SO,,,Tarn Taran,Punjab,31.42,75.17
Punjab,Barnala SO,,,Barnala,Punjab,30.3745833,75.5500556
Punjab,Handiaya SO,,,Barnala,Punjab,30.3310555,75.5063055
Punjab,Mehal Kalan SO,,,Barnala,Punjab,30.5316388,75.5669194
Punjab,Vijaya Nagar SO,,,Amritsar,Punjab,31.638561,74.882557
Punjab,Jandiala Guru SO,,,Amritsar,Punjab,31.56,75.03
Punjab,Bhawanigarh SO,,,Sangrur,Punjab,30.26406,76.037095
Punjab,IA Malerkotla SO,,,Sangrur,Punjab,30.52925,76.8663888
Punjab,Mini Secteriate Sangrur SO,,,Sangrur,Punjab,30.2473889,75.8388611
Punjab,Sr Dhuri SO,,,Sangrur,Punjab,30.3754167,75.8557778
Punjab,Sunam SO,,,Sangrur,Punjab,30.1273056,75.8069167
Punjab,Ahmedgarh sO,,,Malerkotla,Punjab,30.6914722,75.8301111
Punjab,Bhadaur SO Sangrur,,,Barnala,Punjab,30.3236388,75.9453611
Punjab,Longowal SO,,,Barnala,Punjab,30.1961944,75.68175
Delhi NCR,Alwar Bus Stand,,,Alwar,Rajasthan,27.5596389,76.6019722
Delhi NCR,Bahadurpur,,,Alwar,Rajasthan,26.3894167,77.0206389
Delhi NCR,Barodameo,,,Alwar,Rajasthan,27.484,76.8674444
Delhi NCR,Dhigawara,,,Alwar,Rajasthan,27.2991944,76.6246667
Delhi NCR,Garhi Sawai Ram,,,Alwar,Rajasthan,27.3860278,76.8698611
Delhi NCR,Govind Garh Alwar,,,Alwar,Rajasthan,27.5044722,77.0005556
Punjab,Mandi Killianwali SO,,,Sri Muktsar Sahib,Punjab,30.666212,74.740482
Punjab,Baja Khana SO,,,Faridkot,Punjab,30.666212,74.740482
Punjab,Faridkot Mandi SO,,,Faridkot,Punjab,30.666212,74.740482
Punjab,Kotkapura SO,,,Faridkot,Punjab,30.666212,74.740482
Delhi NCR,Aryanagar Alwar,,,Alwar,Rajasthan,27.5700833,76.6095556
Delhi NCR,Bhiwari Ind. Area. Alwar,,,Alwar,Rajasthan,28.2171667,76.8646944
Punjab,Bareta SO,,,Mansa,Punjab,30.160259,74.891122
Punjab,Distt Couts Mansa SO,,,Mansa,Punjab,30.160259,74.891122
Punjab,Ind Estate Bathinda SO,,,Bathinda,Punjab,30.160259,74.891122
Punjab,Phul SO,,,Bathinda,Punjab,30.160259,74.891122
Punjab,Raman SO,,,Bathinda,Punjab,30.160259,74.891122
Punjab,Rampura Phul SO,,,Bathinda,Punjab,30.160259,74.891122
Delhi NCR,MIET SO,,,Meerut,Uttar Pradesh,28.9737222,77.6411111
Delhi NCR,Ramlila Ground SO,,,Meerut,Uttar Pradesh,28.96,77.69
Delhi NCR,Suraj Kund Road SO,,,Meerut,Uttar Pradesh,28.98,77.71
Delhi NCR,Khekra SO,,,Baghpat,Uttar Pradesh,28.8669167,77.2820833
Delhi NCR,Rly Road Khekra SO,,,Baghpat,Uttar Pradesh,29.0688,77.62299
Punjab,Alamwala SO,,,Sri Muktsar Sahib,Punjab,30.666212,74.740482
Punjab,Bariwala SO,,,Sri Muktsar Sahib,Punjab,30.666212,74.740482
Punjab,Muktsar Kty SO,,,Sri Muktsar Sahib,Punjab,30.666212,74.740482
Punjab,Bathinda City SO,,,Bathinda,Punjab,30.160259,74.891122
Punjab,Bhai Rupa SO,,,Bathinda,Punjab,30.160259,74.891122
Punjab,Bhucho Mandi SO,,,Bathinda,Punjab,30.160259,74.891122
Punjab,Boha SO,,,Mansa,Punjab,30.160259,74.891122
Punjab,Budhlada SO,,,Mansa,Punjab,30.160259,74.891122
Punjab,Ghtp Lehra Mohabbat SO,,,Bathinda,Punjab,30.160259,74.891122
Punjab,Grain Market Mansa SO,,,Mansa,Punjab,30.160259,74.891122
Punjab,Mansa SO Mansa,,,Mansa,Punjab,29.9881428,75.4044667
Punjab,Nathana SO,,,Bathinda,Punjab,30.160259,74.891122
Punjab,Nfl Bathinda SO,,,Bathinda,Punjab,30.160259,74.891122
Punjab,Bhaini Bagha SO,,,Mansa,Punjab,30.160259,74.891122
Punjab,Bhikhi SO,,,Mansa,Punjab,30.160259,74.891122
Punjab,Joga SO,,,Mansa,Punjab,30.160259,74.891122
Punjab,Kamla Nehru Colony Bathinda SO,,,Bathinda,Punjab,30.160259,74.891122
Punjab,Mehraj SO,,,Bathinda,Punjab,30.160259,74.891122
Punjab,Rampura Mandi SO,,,Bathinda,Punjab,30.160259,74.891122
Punjab,Salabatpura SO,,,Bathinda,Punjab,30.160259,74.891122
Punjab,Talwandi Sabo SO,,,Bathinda,Punjab,30.160259,74.891122
Punjab,Mandigobindgarh SO,,,Fatehgarh Sahib,Punjab,30.6665278,76.2788333
Punjab,Sanghol SO,,,Fatehgarh Sahib,Punjab,30.648879,76.390767
Punjab,Police Lines Tarn Taran SO,,,Tarn Taran,Punjab,31.457758,74.918607
Punjab,Mandigobindgarh IT SO,,,Fatehgarh Sahib,Punjab,30.6640833,76.2788333
Punjab,Sirhind SO,,,Fatehgarh Sahib,Punjab,30.6251389,76.3834722
Punjab,Bhari SO,,,Fatehgarh Sahib,Punjab,30.648879,76.390767
Punjab,Khamano Kalan SO,,,Fatehgarh Sahib,Punjab,30.8159722,76.3444722
Punjab,Sirhind City SO,,,Fatehgarh Sahib,Punjab,30.6403611,76.3834166
Punjab,Baba Bakala SO,,,Amritsar,Punjab,31.56,75.27
Punjab,Guru Bazar SO,,,Amritsar,Punjab,31.62,74.87
Punjab,Katra Sher Singh SO,,,Amritsar,Punjab,31.63,74.87
Punjab,Amargarh SO,,,Malerkotla,Punjab,31.12787,76.071825
Punjab,Bagrian SO,,,Malerkotla,Punjab,30.4280277,76.0348333
Punjab,Jitwal Kalan SO,,,Malerkotla,Punjab,30.5893666,75.841875
Punjab,Malerkotla SO,,,Malerkotla,Punjab,30.5289167,75.8787222
Punjab,Ncc Barnala SO,,,Barnala,Punjab,30.3618888,75.5405833
Punjab,Manauli SO,,,S.A.S Nagar,Punjab,30.6431388,75.7233055
Punjab,Sohana SO,,,S.A.S Nagar,Punjab,30.68675,76.6914444
Punjab,Khilchian SO,,,Amritsar,Punjab,31.55,75.17
Punjab,Kot Mit Singh SO,,,Amritsar,Punjab,31.6,74.95
Punjab,Mohan Nagar SO Amritsar,,,Amritsar,Punjab,31.62,74.89
Punjab,Raja Sansi SO,,,Amritsar,Punjab,31.72,74.8
Punjab,Rayon  Silk Mill SO,,,Amritsar,Punjab,31.64,74.86
Punjab,Tarsika SO,,,Amritsar,Punjab,31.64,75.14
Delhi NCR,Mohiuddinpur SO,,,Meerut,Uttar Pradesh,28.8835,77.61867
Delhi NCR,Nadir Ali  Co SO,,,Meerut,Uttar Pradesh,28.98519,77.6998
Delhi NCR,Ramnagar SO Meerut,,,Meerut,Uttar Pradesh,28.97,77.71
Delhi NCR,Sarrafa Bazar SO,,,Meerut,Uttar Pradesh,28.9762,77.69833
Delhi NCR,Shivpuri SO Meerut,,,Meerut,Uttar Pradesh,28.9829,77.70769
Delhi NCR,Thapar Nagar SO,,,Meerut,Uttar Pradesh,28.99,77.7
Delhi NCR,Begum Bagh SO,,,Meerut,Uttar Pradesh,28.9936111,77.7046667
Delhi NCR,Belvedere SO,,,Meerut,Uttar Pradesh,29.0001944,77.7163889
Delhi NCR,CBSardhana SO,,,Meerut,Uttar Pradesh,29.47424,77.71452
Delhi NCR,Dabathwa SO,,,Meerut,Uttar Pradesh,29.08,77.62
Delhi NCR,Ganganagar SO,,,Meerut,Uttar Pradesh,29.00665,77.7482
Delhi NCR,Hastinapur SO,,,Meerut,Uttar Pradesh,28.9779444,77.9266667
Delhi NCR,Machhara SO,,,Meerut,Uttar Pradesh,28.9004,77.89571
Delhi NCR,Modipuram SO,,,Meerut,Uttar Pradesh,29.46402,77.72067
Delhi NCR,P R C SO,,,Meerut,Uttar Pradesh,28.9883,77.66033
Delhi NCR,RABazar SO,,,Meerut,Uttar Pradesh,29.01,77.72
Delhi NCR,Sarurpur Khurd SO,,,Meerut,Uttar Pradesh,29.1343,77.54456
Delhi NCR,Anaj Mandi SO Meerut,,,Meerut,Uttar Pradesh,28.99,77.71
Delhi NCR,Gandhi Ashram SO Meerut,,,Meerut,Uttar Pradesh,28.97,77.72
Delhi NCR,Anahgatebharatpur,,,Bharatpur,Rajasthan,27.21275,77.4866111
Delhi NCR,Jaghina,,,Bharatpur,Rajasthan,27.0338056,77.4431111
Delhi NCR,Kanjoli Line,,,Bharatpur,Rajasthan,27.1569167,77.2924167
Delhi NCR,Chhonkarwara Kalan,,,Bharatpur,Rajasthan,27.3635,77.2899444
Delhi NCR,Kumher,,,Bharatpur,Rajasthan,27.3129722,77.3750278
Punjab,Lutheri SO,,,Rupnagar,Punjab,30.8377222,76.4323611
Punjab,Minisectt Ropar SO,,,Rupnagar,Punjab,30.9812222,76.5196667
Punjab,Pratap Nagar Nangal SO,,,Rupnagar,Punjab,31.35825,76.3816944
Punjab,DUMEWAL SO,,,Rupnagar,Punjab,30.692051,76.69841
Delhi NCR,Ailum SO,,,Shamli,Uttar Pradesh,29.473071,77.707742
Delhi NCR,Baghra SO Muzaffarnagar,,,Muzaffarnagar,Uttar Pradesh,29.473071,77.707742
Delhi NCR,Basera SO,,,Muzaffarnagar,Uttar Pradesh,29.55556,77.85326
Delhi NCR,Bhopa Road SO,,,Muzaffarnagar,Uttar Pradesh,29.474983,77.713991
Delhi NCR,Budhana SO,,,Muzaffarnagar,Uttar Pradesh,29.2870833,77.4765556
Delhi NCR,Ganj Bazar Kandhala SO,,,Shamli,Uttar Pradesh,29.323449,77.299476
Delhi NCR,Ganna Samiti Shamli SO,,,Shamli,Uttar Pradesh,29.443661,77.312714
Delhi NCR,Khatauli SO,,,Muzaffarnagar,Uttar Pradesh,29.2765833,77.7326944
Delhi NCR,Laddhawala SO,,,Muzaffarnagar,Uttar Pradesh,29.477338,77.688355
Delhi NCR,Mansurpur SO,,,Muzaffarnagar,Uttar Pradesh,29.473071,77.707742
Delhi NCR,Prempuri SO,,,Muzaffarnagar,Uttar Pradesh,29.469411,77.684614
Delhi NCR,Rampuram SO,,,Muzaffarnagar,Uttar Pradesh,29.45667,77.69528
Delhi NCR,Ramraj SO,,,Muzaffarnagar,Uttar Pradesh,29.473071,77.707742
Punjab,Sandhaur SO,,,Malerkotla,Punjab,30.57163,75.740056
Punjab,Sanghera SO,,,Barnala,Punjab,30.400527,75.608711
Delhi NCR,Baghpat SO,,,Baghpat,Uttar Pradesh,28.9446667,77.2148611
Delhi NCR,Binauli SO,,,Baghpat,Uttar Pradesh,29.0946389,77.4051389
Delhi NCR,Dhikauli SO,,,Baghpat,Uttar Pradesh,28.9075278,77.3673889
Delhi NCR,Doghat SO,,,Baghpat,Uttar Pradesh,29.198,77.3666944
Delhi NCR,Tikri SO,,,Baghpat,Uttar Pradesh,29.2307,77.35181
Punjab,Bathinda Cantt SO,,,Bathinda,Punjab,30.160259,74.891122
Punjab,Bhagta Bhai SO,,,Bathinda,Punjab,30.160259,74.891122
Punjab,Gndtp Bathinda SO,,,Bathinda,Punjab,30.160259,74.891122
Punjab,Goniana Mandi SO,,,Bathinda,Punjab,30.160259,74.891122
Punjab,Jhunir SO,,,Mansa,Punjab,30.160259,74.891122
Punjab,Maur Mandi SO,,,Bathinda,Punjab,30.160259,74.891122
Punjab,Nai Basti Bathinda SO,,,Bathinda,Punjab,30.160259,74.891122
Punjab,Railway Colony SO Bathinda,,,Bathinda,Punjab,30.160259,74.891122
Punjab,Sangat SO,,,Bathinda,Punjab,30.160259,74.891122
Punjab,Sardulgarh SO,,,Mansa,Punjab,30.160259,74.891122
Punjab,MRSTU Bathinda,,,Bathinda,Punjab,30.1729,74.9249
Punjab,NDC Bathinda,,,Bathinda,Punjab,30.2046,74.949
Punjab,Bhalwan SO,,,Sangrur,Punjab,30.3236388,75.9453611
Punjab,Moonak SO,,,Sangrur,Punjab,29.8201944,75.8898333
Punjab,Sunam Kty,,,Sangrur,Punjab,30.1939,75.847
Punjab,Gidderbaha SO,,,Sri Muktsar Sahib,Punjab,30.666212,74.740482
Punjab,Lambi SO,,,Sri Muktsar Sahib,Punjab,30.666212,74.740482
Punjab,Muktsar SO,,,Sri Muktsar Sahib,Punjab,30.666212,74.740482
Delhi NCR,Abulane SO,,,Meerut,Uttar Pradesh,28.9955278,77.6985278
Punjab,New Lal Bagh Colony SO,,,Patiala,Punjab,30.3255833,76.38525
Punjab,Patiala City SO,,,Patiala,Punjab,31.3246944,76.4062778
Punjab,Sanaur SO,,,Patiala,Punjab,30.3038056,76.4567222
Punjab,Urban Estate SO,,,Patiala,Punjab,30.34,76.43
Punjab,RGNUL Punjab Patiala SO,,,Patiala,Punjab,30.33,76.38
Punjab,NSNIS PATIALA SO,,,Patiala,Punjab,31.31,76.39
Punjab,Banur SO,,,S.A.S Nagar,Punjab,30.5540556,76.6666944
Punjab,IFP Rajpura SO,,,Patiala,Punjab,30.4888056,76.1030278
Punjab,Goindwal SO,,,Tarn Taran,Punjab,31.37,75.14
Punjab,Kairon SO,,,Tarn Taran,Punjab,31.33,74.87
Punjab,Sur Singh SO,,,Tarn Taran,Punjab,31.4,74.72
Punjab,Bargari SO,,,Faridkot,Punjab,30.666212,74.740482
Punjab,Harindra Nagar Faridkot SO,,,Faridkot,Punjab,30.666212,74.740482
Punjab,Jaitu SO,,,Faridkot,Punjab,30.666212,74.740482
Punjab,Barnala Kty SO,,,Barnala,Punjab,30.3783889,75.54775
Punjab,Dhanaula SO,,,Barnala,Punjab,30.2811388,75.5778611
Punjab,Shaina SO,,,Barnala,Punjab,30.4215361,75.3804916
Punjab,Tallewal SO,,,Barnala,Punjab,30.4920755,75.4124722
Punjab,Tapa SO,,,Barnala,Punjab,30.2046666,74.9488611
Punjab,Attari Rd Check Post SO,,,Amritsar,Punjab,32,75.23
Punjab,Basti Ram Dhab SO,,,Amritsar,Punjab,31.61,74.87
Punjab,Butala SO,,,Amritsar,Punjab,31.61,75.23
Punjab,Chawinda Devi SO,,,Amritsar,Punjab,31.72,75.06
Punjab,Chetanpura SO,,,Amritsar,Punjab,31.77,74.09
Punjab,Chheharta SO,,,Amritsar,Punjab,31.63,74.8
Punjab,DBJSingh SO,,,Amritsar,Punjab,31.54,75.32
Punjab,TIET SO,,,Patiala,Punjab,30.3528611,76.3703889
Punjab,Rajpura Township SO,,,Patiala,Punjab,30.4751944,76.5849167
Punjab,Shambhu SO,,,Patiala,Punjab,30.4366111,76.6833333
Punjab,Bhikhiwind SO,,,Tarn Taran,Punjab,31.35,74.69
Punjab,Chabhal SO,,,Tarn Taran,Punjab,31.48,74.79
Punjab,Chohla Sahib SO,,,Tarn Taran,Punjab,31.457758,74.918607
Punjab,Kacha Pacca SO,,,Tarn Taran,Punjab,31.457758,74.918607
Punjab,Kang SO,,,Tarn Taran,Punjab,31.46,75.03
Punjab,Khalra SO,,,Tarn Taran,Punjab,31.4,74.62
Punjab,Sarai Amant Khan SO,,,Tarn Taran,Punjab,31.51,74.69
Punjab,Sarhali SO Tarn Taran,,,Tarn Taran,Punjab,31.28,74.94
Punjab,Bassi SO,,,Fatehgarh Sahib,Punjab,30.648879,76.390767
Punjab,Fatehgarh Sahib SO,,,Fatehgarh Sahib,Punjab,30.6480833,76.39275
Punjab,RR Sirhind SO,,,Fatehgarh Sahib,Punjab,30.6159166,76.3771388
Punjab,Sangatpur Sodhian SO,,,Fatehgarh Sahib,Punjab,30.572,76.3585555
Punjab,Chunni Kalan SO,,,Fatehgarh Sahib,Punjab,30.65,76.56
Delhi NCR,Khazuri Bass,,,Alwar,Rajasthan,27.5149722,76.8449722
Delhi NCR,Kishan Garh Bass,,,Alwar,Rajasthan,27.8168889,76.7285278
Delhi NCR,Laxman Garh,,,Alwar,Rajasthan,27.3624167,76.8550278
Delhi NCR,Malakhera,,,Alwar,Rajasthan,27.3879722,76.6274722
Delhi NCR,Nogaon,,,Alwar,Rajasthan,27.6621389,76.8866944
Delhi NCR,Ramgarh S.O (Alwar),,,Alwar,Rajasthan,27.5613889,76.6122222
Delhi NCR,Ronijathan,,,Alwar,Rajasthan,27.4038889,77.0359167
Delhi NCR,Tripoliya Alwar,,,Alwar,Rajasthan,27.5666667,76.6019444
Delhi NCR,Vijay Mandir,,,Alwar,Rajasthan,27.5613889,76.6122222
Delhi NCR,Ajerka,,,Alwar,Rajasthan,27.5106667,76.3839167
Delhi NCR,Gandala,,,Alwar,Rajasthan,27.9689722,76.3039167
Delhi NCR,Kutina,,,Alwar,Rajasthan,28.0716111,76.4290278
Delhi NCR,Mandawar S.O (Alwar),,,Alwar,Rajasthan,27.5613889,76.6122222
Delhi NCR,Rampur S.O (Alwar),,,Alwar,Rajasthan,27.5613889,76.6122222
Delhi NCR,H.B.Colony Alwar,,,Alwar,Rajasthan,27.5469444,76.6008333
Delhi NCR,Kathumar,,,Alwar,Rajasthan,27.3193056,77.0763611
Punjab,Distillery Khasa SO,,,Amritsar,Punjab,31.62,74.61
Punjab,Gandhi Bazar SO Amritsar,,,Amritsar,Punjab,31.63,74.88
Punjab,Guru Ram Dass Niwas SO,,,Amritsar,Punjab,31.62,74.882557
Punjab,Hide Market SO,,,Amritsar,Punjab,31.63,74.88
Punjab,Hs College SO,,,Amritsar,Punjab,31.62,74.87
Punjab,JFMill SO,,,Amritsar,Punjab,31.638561,74.882557
Punjab,Jandiala RS SO,,,Amritsar,Punjab,31.59,75.05
Punjab,KOT ATMA RAM,,,Amritsar,Punjab,31.61,74.88
Punjab,Majitha SO,,,Amritsar,Punjab,31.76,74.96
Punjab,Mattewal SO,,,Amritsar,Punjab,31.69,75.15
Punjab,Mehta Chowk SO,,,Amritsar,Punjab,31.68,75.26
Punjab,NRL Workshop SO,,,Amritsar,Punjab,31.63,74.85
Punjab,Sathiala SO,,,Amritsar,Punjab,31.58,75.3
Punjab,Sjs Avenue SO,,,Amritsar,Punjab,31.67,74.84
Punjab,Sultanwind SO,,,Amritsar,Punjab,31.638561,74.882557
Punjab,Focal Point SO,,,Amritsar,Punjab,31.62,74.91
Punjab,NODAL DELIVERY OFFICE,,,Amritsar,Punjab,31.63,74.88
Punjab,"Nodal Delivery Centre, Amritsar",,,Amritsar,Punjab,31.6386,74.8826
Delhi NCR,Bamnauli SO,,,Baghpat,Uttar Pradesh,29.1462222,77.3500556
Delhi NCR,Kishanpur Baral SO,,,Baghpat,Uttar Pradesh,29.1888,77.2828
Delhi NCR,Nehru Rd Baraut SO,,,Baghpat,Uttar Pradesh,29.08294,77.21868
Delhi NCR,Sarurpur Kalan SO,,,Baghpat,Uttar Pradesh,29.0295556,77.2331944
Delhi NCR,Agarwal Mandi SO,,,Baghpat,Uttar Pradesh,28.9506944,77.2698889
Delhi NCR,Aminagar Sarai SO,,,Baghpat,Uttar Pradesh,29.2308,77.4613
Delhi NCR,Baoli SO,,,Baghpat,Uttar Pradesh,29.1376111,77.2695833
Delhi NCR,Chhaprauli SO,,,Baghpat,Uttar Pradesh,29.2053,77.1705
Delhi NCR,Gandhi Chowk Baraut SO,,,Baghpat,Uttar Pradesh,29.1006111,77.2626944
Delhi NCR,Nai Mandi Baraut SO,,,Baghpat,Uttar Pradesh,29.1032777,77.2713333
Delhi NCR,Rly Road Meerut SO,,,Meerut,Uttar Pradesh,28.98,77.68
Delhi NCR,SGMandi SO,,,Meerut,Uttar Pradesh,28.9724,77.67536
Delhi NCR,W K Road SO,,,Meerut,Uttar Pradesh,28.99,77.71
